2.508640289306640625e-03
1.618714332580566406e-01
2.032384872436523438e-01
2.363398075103759766e-01
2.812864780426025391e-01
3.284995555877685547e-01
3.869166374206542969e-01
4.356112480163574219e-01
4.990999698638916016e-01
5.512464046478271484e-01
6.119077205657958984e-01
6.605253219604492188e-01
7.208077907562255859e-01
7.695422172546386719e-01
8.327753543853759766e-01
8.829495906829833984e-01
9.450871944427490234e-01
9.931356906890869141e-01
1.056347370147705078e+00
1.105278015136718750e+00
1.152301549911499023e+00
1.213493824005126953e+00
1.263591051101684570e+00
1.325170040130615234e+00
1.377046585083007812e+00
1.437882184982299805e+00
1.490294456481933594e+00
1.552256345748901367e+00
1.599290847778320312e+00
1.660983562469482422e+00
1.712984085083007812e+00
1.780395984649658203e+00
1.823842048645019531e+00
1.885172128677368164e+00
1.936580896377563477e+00
1.999698162078857422e+00
2.047986268997192383e+00
2.110236644744873047e+00
2.162128686904907227e+00
2.222413063049316406e+00
2.271062374114990234e+00
2.333649873733520508e+00
2.385990381240844727e+00
2.450417757034301758e+00
2.500678777694702148e+00
2.559800148010253906e+00
2.608274698257446289e+00
2.668918371200561523e+00
2.719812631607055664e+00
2.788069248199462891e+00
2.835834503173828125e+00
2.893484115600585938e+00
2.945866584777832031e+00
3.006521463394165039e+00
3.055902719497680664e+00
3.117830753326416016e+00
3.172847747802734375e+00
3.230534791946411133e+00
3.283511161804199219e+00
3.341933965682983398e+00
3.391488075256347656e+00
3.453389406204223633e+00
3.506341934204101562e+00
3.565425634384155273e+00
3.615393161773681641e+00
3.680917739868164062e+00
3.733413219451904297e+00
3.790523767471313477e+00
3.842088699340820312e+00
3.908156871795654297e+00
3.953498840332031250e+00
4.014050483703613281e+00
4.064122676849365234e+00
4.123820066452026367e+00
4.175313234329223633e+00
4.236126661300659180e+00
4.290332317352294922e+00
4.352418184280395508e+00
4.402160167694091797e+00
4.463985681533813477e+00
4.513868093490600586e+00
4.573451519012451172e+00
4.623407840728759766e+00
4.685319662094116211e+00
4.733951568603515625e+00
4.796583414077758789e+00
4.844998836517333984e+00
4.908372879028320312e+00
4.961312055587768555e+00
5.021182060241699219e+00
5.076044082641601562e+00
5.137315034866333008e+00
5.187915802001953125e+00
5.232348918914794922e+00
5.292289733886718750e+00
5.342727422714233398e+00
5.405460834503173828e+00
5.453672885894775391e+00
5.517398118972778320e+00
5.566933393478393555e+00
5.630095005035400391e+00
5.680900812149047852e+00
5.741106510162353516e+00
5.790421247482299805e+00
5.852223634719848633e+00
5.903237581253051758e+00
5.965217828750610352e+00
6.015749931335449219e+00
6.080151081085205078e+00
6.131095647811889648e+00
6.192411184310913086e+00
6.241358995437622070e+00
6.300172328948974609e+00
6.349738121032714844e+00
6.413992404937744141e+00
6.468510389328002930e+00
6.524382829666137695e+00
6.575635433197021484e+00
6.636842966079711914e+00
6.688440084457397461e+00
6.749384403228759766e+00
6.798174858093261719e+00
6.860940933227539062e+00
6.910609006881713867e+00
6.973910570144653320e+00
7.024148702621459961e+00
7.088767528533935547e+00
7.135661840438842773e+00
7.198236942291259766e+00
7.249720811843872070e+00
7.308361291885375977e+00
7.360518217086791992e+00
7.422977685928344727e+00
7.472525596618652344e+00
7.532092809677124023e+00
7.581171274185180664e+00
7.643481969833374023e+00
7.695071220397949219e+00
7.756701946258544922e+00
7.806208372116088867e+00
7.868838787078857422e+00
7.920382738113403320e+00
7.981485843658447266e+00
8.032005310058593750e+00
8.091599225997924805e+00
8.146075248718261719e+00
8.205450773239135742e+00
8.257041931152343750e+00
8.315871953964233398e+00
8.365443706512451172e+00
8.430095672607421875e+00
8.482047796249389648e+00
8.542167186737060547e+00
8.593793630599975586e+00
8.653092384338378906e+00
8.700860023498535156e+00
8.763091564178466797e+00
8.812399625778198242e+00
8.880264520645141602e+00
8.932097911834716797e+00
8.989201545715332031e+00
9.038318634033203125e+00
9.108943939208984375e+00
9.153006553649902344e+00
9.213073253631591797e+00
9.264234304428100586e+00
9.312331676483154297e+00
9.373749256134033203e+00
9.424274444580078125e+00
9.487391710281372070e+00
9.536674022674560547e+00
9.602628469467163086e+00
9.652675867080688477e+00
9.708886623382568359e+00
9.758392333984375000e+00
9.821333408355712891e+00
9.868976116180419922e+00
9.934542655944824219e+00
9.982856273651123047e+00
1.004824662208557129e+01
1.009801936149597168e+01
1.016025328636169434e+01
1.021025800704956055e+01
1.026928186416625977e+01
1.031638503074645996e+01
1.037997961044311523e+01
1.043013191223144531e+01
1.049368596076965332e+01
1.054336380958557129e+01
1.061160421371459961e+01
1.066085338592529297e+01
1.071902513504028320e+01
1.076832103729248047e+01
1.083336997032165527e+01
1.088816976547241211e+01
1.094885706901550293e+01
1.099679088592529297e+01
1.105544519424438477e+01
1.110593390464782715e+01
1.116447639465332031e+01
1.121650433540344238e+01
1.127956652641296387e+01
1.132792592048645020e+01
1.138892841339111328e+01
1.144055581092834473e+01
1.150249481201171875e+01
1.155111455917358398e+01
1.161416959762573242e+01
1.166341614723205566e+01
1.172552680969238281e+01
1.177994227409362793e+01
1.183834004402160645e+01
1.189009952545166016e+01
1.195208001136779785e+01
1.200076675415039062e+01
1.206208920478820801e+01
1.211049056053161621e+01
1.217374134063720703e+01
1.222199058532714844e+01
1.228413009643554688e+01
1.233586788177490234e+01
1.239673113822937012e+01
1.244905996322631836e+01
1.250842738151550293e+01
1.255958938598632812e+01
1.262100863456726074e+01
1.284841036796569824e+01
1.289676189422607422e+01
1.308145546913146973e+01
1.312377953529357910e+01
1.318113899230957031e+01
1.323090529441833496e+01
1.329366874694824219e+01
1.334821152687072754e+01
1.340855383872985840e+01
1.345777106285095215e+01
1.350359630584716797e+01
1.356537628173828125e+01
1.361497020721435547e+01
1.367750644683837891e+01
1.373212671279907227e+01
1.379032158851623535e+01
1.384079456329345703e+01
1.390028452873229980e+01
1.395014142990112305e+01
1.401195263862609863e+01
1.406351542472839355e+01
1.412574386596679688e+01
1.417367911338806152e+01
1.423758363723754883e+01
1.428777432441711426e+01
1.435256266593933105e+01
1.440171480178833008e+01
1.446006298065185547e+01
1.451132488250732422e+01
1.457309365272521973e+01
1.462197566032409668e+01
1.468920660018920898e+01
1.473696112632751465e+01
1.479701399803161621e+01
1.484659171104431152e+01
1.490871787071228027e+01
1.495936131477355957e+01
1.502271413803100586e+01
1.507709145545959473e+01
1.513211274147033691e+01
1.518051958084106445e+01
1.524540734291076660e+01
1.529399609565734863e+01
1.535853171348571777e+01
1.540752220153808594e+01
1.546876955032348633e+01
1.551846742630004883e+01
1.558053517341613770e+01
1.563565492630004883e+01
1.569221615791320801e+01
1.574363565444946289e+01
1.580743718147277832e+01
1.585696840286254883e+01
1.591862893104553223e+01
1.596914839744567871e+01
1.602881979942321777e+01
1.607647132873535156e+01
1.614092946052551270e+01
1.619048881530761719e+01
1.625199866294860840e+01
1.630311727523803711e+01
1.636299729347229004e+01
1.641309118270874023e+01
1.647664570808410645e+01
1.652558732032775879e+01
1.658913350105285645e+01
1.663717818260192871e+01
1.670051145553588867e+01
1.675317406654357910e+01
1.681846880912780762e+01
1.686658000946044922e+01
1.692728662490844727e+01
1.697848200798034668e+01
1.703638076782226562e+01
1.708725523948669434e+01
1.714918184280395508e+01
1.719913887977600098e+01
1.725982928276062012e+01
1.731010937690734863e+01
1.737286734580993652e+01
1.742871546745300293e+01
1.748516225814819336e+01
1.753370499610900879e+01
1.758570075035095215e+01
1.764573192596435547e+01
1.769242548942565918e+01
1.775777792930603027e+01
1.781250023841857910e+01
1.787695550918579102e+01
1.792497754096984863e+01
1.798054885864257812e+01
1.803138017654418945e+01
1.809255599975585938e+01
1.814892268180847168e+01
1.820686841011047363e+01
1.825680255889892578e+01
1.831636071205139160e+01
1.836576509475708008e+01
1.843194389343261719e+01
1.848370790481567383e+01
1.854026985168457031e+01
1.858873200416564941e+01
1.865226197242736816e+01
1.870341229438781738e+01
1.876874160766601562e+01
1.882098174095153809e+01
1.887678647041320801e+01
1.892728877067565918e+01
1.899274682998657227e+01
1.903812289237976074e+01
1.910111141204833984e+01
1.915919303894042969e+01
1.921674203872680664e+01
1.926550126075744629e+01
1.932819581031799316e+01
1.937412238121032715e+01
1.943860888481140137e+01
1.948666882514953613e+01
1.954819202423095703e+01
1.959959173202514648e+01
1.989039444923400879e+01
1.994223141670227051e+01
1.999760603904724121e+01
2.005137586593627930e+01
2.011268472671508789e+01
2.016502690315246582e+01
2.022660851478576660e+01
2.027629089355468750e+01
2.033161115646362305e+01
2.038140749931335449e+01
2.044567513465881348e+01
2.049730420112609863e+01
2.056225824356079102e+01
2.061137318611145020e+01
2.067279100418090820e+01
2.072436380386352539e+01
2.079550361633300781e+01
2.084567737579345703e+01
2.090708780288696289e+01
2.094883537292480469e+01
2.100509452819824219e+01
2.105408620834350586e+01
2.111634850502014160e+01
2.116576957702636719e+01
2.122831845283508301e+01
2.127759003639221191e+01
2.134075903892517090e+01
2.139334893226623535e+01
2.145364093780517578e+01
2.151040172576904297e+01
2.156578874588012695e+01
2.161528229713439941e+01
2.166245841979980469e+01
2.172557592391967773e+01
2.177400946617126465e+01
2.183503246307373047e+01
2.188543510437011719e+01
2.195034003257751465e+01
2.199961352348327637e+01
2.206184816360473633e+01
2.211084008216857910e+01
2.217433953285217285e+01
2.222210979461669922e+01
2.228381466865539551e+01
2.233426213264465332e+01
2.240826416015625000e+01
2.245990610122680664e+01
2.251365733146667480e+01
2.256335496902465820e+01
2.262056994438171387e+01
2.266894960403442383e+01
2.273313903808593750e+01
2.278496050834655762e+01
2.284910106658935547e+01
2.289510273933410645e+01
2.295606970787048340e+01
2.300395560264587402e+01
2.306879806518554688e+01
2.312324953079223633e+01
2.319291210174560547e+01
2.324019002914428711e+01
2.329253029823303223e+01
2.334251618385314941e+01
2.340382003784179688e+01
2.345349907875061035e+01
2.351712036132812500e+01
2.356626224517822266e+01
2.363690161705017090e+01
2.368583750724792480e+01
2.374338197708129883e+01
2.379210972785949707e+01
2.385402274131774902e+01
2.390369176864624023e+01
2.396352100372314453e+01
2.401362061500549316e+01
2.407791543006896973e+01
2.412869524955749512e+01
2.419063234329223633e+01
2.423966002464294434e+01
2.430428862571716309e+01
2.435624074935913086e+01
2.442248249053955078e+01
2.446284627914428711e+01
2.452759027481079102e+01
2.457504916191101074e+01
2.463510894775390625e+01
2.468639707565307617e+01
2.474853897094726562e+01
2.479943680763244629e+01
2.485951375961303711e+01
2.491095209121704102e+01
2.497318840026855469e+01
2.502496409416198730e+01
2.509297180175781250e+01
2.514133286476135254e+01
2.519613838195800781e+01
2.525423574447631836e+01
2.531183671951293945e+01
2.535905694961547852e+01
2.542214202880859375e+01
2.547092366218566895e+01
2.553552699089050293e+01
2.559060287475585938e+01
2.564419865608215332e+01
2.569260334968566895e+01
2.574212837219238281e+01
2.580392169952392578e+01
2.585428524017333984e+01
2.591597342491149902e+01
2.596896553039550781e+01
2.603278255462646484e+01
2.608344650268554688e+01
2.614148902893066406e+01
2.618969368934631348e+01
2.625498390197753906e+01
2.630366063117980957e+01
2.637383604049682617e+01
2.642292642593383789e+01
2.647572636604309082e+01
2.652742934226989746e+01
2.658936572074890137e+01
2.663658571243286133e+01
2.670115852355957031e+01
2.674980115890502930e+01
2.681413054466247559e+01
2.686197805404663086e+01
2.692602849006652832e+01
2.697887086868286133e+01
2.703839206695556641e+01
2.709005856513977051e+01
2.714966869354248047e+01
2.719816017150878906e+01
2.726192903518676758e+01
2.731318616867065430e+01
2.737243223190307617e+01
2.742266774177551270e+01
2.748389554023742676e+01
2.753427267074584961e+01
2.759651517868041992e+01
2.764628696441650391e+01
2.771005058288574219e+01
2.775826191902160645e+01
2.782424926757812500e+01
2.787536287307739258e+01
2.793235492706298828e+01
2.798383951187133789e+01
2.804550695419311523e+01
2.809569835662841797e+01
2.816152930259704590e+01
2.821278953552246094e+01
2.826887536048889160e+01
2.831743335723876953e+01
2.838206744194030762e+01
2.843292427062988281e+01
2.849545478820800781e+01
2.854987788200378418e+01
2.860523939132690430e+01
2.865380764007568359e+01
2.871588373184204102e+01
2.876495385169982910e+01
2.882949900627136230e+01
2.888452649116516113e+01
2.905491065979003906e+01
2.910249686241149902e+01
2.916504263877868652e+01
2.921554470062255859e+01
2.927603220939636230e+01
2.932931590080261230e+01
2.939063096046447754e+01
2.944232225418090820e+01
2.950365567207336426e+01
2.955371427536010742e+01
2.961302566528320312e+01
2.966282582283020020e+01
2.977566933631896973e+01
2.983962726593017578e+01
2.993887662887573242e+01
2.999651980400085449e+01
3.004428887367248535e+01
3.011315202713012695e+01
3.016444063186645508e+01
3.022956752777099609e+01
3.027852749824523926e+01
3.033359098434448242e+01
3.044524097442626953e+01
3.049531602859497070e+01
3.055690670013427734e+01
3.060720419883728027e+01
3.066766524314880371e+01
3.072065567970275879e+01
3.078506159782409668e+01
3.083541297912597656e+01
3.089553833007812500e+01
3.094267916679382324e+01
3.100957107543945312e+01
3.105786299705505371e+01
3.111857318878173828e+01
3.116419506072998047e+01
3.122862529754638672e+01
3.127866029739379883e+01
3.134010720252990723e+01
3.139156055450439453e+01
3.145698595046997070e+01
3.150784945487976074e+01
3.156920504570007324e+01
3.161630034446716309e+01
3.167585134506225586e+01
3.172427606582641602e+01
3.178934335708618164e+01
3.183899903297424316e+01
3.190118193626403809e+01
3.194957256317138672e+01
3.201345396041870117e+01
3.206188941001892090e+01
3.212348341941833496e+01
3.217293882369995117e+01
3.224015331268310547e+01
3.229163384437561035e+01
3.235008788108825684e+01
3.240090990066528320e+01
3.246008396148681641e+01
3.251085948944091797e+01
3.257112479209899902e+01
3.262191009521484375e+01
3.268656158447265625e+01
3.273398947715759277e+01
3.279406905174255371e+01
3.285068488121032715e+01
3.290921449661254883e+01
3.295830798149108887e+01
3.302129960060119629e+01
3.306912517547607422e+01
3.313345932960510254e+01
3.318767070770263672e+01
3.324395036697387695e+01
3.329754638671875000e+01
3.335892176628112793e+01
3.340853929519653320e+01
3.346919250488281250e+01
3.351838207244873047e+01
3.358535528182983398e+01
3.363843679428100586e+01
3.369324731826782227e+01
3.374237108230590820e+01
3.380865001678466797e+01
3.385916566848754883e+01
3.391963696479797363e+01
3.396815371513366699e+01
3.401539373397827148e+01
3.407674813270568848e+01
3.412689232826232910e+01
3.418887710571289062e+01
3.424354028701782227e+01
3.430379199981689453e+01
3.435536646842956543e+01
3.441339564323425293e+01
3.447050261497497559e+01
3.452955722808837891e+01
3.458396697044372559e+01
3.464394140243530273e+01
3.469760727882385254e+01
3.474961900711059570e+01
3.480094528198242188e+01
3.485988473892211914e+01
3.491196393966674805e+01
3.497579598426818848e+01
3.502503895759582520e+01
3.508675932884216309e+01
3.514579629898071289e+01
3.519639420509338379e+01
3.524622344970703125e+01
3.531052994728088379e+01
3.535816884040832520e+01
3.542217969894409180e+01
3.547776055335998535e+01
3.553818511962890625e+01
3.559550690650939941e+01
3.565392827987670898e+01
3.569916939735412598e+01
3.575579166412353516e+01
3.580745720863342285e+01
3.586926698684692383e+01
3.591868543624877930e+01
3.598017907142639160e+01
3.603428316116333008e+01
3.609298300743103027e+01
3.614130568504333496e+01
3.636819481849670410e+01
3.642860841751098633e+01
3.647806620597839355e+01
3.653992342948913574e+01
3.659129023551940918e+01
3.665223717689514160e+01
3.670521235466003418e+01
3.676749515533447266e+01
3.681356501579284668e+01
3.687601327896118164e+01
3.692798924446105957e+01
3.699297499656677246e+01
3.704176402091979980e+01
3.710312533378601074e+01
3.714936494827270508e+01
3.721400117874145508e+01
3.726368331909179688e+01
3.732586812973022461e+01
3.737388086318969727e+01
3.743688130378723145e+01
3.748794627189636230e+01
3.754837250709533691e+01
3.759759235382080078e+01
3.766208100318908691e+01
3.770882081985473633e+01
3.777303791046142578e+01
3.782352113723754883e+01
3.789520788192749023e+01
3.794101357460021973e+01
3.799852490425109863e+01
3.804590773582458496e+01
3.809556865692138672e+01
3.815902256965637207e+01
3.820984840393066406e+01
3.826963829994201660e+01
3.832297801971435547e+01
3.838047528266906738e+01
3.843221306800842285e+01
3.849593091011047363e+01
3.854277420043945312e+01
3.860510921478271484e+01
3.866012907028198242e+01
3.872731781005859375e+01
3.877302503585815430e+01
3.883019423484802246e+01
3.887967157363891602e+01
3.894201731681823730e+01
3.898916459083557129e+01
3.905315256118774414e+01
3.910393190383911133e+01
3.916695356369018555e+01
3.922205018997192383e+01
3.927819323539733887e+01
3.932811045646667480e+01
3.938901543617248535e+01
3.944044828414916992e+01
3.950505113601684570e+01
3.955068540573120117e+01
3.961240696907043457e+01
3.966328287124633789e+01
3.972680115699768066e+01
3.977600741386413574e+01
3.983649659156799316e+01
3.988895773887634277e+01
3.995028090476989746e+01
4.000276494026184082e+01
4.006091856956481934e+01
4.011256599426269531e+01
4.017314291000366211e+01
4.021976184844970703e+01
4.028720712661743164e+01
4.033683133125305176e+01
4.039735627174377441e+01
4.045075654983520508e+01
4.050913619995117188e+01
4.056113791465759277e+01
4.062133169174194336e+01
4.067002630233764648e+01
4.073639535903930664e+01
4.078814649581909180e+01
4.084733605384826660e+01
4.089666962623596191e+01
4.095873785018920898e+01
4.100547051429748535e+01
4.106826972961425781e+01
4.111763405799865723e+01
4.118388366699218750e+01
4.123373627662658691e+01
4.129286193847656250e+01
4.134347319602966309e+01
4.140756964683532715e+01
4.145411562919616699e+01
4.151571178436279297e+01
4.156582880020141602e+01
4.162967324256896973e+01
4.168223452568054199e+01
4.174363827705383301e+01
4.178913021087646484e+01
4.185324716567993164e+01
4.190536069869995117e+01
4.197241210937500000e+01
4.201634335517883301e+01
4.207694220542907715e+01
4.212901043891906738e+01
4.217384600639343262e+01
4.223724055290222168e+01
4.228807520866394043e+01
4.234816098213195801e+01
4.239835381507873535e+01
4.245969247817993164e+01
4.250954627990722656e+01
4.257417535781860352e+01
4.262916254997253418e+01
4.268373584747314453e+01
4.273679208755493164e+01
4.279681181907653809e+01
4.284739828109741211e+01
4.291334605216979980e+01
4.296226787567138672e+01
4.302238392829895020e+01
4.307564473152160645e+01
4.313315391540527344e+01
4.318128824234008789e+01
4.324501657485961914e+01
4.329302716255187988e+01
4.336378097534179688e+01
4.341033077239990234e+01
4.347040677070617676e+01
4.351893997192382812e+01
4.358069753646850586e+01
4.363103652000427246e+01
4.369245696067810059e+01
4.374268388748168945e+01
4.380461454391479492e+01
4.385529518127441406e+01
4.391845655441284180e+01
4.396876215934753418e+01
4.403077363967895508e+01
4.408158588409423828e+01
4.413988971710205078e+01
4.418905210494995117e+01
4.425409150123596191e+01
4.430220866203308105e+01
4.436535954475402832e+01
4.441585874557495117e+01
4.447686147689819336e+01
4.452620792388916016e+01
4.459197163581848145e+01
4.464643764495849609e+01
4.481187057495117188e+01
4.486254572868347168e+01
4.492530512809753418e+01
4.497519469261169434e+01
4.503748416900634766e+01
4.508526182174682617e+01
4.514786195755004883e+01
4.519786357879638672e+01
4.526117682456970215e+01
4.531108021736145020e+01
4.537145185470581055e+01
4.542344188690185547e+01
4.549330854415893555e+01
4.553699493408203125e+01
4.559739971160888672e+01
4.564694094657897949e+01
4.570770502090454102e+01
4.575940585136413574e+01
4.582157588005065918e+01
4.587165331840515137e+01
4.593528819084167480e+01
4.598326754570007324e+01
4.604535484313964844e+01
4.609429454803466797e+01
4.615594720840454102e+01
4.620510053634643555e+01
4.626886868476867676e+01
4.632244992256164551e+01
4.637193703651428223e+01
4.643128800392150879e+01
4.648073458671569824e+01
4.654094266891479492e+01
4.659062957763671875e+01
4.665341520309448242e+01
4.670307588577270508e+01
4.676390051841735840e+01
4.681521248817443848e+01
4.687653303146362305e+01
4.692629837989807129e+01
4.698871254920959473e+01
4.703830552101135254e+01
4.710120534896850586e+01
4.714944624900817871e+01
4.721169304847717285e+01
4.726140308380126953e+01
4.732446050643920898e+01
4.737357926368713379e+01
4.743940949440002441e+01
4.748939633369445801e+01
4.755046534538269043e+01
4.759764909744262695e+01
4.766240930557250977e+01
4.771076130867004395e+01
4.777216362953186035e+01
4.782151007652282715e+01
4.788789820671081543e+01
4.793524289131164551e+01
4.799682259559631348e+01
4.804640078544616699e+01
4.810801410675048828e+01
4.815890479087829590e+01
4.822016954421997070e+01
4.827084422111511230e+01
4.833362126350402832e+01
4.838315939903259277e+01
4.844441795349121094e+01
4.849532723426818848e+01
4.855731105804443359e+01
4.861099982261657715e+01
4.866981053352355957e+01
4.871973228454589844e+01
4.878182506561279297e+01
4.883226990699768066e+01
4.889319562911987305e+01
4.894440937042236328e+01
4.900716233253479004e+01
4.905728220939636230e+01
4.912011718750000000e+01
4.916587781906127930e+01
4.922873830795288086e+01
4.928067827224731445e+01
4.934117698669433594e+01
4.939121556282043457e+01
4.945434498786926270e+01
4.950367474555969238e+01
4.956405377388000488e+01
4.961388111114501953e+01
4.967703366279602051e+01
4.973071670532226562e+01
4.979124569892883301e+01
4.984432721138000488e+01
4.990319657325744629e+01
4.995382165908813477e+01
5.001253986358642578e+01
5.006754541397094727e+01
5.012369990348815918e+01
5.017710232734680176e+01
5.023516368865966797e+01
5.028792595863342285e+01
5.035110831260681152e+01
5.040142917633056641e+01
5.044830465316772461e+01
5.050823187828063965e+01
5.055821037292480469e+01
5.062066507339477539e+01
5.067204737663269043e+01
5.073528647422790527e+01
5.078552103042602539e+01
5.084413242340087891e+01
5.089640164375305176e+01
5.095783114433288574e+01
5.100877141952514648e+01
5.107025432586669922e+01
5.112267303466796875e+01
5.118169116973876953e+01
5.123224878311157227e+01
5.129314899444580078e+01
5.134297490119934082e+01
5.140388226509094238e+01
5.145298147201538086e+01
5.151659846305847168e+01
5.156799554824829102e+01
5.163369584083557129e+01
5.168083572387695312e+01
5.174200463294982910e+01
5.179062771797180176e+01
5.185426688194274902e+01
5.190753316879272461e+01
5.196534824371337891e+01
5.202138996124267578e+01
5.209066295623779297e+01
5.213599920272827148e+01
5.219293665885925293e+01
5.224705767631530762e+01
5.230976557731628418e+01
5.235930490493774414e+01
5.241400241851806641e+01
5.246262335777282715e+01
5.252358293533325195e+01
5.257215571403503418e+01
5.263734912872314453e+01
5.268651986122131348e+01
5.274838829040527344e+01
5.279936933517456055e+01
5.286408448219299316e+01
5.291372036933898926e+01
5.297322630882263184e+01
5.302261114120483398e+01
5.308560872077941895e+01
5.313522744178771973e+01
5.319864177703857422e+01
5.324843668937683105e+01
5.331064891815185547e+01
5.335982322692871094e+01
5.342299795150756836e+01
5.347084903717041016e+01
5.353279805183410645e+01
5.358224534988403320e+01
5.364800930023193359e+01
5.369635844230651855e+01
5.375698971748352051e+01
5.380618262290954590e+01
5.386896014213562012e+01
5.391914439201354980e+01
5.398173880577087402e+01
5.403247809410095215e+01
5.409715723991394043e+01
5.414439725875854492e+01
5.421327447891235352e+01
5.431591010093688965e+01
5.436527752876281738e+01
5.442856144905090332e+01
5.447836542129516602e+01
5.452882337570190430e+01
5.459028196334838867e+01
5.464149403572082520e+01
5.470281672477722168e+01
5.475347304344177246e+01
5.481164956092834473e+01
5.486187505722045898e+01
5.492397260665893555e+01
5.497541856765747070e+01
5.503836703300476074e+01
5.508546924591064453e+01
5.514786505699157715e+01
5.519796323776245117e+01
5.526310896873474121e+01
5.531628394126892090e+01
5.537309455871582031e+01
5.542398357391357422e+01
5.548691844940185547e+01
5.553568935394287109e+01
5.559571313858032227e+01
5.564407420158386230e+01
5.571109056472778320e+01
5.576126480102539062e+01
5.582076549530029297e+01
5.586915683746337891e+01
5.593402242660522461e+01
5.598567318916320801e+01
5.604581403732299805e+01
5.609763312339782715e+01
5.615832066535949707e+01
5.620690870285034180e+01
5.626785850524902344e+01
5.632025742530822754e+01
5.638401079177856445e+01
5.643384480476379395e+01
5.649404764175415039e+01
5.654366254806518555e+01
5.660450005531311035e+01
5.665375471115112305e+01
5.671638965606689453e+01
5.676692295074462891e+01
5.683122754096984863e+01
5.687902283668518066e+01
5.694607234001159668e+01
5.699609613418579102e+01
5.705761837959289551e+01
5.710562467575073242e+01
5.716534018516540527e+01
5.721943092346191406e+01
5.727699637413024902e+01
5.732594466209411621e+01
5.738806414604187012e+01
5.743950295448303223e+01
5.750170159339904785e+01
5.754923462867736816e+01
5.761334371566772461e+01
5.766280484199523926e+01
5.772398114204406738e+01
5.777534794807434082e+01
5.783618235588073730e+01
5.788809323310852051e+01
5.795390129089355469e+01
5.800613379478454590e+01
5.806735157966613770e+01
5.811182761192321777e+01
5.817124319076538086e+01
5.822115349769592285e+01
5.828971600532531738e+01
5.834020590782165527e+01
5.840007424354553223e+01
5.845248770713806152e+01
5.851020693778991699e+01
5.855930757522583008e+01
5.860515379905700684e+01
5.866998410224914551e+01
5.872296810150146484e+01
5.878269243240356445e+01
5.883629179000854492e+01
5.889253401756286621e+01
5.894218516349792480e+01
5.900511002540588379e+01
5.905557107925415039e+01
5.911757397651672363e+01
5.916634607315063477e+01
5.923108267784118652e+01
5.928379559516906738e+01
5.934166789054870605e+01
5.939120078086853027e+01
5.945209360122680664e+01
5.950176835060119629e+01
5.956418132781982422e+01
5.961625576019287109e+01
5.967934393882751465e+01
5.972583651542663574e+01
5.979245114326477051e+01
5.984003853797912598e+01
5.990206646919250488e+01
5.995237588882446289e+01
6.001372909545898438e+01
6.006547331809997559e+01
6.012539863586425781e+01
6.017206048965454102e+01
6.023659038543701172e+01
6.028512597084045410e+01
6.034853744506835938e+01
6.039994072914123535e+01
6.046544742584228516e+01
6.051452946662902832e+01
6.057581615447998047e+01
6.062232041358947754e+01
6.068580913543701172e+01
6.073617672920227051e+01
6.079733061790466309e+01
6.084548258781433105e+01
6.090713977813720703e+01
6.095854043960571289e+01
6.102066087722778320e+01
6.107105636596679688e+01
6.113168954849243164e+01
6.118581056594848633e+01
6.124947285652160645e+01
6.129974627494812012e+01
6.136062693595886230e+01
6.140828752517700195e+01
6.146782922744750977e+01
6.152136087417602539e+01
6.158066296577453613e+01
6.163270878791809082e+01
6.169312787055969238e+01
6.174298644065856934e+01
6.180588412284851074e+01
6.185637283325195312e+01
6.191915488243103027e+01
6.196583223342895508e+01
6.202852797508239746e+01
6.208251285552978516e+01
6.214079022407531738e+01
6.219444489479064941e+01
6.225444006919860840e+01
6.230444359779357910e+01
6.236357235908508301e+01
6.241348576545715332e+01
6.248016858100891113e+01
6.252651762962341309e+01
6.258842372894287109e+01
6.263672971725463867e+01
6.270087647438049316e+01
6.275040984153747559e+01
6.280016613006591797e+01
6.285994577407836914e+01
6.291620922088623047e+01
6.297341156005859375e+01
6.302157998085021973e+01
6.308419704437255859e+01
6.313591599464416504e+01
6.319827127456665039e+01
6.324757075309753418e+01
6.330940866470336914e+01
6.335788726806640625e+01
6.342126774787902832e+01
6.347025299072265625e+01
6.353366351127624512e+01
6.358397388458251953e+01
6.364558911323547363e+01
6.369540953636169434e+01
6.375686383247375488e+01
6.380638408660888672e+01
6.386889648437500000e+01
6.391776823997497559e+01
6.398026323318481445e+01
6.403259158134460449e+01
6.409379887580871582e+01
6.414137864112854004e+01
6.420400691032409668e+01
6.425525212287902832e+01
6.431758761405944824e+01
6.436529469490051270e+01
6.442870330810546875e+01
6.448184084892272949e+01
6.454427480697631836e+01
6.459357285499572754e+01
6.465262675285339355e+01
6.470183348655700684e+01
6.476796650886535645e+01
6.481578803062438965e+01
6.487907552719116211e+01
6.492768788337707520e+01
6.498856329917907715e+01
6.503941512107849121e+01
6.510026764869689941e+01
6.515373039245605469e+01
6.521746778488159180e+01
6.526640558242797852e+01
6.532564973831176758e+01
6.537493181228637695e+01
6.543684577941894531e+01
6.548568010330200195e+01
6.554906630516052246e+01
6.559727215766906738e+01
6.566098570823669434e+01
6.571126890182495117e+01
6.577345299720764160e+01
6.582244777679443359e+01
6.588580250740051270e+01
6.593575263023376465e+01
6.599810123443603516e+01
6.604832434654235840e+01
6.610958623886108398e+01
6.615842866897583008e+01
6.622119784355163574e+01
6.626994490623474121e+01
6.633307266235351562e+01
6.638175439834594727e+01
6.644622159004211426e+01
6.649594759941101074e+01
6.655585098266601562e+01
6.660525989532470703e+01
6.666926574707031250e+01
6.671712779998779297e+01
6.677966976165771484e+01
6.683078575134277344e+01
6.687801861763000488e+01
6.694513177871704102e+01
6.699335813522338867e+01
6.705520296096801758e+01
6.710334753990173340e+01
6.716785740852355957e+01
6.721529197692871094e+01
6.727659034729003906e+01
6.733000898361206055e+01
6.738919997215270996e+01
6.743688893318176270e+01
6.749967312812805176e+01
6.755123496055603027e+01
6.761350274085998535e+01
6.766227865219116211e+01
6.772509074211120605e+01
6.777669811248779297e+01
6.783702039718627930e+01
6.788526844978332520e+01
6.795119261741638184e+01
6.800087523460388184e+01
6.806326031684875488e+01
6.811760663986206055e+01
6.817323708534240723e+01
6.822441577911376953e+01
6.828528881072998047e+01
6.833637690544128418e+01
6.840008497238159180e+01
6.844989466667175293e+01
6.850956487655639648e+01
6.855927062034606934e+01
6.862228131294250488e+01
6.867197799682617188e+01
6.873287844657897949e+01
6.878212404251098633e+01
6.884402775764465332e+01
6.889428424835205078e+01
6.895703840255737305e+01
6.901326847076416016e+01
6.907033991813659668e+01
6.912326788902282715e+01
6.918049764633178711e+01
6.922822690010070801e+01
6.929307246208190918e+01
6.934196043014526367e+01
6.940387988090515137e+01
6.945540118217468262e+01
6.952069783210754395e+01
6.957235360145568848e+01
6.963380742073059082e+01
6.967997837066650391e+01
6.974020695686340332e+01
6.979170322418212891e+01
6.985267949104309082e+01
6.990425467491149902e+01
6.996378469467163086e+01
7.001387333869934082e+01
7.007742190361022949e+01
7.012927007675170898e+01
7.019146037101745605e+01
7.024290537834167480e+01
7.030221104621887207e+01
7.035382914543151855e+01
7.041560745239257812e+01
7.046972417831420898e+01
7.053614521026611328e+01
7.058962726593017578e+01
7.064986515045166016e+01
7.069779014587402344e+01
7.075828051567077637e+01
7.081428503990173340e+01
7.086625599861145020e+01
7.091562938690185547e+01
7.096430039405822754e+01
7.102355694770812988e+01
7.107222104072570801e+01
7.113224840164184570e+01
7.118207859992980957e+01
7.124523162841796875e+01
7.129521846771240234e+01
7.135577583312988281e+01
7.140798521041870117e+01
7.146916747093200684e+01
7.152548527717590332e+01
7.158185839653015137e+01
7.163051056861877441e+01
7.169388747215270996e+01
7.174123096466064453e+01
7.180520868301391602e+01
7.185567450523376465e+01
7.191841435432434082e+01
7.196995353698730469e+01
7.202897047996520996e+01
7.207678794860839844e+01
7.214147949218750000e+01
7.219166326522827148e+01
7.225313234329223633e+01
7.230395364761352539e+01
7.236536264419555664e+01
7.241356492042541504e+01
7.247775101661682129e+01
7.252726197242736816e+01
7.259187006950378418e+01
7.263971304893493652e+01
7.270283579826354980e+01
7.275133848190307617e+01
7.281760025024414062e+01
7.286626386642456055e+01
7.292648220062255859e+01
7.297531723976135254e+01
7.303954553604125977e+01
7.309547901153564453e+01
7.315440440177917480e+01
7.320227599143981934e+01
7.326236653327941895e+01
7.331293058395385742e+01
7.337321519851684570e+01
7.342401576042175293e+01
7.348548316955566406e+01
7.353427410125732422e+01
7.359870982170104980e+01
7.364906740188598633e+01
7.371112108230590820e+01
7.375785708427429199e+01
7.382118153572082520e+01
7.387099361419677734e+01
7.393190217018127441e+01
7.398369264602661133e+01
7.404660105705261230e+01
7.409523606300354004e+01
7.415880846977233887e+01
7.421343851089477539e+01
7.426962518692016602e+01
7.431983232498168945e+01
7.438101744651794434e+01
7.443016910552978516e+01
7.449180960655212402e+01
7.454175877571105957e+01
7.460653924942016602e+01
7.465602493286132812e+01
7.471697282791137695e+01
7.476941680908203125e+01
7.483202815055847168e+01
7.488540220260620117e+01
7.494333887100219727e+01
7.499242496490478516e+01
7.504028344154357910e+01
7.510026550292968750e+01
7.515056681632995605e+01
7.521228981018066406e+01
7.526304292678833008e+01
7.532509350776672363e+01
7.537313795089721680e+01
7.548726439476013184e+01
7.554824876785278320e+01
7.560124921798706055e+01
7.566064262390136719e+01
7.571213197708129883e+01
7.578107714653015137e+01
7.582842206954956055e+01
7.588556027412414551e+01
7.593441081047058105e+01
7.599656653404235840e+01
7.604396557807922363e+01
7.610857701301574707e+01
7.615815329551696777e+01
7.622136783599853516e+01
7.627026128768920898e+01
7.633212590217590332e+01
7.638337659835815430e+01
7.644643425941467285e+01
7.649530649185180664e+01
7.655682444572448730e+01
7.660760521888732910e+01
7.666893458366394043e+01
7.672391700744628906e+01
7.678413748741149902e+01
7.683223128318786621e+01
7.689312934875488281e+01
7.694235849380493164e+01
7.700424456596374512e+01
7.705587863922119141e+01
7.711637830734252930e+01
7.716566419601440430e+01
7.723051667213439941e+01
7.727816987037658691e+01
7.734193277359008789e+01
7.739174962043762207e+01
7.745386672019958496e+01
7.750195479393005371e+01
7.756477856636047363e+01
7.761429452896118164e+01
7.767594909667968750e+01
7.772571349143981934e+01
7.779108095169067383e+01
7.784304404258728027e+01
7.790254354476928711e+01
7.795196032524108887e+01
7.801446509361267090e+01
7.806311559677124023e+01
7.813042616844177246e+01
7.818307518959045410e+01
7.823883342742919922e+01
7.829156422615051270e+01
7.834785556793212891e+01
7.839878892898559570e+01
7.845999693870544434e+01
7.851213622093200684e+01
7.857640337944030762e+01
7.862636017799377441e+01
7.868606233596801758e+01
7.873320460319519043e+01
7.879641652107238770e+01
7.884935402870178223e+01
7.891029453277587891e+01
7.895982146263122559e+01
7.902090477943420410e+01
7.906975722312927246e+01
7.911971497535705566e+01
7.918326425552368164e+01
7.923756837844848633e+01
7.929210782051086426e+01
7.934134244918823242e+01
7.940866708755493164e+01
7.945389556884765625e+01
7.951665377616882324e+01
7.956645917892456055e+01
7.963023591041564941e+01
7.967723894119262695e+01
7.974110484123229980e+01
7.979177308082580566e+01
7.985377264022827148e+01
7.990343117713928223e+01
7.996425676345825195e+01
8.001342320442199707e+01
8.007691335678100586e+01
8.012868952751159668e+01
8.018853330612182617e+01
8.023786425590515137e+01
8.030131721496582031e+01
8.035041356086730957e+01
8.041363620758056641e+01
8.046326208114624023e+01
8.052386379241943359e+01
8.057578110694885254e+01
8.064057159423828125e+01
8.069127702713012695e+01
8.075269365310668945e+01
8.080466485023498535e+01
8.086017560958862305e+01
8.091157698631286621e+01
8.097199225425720215e+01
8.102117156982421875e+01
8.108907771110534668e+01
8.114115571975708008e+01
8.119875359535217285e+01
8.125001215934753418e+01
8.130824589729309082e+01
8.135871529579162598e+01
8.142194533348083496e+01
8.147137904167175293e+01
8.153197526931762695e+01
8.158865427970886230e+01
8.164638137817382812e+01
8.169643545150756836e+01
8.175688457489013672e+01
8.180705428123474121e+01
8.186796045303344727e+01
8.192388534545898438e+01
8.198264527320861816e+01
8.203225278854370117e+01
8.209352517127990723e+01
8.214291596412658691e+01
8.220554327964782715e+01
8.225446748733520508e+01
8.231718492507934570e+01
8.236866736412048340e+01
8.243090534210205078e+01
8.248055076599121094e+01
8.254225397109985352e+01
8.258940601348876953e+01
8.265370178222656250e+01
8.276545858383178711e+01
8.281376743316650391e+01
8.287710380554199219e+01
8.292579054832458496e+01
8.299063730239868164e+01
8.304366350173950195e+01
8.310161328315734863e+01
8.315578651428222656e+01
8.321240115165710449e+01
8.326307225227355957e+01
8.331198310852050781e+01
8.337533855438232422e+01
8.342673492431640625e+01
8.348593688011169434e+01
8.354025459289550781e+01
8.359676980972290039e+01
8.365075302124023438e+01
8.370987725257873535e+01
8.375773644447326660e+01
8.382123160362243652e+01
8.404541659355163574e+01
8.409729528427124023e+01
8.415707087516784668e+01
8.420842313766479492e+01
8.426874804496765137e+01
8.431800723075866699e+01
8.438215065002441406e+01
8.443171906471252441e+01
8.449240803718566895e+01
8.454209566116333008e+01
8.460409760475158691e+01
8.465407276153564453e+01
8.471948790550231934e+01
8.477287769317626953e+01
8.483206915855407715e+01
8.488173341751098633e+01
8.494094252586364746e+01
8.498901200294494629e+01
8.505421948432922363e+01
8.510357809066772461e+01
8.516526675224304199e+01
8.521530771255493164e+01
8.527584838867187500e+01
8.532641983032226562e+01
8.538891935348510742e+01
8.544008708000183105e+01
8.550274777412414551e+01
8.555365109443664551e+01
8.561417388916015625e+01
8.566745209693908691e+01
8.572439742088317871e+01
8.577225232124328613e+01
8.583719205856323242e+01
8.589225292205810547e+01
8.595269346237182617e+01
8.600009536743164062e+01
8.606291270256042480e+01
8.611181068420410156e+01
8.617341279983520508e+01
8.622401499748229980e+01
8.628416872024536133e+01
8.633431410789489746e+01
8.639776659011840820e+01
8.645010232925415039e+01
8.651084613800048828e+01
8.656125783920288086e+01
8.662047982215881348e+01
8.666898894309997559e+01
8.673441767692565918e+01
8.678537178039550781e+01
8.684330248832702637e+01
8.689302134513854980e+01
8.695556449890136719e+01
8.700588226318359375e+01
8.706786775588989258e+01
8.712268018722534180e+01
8.717960357666015625e+01
8.723428606986999512e+01
8.729115438461303711e+01
8.734341168403625488e+01
8.739294719696044922e+01
8.745204162597656250e+01
8.750149059295654297e+01
8.756675624847412109e+01
8.761728596687316895e+01
8.767925667762756348e+01
8.772994875907897949e+01
8.779011154174804688e+01
8.784210419654846191e+01
8.790254926681518555e+01
8.795607399940490723e+01
8.801411247253417969e+01
8.806772685050964355e+01
8.812997913360595703e+01
8.817789578437805176e+01
8.823808002471923828e+01
8.828502583503723145e+01
8.834859299659729004e+01
8.839800715446472168e+01
8.846239328384399414e+01
8.851666879653930664e+01
8.857308864593505859e+01
8.862312030792236328e+01
8.868441367149353027e+01
8.873344230651855469e+01
8.879736304283142090e+01
8.884818625450134277e+01
8.890885877609252930e+01
8.896017336845397949e+01
8.902149653434753418e+01
8.907317233085632324e+01
8.913332629203796387e+01
8.918371939659118652e+01
8.924599552154541016e+01
8.929417109489440918e+01
8.935674595832824707e+01
8.940756535530090332e+01
8.947160696983337402e+01
8.952099275588989258e+01
8.958291172981262207e+01
8.963379621505737305e+01
8.969381928443908691e+01
8.974552440643310547e+01
8.980375385284423828e+01
8.985364460945129395e+01
8.991660380363464355e+01
8.996797537803649902e+01
9.007953381538391113e+01
9.019322705268859863e+01
9.025339317321777344e+01
9.031054258346557617e+01
9.036402344703674316e+01
9.041294312477111816e+01
9.047869825363159180e+01
9.052998352050781250e+01
9.059173035621643066e+01
9.063913440704345703e+01
9.070000290870666504e+01
9.075186610221862793e+01
9.081357288360595703e+01
9.086138963699340820e+01
9.092609691619873047e+01
9.097399139404296875e+01
9.103636360168457031e+01
9.108818864822387695e+01
9.115009498596191406e+01
9.119818687438964844e+01
9.126217508316040039e+01
9.130990028381347656e+01
9.137291860580444336e+01
9.142545986175537109e+01
9.147364544868469238e+01
9.153305411338806152e+01
9.158147263526916504e+01
9.164564776420593262e+01
9.169661092758178711e+01
9.175763368606567383e+01
9.180584645271301270e+01
9.186973571777343750e+01
9.192124342918395996e+01
9.197943687438964844e+01
9.203192305564880371e+01
9.209367585182189941e+01
9.214335775375366211e+01
9.220421791076660156e+01
9.225364470481872559e+01
9.232001447677612305e+01
9.236718106269836426e+01
9.242897295951843262e+01
9.248040223121643066e+01
9.254317998886108398e+01
9.259373068809509277e+01
9.265291142463684082e+01
9.270100331306457520e+01
9.276578617095947266e+01
9.281826305389404297e+01
9.287817215919494629e+01
9.292866396903991699e+01
9.298787379264831543e+01
9.303721737861633301e+01
9.310286927223205566e+01
9.315595436096191406e+01
9.321352839469909668e+01
9.326505994796752930e+01
9.332528758049011230e+01
9.337627005577087402e+01
9.343771886825561523e+01
9.348968768119812012e+01
9.354813718795776367e+01
9.360140776634216309e+01
9.365988969802856445e+01
9.371152830123901367e+01
9.377154207229614258e+01
9.382537841796875000e+01
9.388611578941345215e+01
9.393896174430847168e+01
9.399588584899902344e+01
9.404390358924865723e+01
9.410834336280822754e+01
9.416302824020385742e+01
9.422568488121032715e+01
9.427567028999328613e+01
9.433226108551025391e+01
9.438217186927795410e+01
9.444431519508361816e+01
9.449263191223144531e+01
9.455971789360046387e+01
9.461018681526184082e+01
9.467294573783874512e+01
9.472033047676086426e+01
9.477935004234313965e+01
9.483300042152404785e+01
9.489330482482910156e+01
9.494042086601257324e+01
9.500273990631103516e+01
9.505359148979187012e+01
9.511790299415588379e+01
9.517131543159484863e+01
9.523423194885253906e+01
9.527921104431152344e+01
9.534020090103149414e+01
9.538827538490295410e+01
9.545374226570129395e+01
9.550211644172668457e+01
9.555098962783813477e+01
9.561400008201599121e+01
9.566258811950683594e+01
9.572375154495239258e+01
9.577726244926452637e+01
9.588836598396301270e+01
9.595118379592895508e+01
9.600090885162353516e+01
9.606065416336059570e+01
9.610924577713012695e+01
9.617217826843261719e+01
9.622406268119812012e+01
9.628371119499206543e+01
9.633809852600097656e+01
9.639600753784179688e+01
9.644824075698852539e+01
9.650812101364135742e+01
9.655976819992065430e+01
9.662388777732849121e+01
9.667547082901000977e+01
9.673245525360107422e+01
9.678361415863037109e+01
9.684525346755981445e+01
9.689427399635314941e+01
9.695540237426757812e+01
9.700772213935852051e+01
9.706834292411804199e+01
9.718156456947326660e+01
9.723067855834960938e+01
9.729303455352783203e+01
9.734255862236022949e+01
9.740664124488830566e+01
9.745731949806213379e+01
9.752597784996032715e+01
9.757321882247924805e+01
9.762864160537719727e+01
9.768086266517639160e+01
9.773942661285400391e+01
9.779225873947143555e+01
9.785545396804809570e+01
9.790847158432006836e+01
9.796449112892150879e+01
9.801511836051940918e+01
9.807527852058410645e+01
9.812430262565612793e+01
9.819047188758850098e+01
9.824350476264953613e+01
9.830347776412963867e+01
9.835339426994323730e+01
9.841258430480957031e+01
9.846420979499816895e+01
9.852652788162231445e+01
9.857358479499816895e+01
9.863635253906250000e+01
9.868546700477600098e+01
9.874863314628601074e+01
9.880117869377136230e+01
9.886398601531982422e+01
9.891249299049377441e+01
9.897229242324829102e+01
9.902224254608154297e+01
9.908545017242431641e+01
9.913305521011352539e+01
9.919801330566406250e+01
9.924994206428527832e+01
9.931142401695251465e+01
9.935890722274780273e+01
9.942169332504272461e+01
9.947331213951110840e+01
9.953870129585266113e+01
9.958873009681701660e+01
9.964958882331848145e+01
9.969895553588867188e+01
9.974571061134338379e+01
9.980598354339599609e+01
9.985638141632080078e+01
9.991714191436767578e+01
9.996809840202331543e+01
1.000291759967803955e+02
1.000774099826812744e+02
1.001404542922973633e+02
1.001919536590576172e+02
1.002520625591278076e+02
1.003054637908935547e+02
1.003672792911529541e+02
1.004243645668029785e+02
1.004788665771484375e+02
1.005296304225921631e+02
1.005912423133850098e+02
1.006400463581085205e+02
1.007036604881286621e+02
1.007542769908905029e+02
1.008126242160797119e+02
1.008633973598480225e+02
1.009241602420806885e+02
1.009754211902618408e+02
1.010367410182952881e+02
1.010843369960784912e+02
1.011486604213714600e+02
1.012037301063537598e+02
1.012655131816864014e+02
1.013135600090026855e+02
1.013733353614807129e+02
1.014241244792938232e+02
1.014837956428527832e+02
1.015333168506622314e+02
1.015979709625244141e+02
1.016455957889556885e+02
1.017080504894256592e+02
1.017579224109649658e+02
1.018237466812133789e+02
1.018723349571228027e+02
1.019328753948211670e+02
1.019822049140930176e+02
1.020438060760498047e+02
1.020921618938446045e+02
1.022032413482666016e+02
1.022706997394561768e+02
1.023226363658905029e+02
1.023816545009613037e+02
1.024316439628601074e+02
1.026065099239349365e+02
1.026537284851074219e+02
1.027203316688537598e+02
1.027665572166442871e+02
1.028275601863861084e+02
1.028813049793243408e+02
1.029433913230895996e+02
1.029942729473114014e+02
1.030531163215637207e+02
1.031022102832794189e+02
1.031672146320343018e+02
1.032180640697479248e+02
1.032753813266754150e+02
1.033278696537017822e+02
1.033932130336761475e+02
1.034392931461334229e+02
1.035029914379119873e+02
1.035531113147735596e+02
1.036135599613189697e+02
1.036635529994964600e+02
1.037252588272094727e+02
1.037734460830688477e+02
1.038216545581817627e+02
1.038839979171752930e+02
1.039388592243194580e+02
1.039967780113220215e+02
1.040492880344390869e+02
1.041097846031188965e+02
1.041588554382324219e+02
1.042206017971038818e+02
1.042686228752136230e+02
1.043325469493865967e+02
1.043818051815032959e+02
1.044452738761901855e+02
1.044979290962219238e+02
1.045569813251495361e+02
1.046063857078552246e+02
1.046682479381561279e+02
1.047219488620758057e+02
1.047824096679687500e+02
1.048355073928833008e+02
1.048932173252105713e+02
1.049437813758850098e+02
1.050037682056427002e+02
1.050552456378936768e+02
1.051164903640747070e+02
1.051658749580383301e+02
1.052301390171051025e+02
1.052781159877777100e+02
1.053407771587371826e+02
1.053885257244110107e+02
1.054518594741821289e+02
1.055041661262512207e+02
1.055666401386260986e+02
1.056177189350128174e+02
1.056768007278442383e+02
1.057257065773010254e+02
1.057882134914398193e+02
1.058379640579223633e+02
1.059021685123443604e+02
1.059520421028137207e+02
1.060118410587310791e+02
1.060619730949401855e+02
1.061236696243286133e+02
1.061760346889495850e+02
1.062382428646087646e+02
1.062887759208679199e+02
1.063493897914886475e+02
1.064026396274566650e+02
1.064610989093780518e+02
1.065122563838958740e+02
1.065769677162170410e+02
1.066242685317993164e+02
1.066822421550750732e+02
1.067339143753051758e+02
1.067964913845062256e+02
1.068470525741577148e+02
1.069073209762573242e+02
1.069588518142700195e+02
1.070211789608001709e+02
1.070715410709381104e+02
1.071343979835510254e+02
1.071829862594604492e+02
1.072440557479858398e+02
1.072952187061309814e+02
1.073575332164764404e+02
1.074078092575073242e+02
1.074694576263427734e+02
1.075200223922729492e+02
1.075830488204956055e+02
1.076377487182617188e+02
1.076954185962677002e+02
1.077484879493713379e+02
1.078070182800292969e+02
1.078584978580474854e+02
1.079117670059204102e+02
1.079698290824890137e+02
1.080224688053131104e+02
1.080811183452606201e+02
1.081304645538330078e+02
1.081960411071777344e+02
1.082401070594787598e+02
1.083014092445373535e+02
1.083572046756744385e+02
1.084140579700469971e+02
1.084655213356018066e+02
1.087987966537475586e+02
1.088622524738311768e+02
1.089117555618286133e+02
1.089725072383880615e+02
1.090241947174072266e+02
1.090831668376922607e+02
1.091330680847167969e+02
1.091968092918395996e+02
1.092478711605072021e+02
1.093083732128143311e+02
1.093584957122802734e+02
1.094239420890808105e+02
1.094720988273620605e+02
1.095352640151977539e+02
1.095863301753997803e+02
1.096451015472412109e+02
1.096944017410278320e+02
1.097589714527130127e+02
1.098092792034149170e+02
1.098685984611511230e+02
1.099211943149566650e+02
1.099803116321563721e+02
1.100317320823669434e+02
1.100929737091064453e+02
1.101415457725524902e+02
1.102050714492797852e+02
1.102618815898895264e+02
1.103258581161499023e+02
1.103709726333618164e+02
1.104286496639251709e+02
1.104804878234863281e+02
1.105434417724609375e+02
1.105916793346405029e+02
1.106531708240509033e+02
1.107034406661987305e+02
1.107653288841247559e+02
1.108138525485992432e+02
1.108759386539459229e+02
1.109283421039581299e+02
1.109902503490447998e+02
1.110375468730926514e+02
1.111010959148406982e+02
1.111531157493591309e+02
1.112132787704467773e+02
1.112662346363067627e+02
1.113252084255218506e+02
1.113734140396118164e+02
1.114372863769531250e+02
1.114881973266601562e+02
1.115482103824615479e+02
1.115985276699066162e+02
1.116608273983001709e+02
1.117101440429687500e+02
1.117731518745422363e+02
1.118232636451721191e+02
1.118863897323608398e+02
1.119357211589813232e+02
1.119831666946411133e+02
1.120468437671661377e+02
1.120952618122100830e+02
1.121573808193206787e+02
1.122093269824981689e+02
1.122718100547790527e+02
1.123178563117980957e+02
1.123903100490570068e+02
1.124329154491424561e+02
1.124953687191009521e+02
1.125478863716125488e+02
1.126096534729003906e+02
1.126606180667877197e+02
1.127176432609558105e+02
1.127673876285552979e+02
1.128297445774078369e+02
1.128788497447967529e+02
1.129415090084075928e+02
1.129902627468109131e+02
1.130520076751708984e+02
1.131034972667694092e+02
1.131663503646850586e+02
1.132182509899139404e+02
1.132758986949920654e+02
1.133300285339355469e+02
1.133893520832061768e+02
1.134412157535552979e+02
1.135020377635955811e+02
1.135522315502166748e+02
1.136123774051666260e+02
1.136632561683654785e+02
1.137259383201599121e+02
1.137753524780273438e+02
1.138366515636444092e+02
1.138853707313537598e+02
1.139497945308685303e+02
1.140010063648223877e+02
1.140635597705841064e+02
1.141134269237518311e+02
1.141732163429260254e+02
1.142217502593994141e+02
1.142840900421142578e+02
1.143356966972351074e+02
1.143983209133148193e+02
1.144504942893981934e+02
1.145098452568054199e+02
1.145592763423919678e+02
1.146206984519958496e+02
1.146729338169097900e+02
1.147357852458953857e+02
1.147854819297790527e+02
1.148465113639831543e+02
1.148955507278442383e+02
1.149554440975189209e+02
1.150079612731933594e+02
1.150696587562561035e+02
1.151215004920959473e+02
1.151819984912872314e+02
1.152300560474395752e+02
1.152932641506195068e+02
1.153450491428375244e+02
1.154066154956817627e+02
1.154558365345001221e+02
1.155167427062988281e+02
1.155667171478271484e+02
1.156286449432373047e+02
1.156804189682006836e+02
1.157433919906616211e+02
1.157911124229431152e+02
1.158539605140686035e+02
1.159042644500732422e+02
1.159633283615112305e+02
1.160142683982849121e+02
1.160768022537231445e+02
1.161266381740570068e+02
1.161797704696655273e+02
1.162399003505706787e+02
1.162888889312744141e+02
1.163498365879058838e+02
1.163973519802093506e+02
1.164600825309753418e+02
1.165089900493621826e+02
1.165742113590240479e+02
1.166243934631347656e+02
1.166843824386596680e+02
1.167354063987731934e+02
1.167966115474700928e+02
1.168444323539733887e+02
1.169092831611633301e+02
1.169567108154296875e+02
1.170218365192413330e+02
1.170727877616882324e+02
1.171347856521606445e+02
1.171871402263641357e+02
1.172437200546264648e+02
1.172931814193725586e+02
1.173584454059600830e+02
1.174080691337585449e+02
1.174684803485870361e+02
1.175218484401702881e+02
1.175814623832702637e+02
1.176336171627044678e+02
1.176921975612640381e+02
1.177412114143371582e+02
1.178065993785858154e+02
1.178533790111541748e+02
1.179167921543121338e+02
1.179701883792877197e+02
1.180299854278564453e+02
1.180789554119110107e+02
1.181415877342224121e+02
1.182017693519592285e+02
1.182556312084197998e+02
1.183034021854400635e+02
1.183639848232269287e+02
1.184158020019531250e+02
1.184798090457916260e+02
1.185297412872314453e+02
1.185898189544677734e+02
1.186432025432586670e+02
1.187004795074462891e+02
1.187525746822357178e+02
1.188139867782592773e+02
1.188636908531188965e+02
1.189284682273864746e+02
1.189783694744110107e+02
1.190392131805419922e+02
1.190889279842376709e+02
1.191483840942382812e+02
1.191971523761749268e+02
1.192604722976684570e+02
1.193081533908843994e+02
1.193722386360168457e+02
1.194209492206573486e+02
1.194900755882263184e+02
1.195392379760742188e+02
1.195991053581237793e+02
1.196480195522308350e+02
1.197079906463623047e+02
1.197596983909606934e+02
1.198219387531280518e+02
1.198710422515869141e+02
1.199331047534942627e+02
1.199857723712921143e+02
1.200457243919372559e+02
1.200958507061004639e+02
1.201597330570220947e+02
1.202143626213073730e+02
1.202613937854766846e+02
1.203177990913391113e+02
1.203688671588897705e+02
1.204298124313354492e+02
1.204791059494018555e+02
1.205429241657257080e+02
1.205910854339599609e+02
1.206529610157012939e+02
1.207025451660156250e+02
1.207656209468841553e+02
1.208152253627777100e+02
1.208766047954559326e+02
1.209291999340057373e+02
1.209897570610046387e+02
1.210419199466705322e+02
1.211032760143280029e+02
1.211522932052612305e+02
1.212124581336975098e+02
1.212617917060852051e+02
1.213267183303833008e+02
1.213731055259704590e+02
1.214362192153930664e+02
1.214866755008697510e+02
1.215519182682037354e+02
1.215974340438842773e+02
1.216604897975921631e+02
1.217101545333862305e+02
1.217738530635833740e+02
1.218234698772430420e+02
1.218864002227783203e+02
1.219392054080963135e+02
1.219973688125610352e+02
1.220482764244079590e+02
1.221083858013153076e+02
1.221582877635955811e+02
1.222202961444854736e+02
1.222694747447967529e+02
1.223328659534454346e+02
1.223839340209960938e+02
1.224469506740570068e+02
1.224940268993377686e+02
1.225585772991180420e+02
1.226056807041168213e+02
1.226685671806335449e+02
1.227179911136627197e+02
1.227817311286926270e+02
1.228320524692535400e+02
1.228940601348876953e+02
1.229458894729614258e+02
1.230086846351623535e+02
1.230615148544311523e+02
1.231157255172729492e+02
1.231654651165008545e+02
1.232280950546264648e+02
1.232805168628692627e+02
1.233441860675811768e+02
1.233954672813415527e+02
1.234552755355834961e+02
1.235092992782592773e+02
1.235700860023498535e+02
1.236152853965759277e+02
1.236793787479400635e+02
1.237296988964080811e+02
1.237912158966064453e+02
1.238436193466186523e+02
1.239012057781219482e+02
1.239515438079833984e+02
1.240122587680816650e+02
1.240626788139343262e+02
1.241251397132873535e+02
1.241760544776916504e+02
1.242385458946228027e+02
1.242916841506958008e+02
1.243380208015441895e+02
1.243962249755859375e+02
1.244464287757873535e+02
1.245091390609741211e+02
1.245604491233825684e+02
1.246199243068695068e+02
1.246722409725189209e+02
1.247320435047149658e+02
1.247865765094757080e+02
1.248512573242187500e+02
1.248990256786346436e+02
1.249567408561706543e+02
1.250072700977325439e+02
1.250692303180694580e+02
1.251181299686431885e+02
1.251806333065032959e+02
1.252320942878723145e+02
1.252922873497009277e+02
1.253423495292663574e+02
1.254056317806243896e+02
1.254542744159698486e+02
1.255217196941375732e+02
1.255725240707397461e+02
1.256299362182617188e+02
1.256779699325561523e+02
1.257391605377197266e+02
1.257880060672760010e+02
1.258513453006744385e+02
1.259033932685852051e+02
1.259667286872863770e+02
1.260171802043914795e+02
1.260759499073028564e+02
1.261273808479309082e+02
1.261881778240203857e+02
1.262378487586975098e+02
1.263015754222869873e+02
1.263560757637023926e+02
1.264153308868408203e+02
1.264671974182128906e+02
1.265241348743438721e+02
1.265774447917938232e+02
1.266365084648132324e+02
1.266851737499237061e+02
1.267489662170410156e+02
1.267988889217376709e+02
1.268597745895385742e+02
1.269108970165252686e+02
1.269726030826568604e+02
1.270219018459320068e+02
1.270866639614105225e+02
1.271335823535919189e+02
1.271978690624237061e+02
1.272502901554107666e+02
1.273114511966705322e+02
1.273623785972595215e+02
1.274205012321472168e+02
1.274707112312316895e+02
1.275337140560150146e+02
1.275814540386199951e+02
1.276444780826568604e+02
1.276941027641296387e+02
1.277557961940765381e+02
1.278070738315582275e+02
1.278729317188262939e+02
1.279215254783630371e+02
1.279790637493133545e+02
1.280284600257873535e+02
1.280927741527557373e+02
1.281446573734283447e+02
1.282044553756713867e+02
1.282584819793701172e+02
1.283200604915618896e+02
1.283669345378875732e+02
1.284174547195434570e+02
1.284768300056457520e+02
1.285266613960266113e+02
1.285926570892333984e+02
1.286435859203338623e+02
1.287062036991119385e+02
1.287528474330902100e+02
1.288132638931274414e+02
1.288616180419921875e+02
1.289241447448730469e+02
1.289788541793823242e+02
1.290369284152984619e+02
1.290900037288665771e+02
1.291496181488037109e+02
1.292010042667388916e+02
1.292615833282470703e+02
1.293103070259094238e+02
1.293731844425201416e+02
1.294263896942138672e+02
1.294829564094543457e+02
1.295336630344390869e+02
1.296006588935852051e+02
1.296519422531127930e+02
1.297094068527221680e+02
1.297587378025054932e+02
1.298212862014770508e+02
1.298725938796997070e+02
1.299341630935668945e+02
1.299809820652008057e+02
1.300458261966705322e+02
1.300933771133422852e+02
1.301576464176177979e+02
1.302092912197113037e+02
1.302710473537445068e+02
1.303219919204711914e+02
1.303814418315887451e+02
1.304331429004669189e+02
1.304965801239013672e+02
1.305426657199859619e+02
1.306107912063598633e+02
1.306568090915679932e+02
1.307190501689910889e+02
1.307744748592376709e+02
1.308334081172943115e+02
1.308863334655761719e+02
1.309414911270141602e+02
1.309902186393737793e+02
1.310532569885253906e+02
1.311060307025909424e+02
1.311678373813629150e+02
1.312139768600463867e+02
1.312756464481353760e+02
1.313286347389221191e+02
1.313907549381256104e+02
1.314414043426513672e+02
1.315004856586456299e+02
1.315524249076843262e+02
1.316124205589294434e+02
1.316614377498626709e+02
1.317240695953369141e+02
1.317767095565795898e+02
1.318395247459411621e+02
1.318891491889953613e+02
1.319514787197113037e+02
1.320028252601623535e+02
1.320619716644287109e+02
1.321135709285736084e+02
1.321736884117126465e+02
1.322225663661956787e+02
1.322860295772552490e+02
1.323357470035552979e+02
1.323982818126678467e+02
1.324501118659973145e+02
1.325069916248321533e+02
1.325580809116363525e+02
1.326063463687896729e+02
1.326687088012695312e+02
1.327230706214904785e+02
1.327866511344909668e+02
1.328330521583557129e+02
1.328935656547546387e+02
1.329423446655273438e+02
1.330042574405670166e+02
1.330680949687957764e+02
1.331223287582397461e+02
1.331704688072204590e+02
1.332306120395660400e+02
1.332778043746948242e+02
1.333403079509735107e+02
1.333897283077239990e+02
1.334596784114837646e+02
1.335095789432525635e+02
1.335663623809814453e+02
1.336170997619628906e+02
1.336762709617614746e+02
1.337239110469818115e+02
1.337880539894104004e+02
1.338385844230651855e+02
1.339082465171813965e+02
1.339540154933929443e+02
1.340137841701507568e+02
1.340661747455596924e+02
1.341276040077209473e+02
1.341783161163330078e+02
1.342376415729522705e+02
1.342853705883026123e+02
1.343502819538116455e+02
1.344004793167114258e+02
1.344598422050476074e+02
1.345110497474670410e+02
1.345743112564086914e+02
1.346237554550170898e+02
1.346858265399932861e+02
1.347383575439453125e+02
1.347995014190673828e+02
1.348513536453247070e+02
1.349085373878479004e+02
1.349618537425994873e+02
1.350202202796936035e+02
1.350719232559204102e+02
1.351343941688537598e+02
1.351840059757232666e+02
1.352458713054656982e+02
1.352941966056823730e+02
1.353562459945678711e+02
1.354068477153778076e+02
1.354730429649353027e+02
1.355220687389373779e+02
1.355821533203125000e+02
1.356361308097839355e+02
1.356937785148620605e+02
1.357443969249725342e+02
1.358039729595184326e+02
1.358542029857635498e+02
1.359167490005493164e+02
1.359653148651123047e+02
1.360309853553771973e+02
1.360812079906463623e+02
1.361400456428527832e+02
1.361923623085021973e+02
1.362518153190612793e+02
1.363031797409057617e+02
1.363686201572418213e+02
1.364177174568176270e+02
1.364775021076202393e+02
1.365280573368072510e+02
1.365891778469085693e+02
1.366416594982147217e+02
1.366888225078582764e+02
1.367501025199890137e+02
1.367982466220855713e+02
1.368602011203765869e+02
1.369099407196044922e+02
1.369727416038513184e+02
1.370240495204925537e+02
1.370856001377105713e+02
1.371375572681427002e+02
1.371984746456146240e+02
1.372471835613250732e+02
1.373093793392181396e+02
1.373586301803588867e+02
1.374210538864135742e+02
1.374734601974487305e+02
1.375353906154632568e+02
1.375842335224151611e+02
1.376453957557678223e+02
1.376942551136016846e+02
1.377567024230957031e+02
1.378078193664550781e+02
1.378697354793548584e+02
1.379203836917877197e+02
1.379809968471527100e+02
1.380325868129730225e+02
1.380928556919097900e+02
1.381423084735870361e+02
1.382041609287261963e+02
1.382552156448364258e+02
1.383175029754638672e+02
1.383730711936950684e+02
1.384310352802276611e+02
1.384825150966644287e+02
1.385420646667480469e+02
1.385887150764465332e+02
1.386512689590454102e+02
1.387037174701690674e+02
1.387660441398620605e+02
1.388198153972625732e+02
1.388790152072906494e+02
1.389372498989105225e+02
1.389888994693756104e+02
1.390351760387420654e+02
1.391102931499481201e+02
1.391544811725616455e+02
1.392129111289978027e+02
1.392616021633148193e+02
1.393244023323059082e+02
1.393741772174835205e+02
1.394404942989349365e+02
1.394912753105163574e+02
1.395573883056640625e+02
1.396020674705505371e+02
1.396609046459197998e+02
1.397109203338623047e+02
1.397718844413757324e+02
1.398237788677215576e+02
1.398860533237457275e+02
1.399359729290008545e+02
1.399960110187530518e+02
1.400485386848449707e+02
1.401098108291625977e+02
1.401590700149536133e+02
1.402255430221557617e+02
1.402736253738403320e+02
1.403321990966796875e+02
1.403837094306945801e+02
1.404442055225372314e+02
1.404997622966766357e+02
1.405554859638214111e+02
1.406072769165039062e+02
1.406687772274017334e+02
1.407184920310974121e+02
1.407663764953613281e+02
1.408323132991790771e+02
1.408810448646545410e+02
1.409422581195831299e+02
1.409909193515777588e+02
1.410532424449920654e+02
1.411075978279113770e+02
1.411655063629150391e+02
1.412197558879852295e+02
1.412803592681884766e+02
1.413300063610076904e+02
1.413875811100006104e+02
1.414391403198242188e+02
1.415001940727233887e+02
1.415514605045318604e+02
1.416156823635101318e+02
1.416636602878570557e+02
1.417232491970062256e+02
1.417760000228881836e+02
1.418369667530059814e+02
1.418873851299285889e+02
1.419498088359832764e+02
1.419985420703887939e+02
1.420599219799041748e+02
1.421130187511444092e+02
1.421758618354797363e+02
1.422262403964996338e+02
1.422835464477539062e+02
1.423407516479492188e+02
1.424057013988494873e+02
1.424537444114685059e+02
1.425111112594604492e+02
1.425586361885070801e+02
1.426213419437408447e+02
1.426727287769317627e+02
1.427325301170349121e+02
1.427862856388092041e+02
1.428437025547027588e+02
1.428967292308807373e+02
1.429566972255706787e+02
1.430059740543365479e+02
1.430677840709686279e+02
1.431177067756652832e+02
1.431805942058563232e+02
1.432340610027313232e+02
1.432983427047729492e+02
1.433459589481353760e+02
1.434051315784454346e+02
1.434576234817504883e+02
1.435179882049560547e+02
1.435669636726379395e+02
1.436343095302581787e+02
1.436844444274902344e+02
1.437403011322021484e+02
1.437878305912017822e+02
1.438517897129058838e+02
1.439017159938812256e+02
1.439652657508850098e+02
1.440192451477050781e+02
1.440789172649383545e+02
1.441277396678924561e+02
1.441886684894561768e+02
1.442373332977294922e+02
1.443074522018432617e+02
1.443536703586578369e+02
1.444143352508544922e+02
1.444620153903961182e+02
1.445257430076599121e+02
1.445791122913360596e+02
1.446393060684204102e+02
1.446919519901275635e+02
1.447519388198852539e+02
1.447969439029693604e+02
1.448488700389862061e+02
1.449104824066162109e+02
1.449596443176269531e+02
1.450207400321960449e+02
1.450696654319763184e+02
1.451326522827148438e+02
1.451837184429168701e+02
1.452510726451873779e+02
1.452991106510162354e+02
1.453629472255706787e+02
1.454118347167968750e+02
1.454689917564392090e+02
1.455158889293670654e+02
1.455819151401519775e+02
1.456313672065734863e+02
1.456927058696746826e+02
1.457422642707824707e+02
1.458039937019348145e+02
1.458606779575347900e+02
1.459190928936004639e+02
1.459692363739013672e+02
1.460290369987487793e+02
1.460795912742614746e+02
1.461421682834625244e+02
1.461944611072540283e+02
1.462560923099517822e+02
1.463036842346191406e+02
1.463646180629730225e+02
1.464180986881256104e+02
1.464776225090026855e+02
1.465283770561218262e+02
1.465885336399078369e+02
1.466417031288146973e+02
1.466997547149658203e+02
1.467502970695495605e+02
1.468162233829498291e+02
1.468634240627288818e+02
1.469253156185150146e+02
1.469760138988494873e+02
1.470402185916900635e+02
1.470899584293365479e+02
1.471483299732208252e+02
1.471974928379058838e+02
1.472609777450561523e+02
1.473112046718597412e+02
1.473741474151611328e+02
1.474232387542724609e+02
1.474839074611663818e+02
1.475321044921875000e+02
1.476000103950500488e+02
1.476476552486419678e+02
1.477084984779357910e+02
1.477592692375183105e+02
1.478213503360748291e+02
1.478727602958679199e+02
1.479340326786041260e+02
1.479876782894134521e+02
1.480471155643463135e+02
1.480998651981353760e+02
1.481583578586578369e+02
1.482053849697113037e+02
1.482710657119750977e+02
1.483208019733428955e+02
1.483820257186889648e+02
1.484330871105194092e+02
1.484957857131958008e+02
1.485434257984161377e+02
1.486042609214782715e+02
1.486552855968475342e+02
1.487192091941833496e+02
1.487685425281524658e+02
1.488299272060394287e+02
1.488796527385711670e+02
1.489401273727416992e+02
1.489894497394561768e+02
1.490367023944854736e+02
1.491006467342376709e+02
1.491524126529693604e+02
1.492122790813446045e+02
1.492615425586700439e+02
1.493273742198944092e+02
1.493767330646514893e+02
1.494393830299377441e+02
1.494909007549285889e+02
1.495522024631500244e+02
1.495978434085845947e+02
1.496619701385498047e+02
1.497108449935913086e+02
1.497722649574279785e+02
1.498222887516021729e+02
1.498841936588287354e+02
1.499394054412841797e+02
1.499990744590759277e+02
1.500482845306396484e+02
1.501103234291076660e+02
1.501601674556732178e+02
1.502207725048065186e+02
1.502729210853576660e+02
1.503332054615020752e+02
1.503817398548126221e+02
1.504441509246826172e+02
1.504965801239013672e+02
1.505577955245971680e+02
1.506060509681701660e+02
1.506687781810760498e+02
1.507212772369384766e+02
1.507841038703918457e+02
1.508354761600494385e+02
1.508966567516326904e+02
1.509444437026977539e+02
1.510079450607299805e+02
1.510533268451690674e+02
1.511177234649658203e+02
1.511679282188415527e+02
1.512280356884002686e+02
1.512800858020782471e+02
1.513421804904937744e+02
1.513945012092590332e+02
1.514515619277954102e+02
1.515079498291015625e+02
1.515653972625732422e+02
1.516140367984771729e+02
1.516806766986846924e+02
1.517287306785583496e+02
1.517897191047668457e+02
1.518421180248260498e+02
1.519016468524932861e+02
1.519504039287567139e+02
1.520143408775329590e+02
1.520636885166168213e+02
1.521243369579315186e+02
1.521736881732940674e+02
1.522370810508728027e+02
1.522907264232635498e+02
1.523500380516052246e+02
1.523986816406250000e+02
1.524619774818420410e+02
1.525130534172058105e+02
1.525721015930175781e+02
1.526231052875518799e+02
1.526844999790191650e+02
1.527353365421295166e+02
1.527996795177459717e+02
1.528495635986328125e+02
1.529082973003387451e+02
1.529590961933135986e+02
1.530208342075347900e+02
1.530745029449462891e+02
1.531224811077117920e+02
1.531821048259735107e+02
1.532294523715972900e+02
1.532918703556060791e+02
1.533415491580963135e+02
1.534042546749114990e+02
1.534572420120239258e+02
1.535215084552764893e+02
1.535721900463104248e+02
1.536286485195159912e+02
1.536774334907531738e+02
1.537421040534973145e+02
1.537892045974731445e+02
1.538554532527923584e+02
1.539060683250427246e+02
1.539663779735565186e+02
1.540151607990264893e+02
1.540781650543212891e+02
1.541273324489593506e+02
1.541880714893341064e+02
1.542454667091369629e+02
1.543015439510345459e+02
1.543524839878082275e+02
1.544123713970184326e+02
1.544630014896392822e+02
1.545232863426208496e+02
1.545774750709533691e+02
1.546392793655395508e+02
1.546869342327117920e+02
1.547526741027832031e+02
1.548006794452667236e+02
1.548622629642486572e+02
1.549186999797821045e+02
1.549753057956695557e+02
1.550228705406188965e+02
1.550860345363616943e+02
1.551350433826446533e+02
1.551972267627716064e+02
1.552465007305145264e+02
1.553088164329528809e+02
1.553624477386474609e+02
1.554232497215270996e+02
1.554735484123229980e+02
1.555354983806610107e+02
1.555873646736145020e+02
1.556455535888671875e+02
1.556963369846343994e+02
1.557580947875976562e+02
1.558059558868408203e+02
1.558682849407196045e+02
1.559178552627563477e+02
1.559799706935882568e+02
1.560278711318969727e+02
1.560916595458984375e+02
1.561420395374298096e+02
1.562039706707000732e+02
1.562544176578521729e+02
1.563194096088409424e+02
1.563702275753021240e+02
1.564314081668853760e+02
1.564801061153411865e+02
1.565423476696014404e+02
1.565918922424316406e+02
1.566556959152221680e+02
1.567026607990264893e+02
1.567669515609741211e+02
1.568184237480163574e+02
1.568764393329620361e+02
1.569269506931304932e+02
1.569882686138153076e+02
1.570368559360504150e+02
1.571008973121643066e+02
1.571526014804840088e+02
1.571999154090881348e+02
1.572633085250854492e+02
1.573142297267913818e+02
1.573725647926330566e+02
1.574252219200134277e+02
1.574866676330566406e+02
1.575334212779998779e+02
1.575956981182098389e+02
1.576480720043182373e+02
1.577086873054504395e+02
1.577573401927947998e+02
1.578226027488708496e+02
1.578720767498016357e+02
1.579314708709716797e+02
1.579821479320526123e+02
1.580440950393676758e+02
1.580939674377441406e+02
1.581587250232696533e+02
1.582073478698730469e+02
1.582708926200866699e+02
1.583219013214111328e+02
1.583817539215087891e+02
1.584351325035095215e+02
1.584986660480499268e+02
1.585461330413818359e+02
1.586066482067108154e+02
1.586566567420959473e+02
1.587174642086029053e+02
1.587692861557006836e+02
1.588292834758758545e+02
1.588779542446136475e+02
1.589434132575988770e+02
1.589926803112030029e+02
1.590542104244232178e+02
1.591038820743560791e+02
1.591644144058227539e+02
1.592152314186096191e+02
1.592764310836791992e+02
1.593295602798461914e+02
1.593882782459259033e+02
1.594375636577606201e+02
1.595026655197143555e+02
1.595565395355224609e+02
1.596176016330718994e+02
1.596673963069915771e+02
1.597236716747283936e+02
1.597733786106109619e+02
1.598382081985473633e+02
1.598851015567779541e+02
1.599571387767791748e+02
1.600004703998565674e+02
1.600599989891052246e+02
1.601110980510711670e+02
1.601726033687591553e+02
1.602228629589080811e+02
1.602853145599365234e+02
1.603376579284667969e+02
1.603999114036560059e+02
1.604522855281829834e+02
1.605092930793762207e+02
1.605603981018066406e+02
1.606202499866485596e+02
1.606703219413757324e+02
1.607329876422882080e+02
1.607810897827148438e+02
1.608485996723175049e+02
1.608943376541137695e+02
1.609558825492858887e+02
1.610039975643157959e+02
1.610688774585723877e+02
1.611217567920684814e+02
1.611853566169738770e+02
1.612310369014739990e+02
1.612794528007507324e+02
1.613404111862182617e+02
1.613893561363220215e+02
1.614536190032958984e+02
1.615026268959045410e+02
1.615654690265655518e+02
1.616170032024383545e+02
1.616754000186920166e+02
1.617240531444549561e+02
1.617888660430908203e+02
1.618400948047637939e+02
1.619017024040222168e+02
1.619516825675964355e+02
1.620165381431579590e+02
1.620651283264160156e+02
1.621253311634063721e+02
1.621756625175476074e+02
1.622351880073547363e+02
1.622858357429504395e+02
1.623479433059692383e+02
1.623988134860992432e+02
1.624620137214660645e+02
1.625096645355224609e+02
1.625717570781707764e+02
1.626238231658935547e+02
1.626872358322143555e+02
1.627338430881500244e+02
1.627968506813049316e+02
1.628467893600463867e+02
1.629088697433471680e+02
1.629617102146148682e+02
1.630242471694946289e+02
1.630730319023132324e+02
1.631320998668670654e+02
1.631801683902740479e+02
1.632555015087127686e+02
1.633017935752868652e+02
1.633593978881835938e+02
1.634093463420867920e+02
1.634695949554443359e+02
1.635195064544677734e+02
1.635809767246246338e+02
1.636321423053741455e+02
1.636927835941314697e+02
1.637454671859741211e+02
1.638075366020202637e+02
1.638607819080352783e+02
1.639177207946777344e+02
1.639665081501007080e+02
1.640286171436309814e+02
1.640792040824890137e+02
1.641417436599731445e+02
1.641915254592895508e+02
1.642522234916687012e+02
1.643060541152954102e+02
1.643661606311798096e+02
1.644185948371887207e+02
1.645265755653381348e+02
1.645891051292419434e+02
1.646380600929260254e+02
1.647006831169128418e+02
1.647532100677490234e+02
1.648132343292236328e+02
1.648604025840759277e+02
1.649277043342590332e+02
1.649813642501831055e+02
1.650403518676757812e+02
1.650955903530120850e+02
1.651499855518341064e+02
1.651983113288879395e+02
1.652612876892089844e+02
1.653110654354095459e+02
1.653721375465393066e+02
1.654234118461608887e+02
1.654702932834625244e+02
1.655321798324584961e+02
1.655813493728637695e+02
1.656444494724273682e+02
1.656953940391540527e+02
1.657566421031951904e+02
1.658101198673248291e+02
1.658698794841766357e+02
1.659188580513000488e+02
1.659809305667877197e+02
1.660302784442901611e+02
1.660921890735626221e+02
1.661418302059173584e+02
1.662039334774017334e+02
1.662535758018493652e+02
1.663172485828399658e+02
1.663671581745147705e+02
1.664292016029357910e+02
1.664771530628204346e+02
1.665418527126312256e+02
1.665909066200256348e+02
1.666531214714050293e+02
1.667042491436004639e+02
1.667654731273651123e+02
1.668164920806884766e+02
1.668760335445404053e+02
1.669264218807220459e+02
1.669888172149658203e+02
1.670371637344360352e+02
1.671017117500305176e+02
1.671521959304809570e+02
1.672136051654815674e+02
1.672625319957733154e+02
1.673261532783508301e+02
1.673730998039245605e+02
1.674371728897094727e+02
1.674885711669921875e+02
1.675485022068023682e+02
1.675983088016510010e+02
1.676604082584381104e+02
1.677131164073944092e+02
1.677784085273742676e+02
1.678264877796173096e+02
1.678861715793609619e+02
1.679360485076904297e+02
1.679961922168731689e+02
1.680437691211700439e+02
1.681110365390777588e+02
1.681629340648651123e+02
1.682235696315765381e+02
1.682763085365295410e+02
1.683328292369842529e+02
1.683812053203582764e+02
1.684469211101531982e+02
1.684942328929901123e+02
1.685601747035980225e+02
1.686112802028656006e+02
1.686711871623992920e+02
1.687235343456268311e+02
1.687822873592376709e+02
1.688290588855743408e+02
1.688929915428161621e+02
1.689419667720794678e+02
1.690038781166076660e+02
1.690566797256469727e+02
1.691176702976226807e+02
1.691683847904205322e+02
1.692307879924774170e+02
1.692794394493103027e+02
1.693892033100128174e+02
1.694537179470062256e+02
1.695014247894287109e+02
1.695501177310943604e+02
1.696133460998535156e+02
1.696617040634155273e+02
1.697250046730041504e+02
1.697760345935821533e+02
1.698383991718292236e+02
1.698927056789398193e+02
1.699493794441223145e+02
1.700007696151733398e+02
1.700600945949554443e+02
1.701095654964447021e+02
1.701723401546478271e+02
1.702216336727142334e+02
1.702874951362609863e+02
1.703377621173858643e+02
1.703958377838134766e+02
1.704477689266204834e+02
1.705115883350372314e+02
1.705638513565063477e+02
1.706237170696258545e+02
1.706732647418975830e+02
1.707322397232055664e+02
1.707831358909606934e+02
1.708455736637115479e+02
1.708939216136932373e+02
1.709573764801025391e+02
1.710069737434387207e+02
1.710679917335510254e+02
1.711216771602630615e+02
1.711813182830810547e+02
1.712317144870758057e+02
1.712913355827331543e+02
1.713420355319976807e+02
1.714052524566650391e+02
1.714597527980804443e+02
1.715182952880859375e+02
1.715686147212982178e+02
1.716283993721008301e+02
1.716786715984344482e+02
1.717408323287963867e+02
1.717896711826324463e+02
1.718535614013671875e+02
1.719052937030792236e+02
1.719681341648101807e+02
1.720142090320587158e+02
1.720778715610504150e+02
1.721264975070953369e+02
1.721879522800445557e+02
1.722375509738922119e+02
1.723015971183776855e+02
1.723523797988891602e+02
1.724120819568634033e+02
1.724663505554199219e+02
1.725268971920013428e+02
1.725765621662139893e+02
1.726375513076782227e+02
1.726895632743835449e+02
1.727506461143493652e+02
1.728014247417449951e+02
1.728663692474365234e+02
1.729114480018615723e+02
1.729744272232055664e+02
1.730273389816284180e+02
1.730932736396789551e+02
1.731391456127166748e+02
1.731983721256256104e+02
1.732472097873687744e+02
1.733118298053741455e+02
1.733603534698486328e+02
1.734234855175018311e+02
1.734730610847473145e+02
1.735334248542785645e+02
1.735872864723205566e+02
1.736352381706237793e+02
1.736952061653137207e+02
1.737463617324829102e+02
1.738039212226867676e+02
1.738555686473846436e+02
1.739164934158325195e+02
1.739679267406463623e+02
1.740269274711608887e+02
1.740798144340515137e+02
1.741451547145843506e+02
1.741939394474029541e+02
1.742558104991912842e+02
1.743035278320312500e+02
1.743636102676391602e+02
1.744185400009155273e+02
1.744754867553710938e+02
1.745294048786163330e+02
1.745890209674835205e+02
1.746422319412231445e+02
1.747003712654113770e+02
1.747531304359436035e+02
1.748128736019134521e+02
1.748625264167785645e+02
1.749259495735168457e+02
1.749801094532012939e+02
1.750355408191680908e+02
1.750853614807128906e+02
1.751481981277465820e+02
1.751979303359985352e+02
1.752616667747497559e+02
1.753102765083312988e+02
1.753739728927612305e+02
1.754238371849060059e+02
1.754843995571136475e+02
1.755397524833679199e+02
1.755960912704467773e+02
1.756474609375000000e+02
1.757113218307495117e+02
1.757635908126831055e+02
1.758234608173370361e+02
1.758725657463073730e+02
1.759346377849578857e+02
1.759831645488739014e+02
1.760439794063568115e+02
1.760956397056579590e+02
1.761582090854644775e+02
1.762069745063781738e+02
1.762709996700286865e+02
1.763187532424926758e+02
1.763837778568267822e+02
1.764326055049896240e+02
1.764918873310089111e+02
1.765400133132934570e+02
1.766061856746673584e+02
1.766565530300140381e+02
1.767206256389617920e+02
1.767697088718414307e+02
1.768300964832305908e+02
1.768792755603790283e+02
1.769413919448852539e+02
1.769924628734588623e+02
1.770537250041961670e+02
1.771019887924194336e+02
1.771635808944702148e+02
1.772143113613128662e+02
1.772776153087615967e+02
1.773271713256835938e+02
1.773884885311126709e+02
1.774384028911590576e+02
1.775023779869079590e+02
1.775486443042755127e+02
1.776141507625579834e+02
1.776621873378753662e+02
1.777115993499755859e+02
1.777756774425506592e+02
1.778237395286560059e+02
1.778861019611358643e+02
1.779352889060974121e+02
1.779971549510955811e+02
1.780484998226165771e+02
1.781101903915405273e+02
1.781613507270812988e+02
1.782237458229064941e+02
1.782719206809997559e+02
1.783325831890106201e+02
1.783810534477233887e+02
1.784465711116790771e+02
1.784951438903808594e+02
1.785595602989196777e+02
1.786088910102844238e+02
1.786688594818115234e+02
1.787194364070892334e+02
1.787795965671539307e+02
1.788342967033386230e+02
1.788951883316040039e+02
1.789433498382568359e+02
1.790044541358947754e+02
1.790531582832336426e+02
1.791193222999572754e+02
1.791694018840789795e+02
1.792318997383117676e+02
1.792784359455108643e+02
1.793400509357452393e+02
1.793886120319366455e+02
1.794529659748077393e+02
1.795038022994995117e+02
1.795636796951293945e+02
1.796123614311218262e+02
1.796771023273468018e+02
1.797253851890563965e+02
1.797918369770050049e+02
1.798405444622039795e+02
1.799020078182220459e+02
1.799552135467529297e+02
1.800136082172393799e+02
1.800638856887817383e+02
1.801245017051696777e+02
1.801745061874389648e+02
1.802377278804779053e+02
1.802860689163208008e+02
1.803480973243713379e+02
1.803990333080291748e+02
1.804658126831054688e+02
1.805169968605041504e+02
1.805751419067382812e+02
1.806241662502288818e+02
1.806852948665618896e+02
1.807351951599121094e+02
1.807974362373352051e+02
1.808465914726257324e+02
1.809087634086608887e+02
1.809580864906311035e+02
1.810228033065795898e+02
1.810724577903747559e+02
1.811334636211395264e+02
1.811829781532287598e+02
1.812442569732666016e+02
1.812974379062652588e+02
1.813578925132751465e+02
1.814076282978057861e+02
1.814714019298553467e+02
1.815219552516937256e+02
1.815815303325653076e+02
1.816309666633605957e+02
1.816939470767974854e+02
1.817440476417541504e+02
1.818044486045837402e+02
1.818521542549133301e+02
1.819034657478332520e+02
1.819658336639404297e+02
1.820166454315185547e+02
1.820771923065185547e+02
1.821266958713531494e+02
1.821890015602111816e+02
1.822373750209808350e+02
1.823003559112548828e+02
1.823482034206390381e+02
1.824111711978912354e+02
1.824635503292083740e+02
1.825282440185546875e+02
1.825787556171417236e+02
1.826383886337280273e+02
1.826870939731597900e+02
1.827512028217315674e+02
1.828030707836151123e+02
1.828627383708953857e+02
1.829101660251617432e+02
1.829755954742431641e+02
1.830233261585235596e+02
1.830864689350128174e+02
1.831343085765838623e+02
1.832011399269104004e+02
1.832475028038024902e+02
1.833111577033996582e+02
1.833583421707153320e+02
1.834229977130889893e+02
1.834721789360046387e+02
1.835317332744598389e+02
1.835810456275939941e+02
1.836438696384429932e+02
1.836986684799194336e+02
1.837623662948608398e+02
1.838082880973815918e+02
1.838679759502410889e+02
1.839161276817321777e+02
1.839817941188812256e+02
1.840324168205261230e+02
1.840920014381408691e+02
1.841399002075195312e+02
1.842041680812835693e+02
1.842556006908416748e+02
1.843197197914123535e+02
1.843693542480468750e+02
1.844377896785736084e+02
1.844808208942413330e+02
1.845427379608154297e+02
1.845906445980072021e+02
1.846528053283691406e+02
1.847024073600769043e+02
1.847652404308319092e+02
1.848169040679931641e+02
1.848763806819915771e+02
1.849256846904754639e+02
1.849886512756347656e+02
1.850419018268585205e+02
1.851040949821472168e+02
1.851531171798706055e+02
1.852137105464935303e+02
1.852637529373168945e+02
1.853276464939117432e+02
1.853757030963897705e+02
1.854374771118164062e+02
1.854858450889587402e+02
1.855500519275665283e+02
1.855976767539978027e+02
1.856591315269470215e+02
1.857102653980255127e+02
1.857751135826110840e+02
1.858231444358825684e+02
1.858840162754058838e+02
1.859392337799072266e+02
1.859874265193939209e+02
1.860475299358367920e+02
1.860998466014862061e+02
1.861574585437774658e+02
1.862055728435516357e+02
1.862703726291656494e+02
1.863180599212646484e+02
1.863820881843566895e+02
1.864353318214416504e+02
1.864964859485626221e+02
1.865421965122222900e+02
1.866042683124542236e+02
1.866524848937988281e+02
1.867172563076019287e+02
1.867676317691802979e+02
1.868285560607910156e+02
1.868777322769165039e+02
1.869397759437561035e+02
1.869914987087249756e+02
1.870536317825317383e+02
1.871055009365081787e+02
1.871642038822174072e+02
1.872128031253814697e+02
1.872771215438842773e+02
1.873278300762176514e+02
1.873889505863189697e+02
1.874392323493957520e+02
1.875004482269287109e+02
1.875499584674835205e+02
1.876131885051727295e+02
1.876636354923248291e+02
1.877241606712341309e+02
1.877739806175231934e+02
1.878365478515625000e+02
1.878852434158325195e+02
1.879509000778198242e+02
1.879986965656280518e+02
1.880614535808563232e+02
1.881100714206695557e+02
1.881736586093902588e+02
1.882888166904449463e+02
1.883355815410614014e+02
1.883972554206848145e+02
1.884470622539520264e+02
1.885125157833099365e+02
1.885637414455413818e+02
1.886233627796173096e+02
1.886728711128234863e+02
1.887362117767333984e+02
1.887838976383209229e+02
1.888433649539947510e+02
1.888952293395996094e+02
1.889593067169189453e+02
1.890103449821472168e+02
1.890715551376342773e+02
1.891814246177673340e+02
1.892322785854339600e+02
1.892939658164978027e+02
1.893431003093719482e+02
1.894036617279052734e+02
1.894597663879394531e+02
1.895204281806945801e+02
1.895702433586120605e+02
1.896291692256927490e+02
1.896780633926391602e+02
1.897405791282653809e+02
1.897919251918792725e+02
1.898528938293457031e+02
1.899011082649230957e+02
1.899672966003417969e+02
1.900189917087554932e+02
1.900688114166259766e+02
1.901313388347625732e+02
1.901771459579467773e+02
1.902359321117401123e+02
1.902862870693206787e+02
1.903482751846313477e+02
1.903985850811004639e+02
1.904641678333282471e+02
1.905129313468933105e+02
1.905783984661102295e+02
1.906275863647460938e+02
1.906909172534942627e+02
1.907401893138885498e+02
1.907995295524597168e+02
1.908494448661804199e+02
1.909109721183776855e+02
1.909582617282867432e+02
1.910202109813690186e+02
1.910706918239593506e+02
1.911320054531097412e+02
1.911825864315032959e+02
1.912437794208526611e+02
1.912939748764038086e+02
1.913577735424041748e+02
1.914076952934265137e+02
1.914682903289794922e+02
1.915199553966522217e+02
1.915850994586944580e+02
1.916354689598083496e+02
1.917013711929321289e+02
1.917452285289764404e+02
1.918052065372467041e+02
1.918558528423309326e+02
1.919180915355682373e+02
1.919717040061950684e+02
1.920281639099121094e+02
1.920764133930206299e+02
1.921440544128417969e+02
1.921951708793640137e+02
1.922554183006286621e+02
1.923074479103088379e+02
1.923642110824584961e+02
1.924159283638000488e+02
1.924769825935363770e+02
1.925258755683898926e+02
1.925895700454711914e+02
1.926441941261291504e+02
1.927055900096893311e+02
1.927574136257171631e+02
1.928126914501190186e+02
1.928662011623382568e+02
1.929256744384765625e+02
1.929777431488037109e+02
1.930435826778411865e+02
1.930900938510894775e+02
1.931474499702453613e+02
1.931983375549316406e+02
1.932604515552520752e+02
1.933137807846069336e+02
1.933736028671264648e+02
1.934238944053649902e+02
1.934845209121704102e+02
1.935332679748535156e+02
1.935968713760375977e+02
1.936464719772338867e+02
1.937091214656829834e+02
1.937662765979766846e+02
1.938225800991058350e+02
1.938728566169738770e+02
1.939335143566131592e+02
1.939814796447753906e+02
1.940457656383514404e+02
1.940939242839813232e+02
1.941444234848022461e+02
1.942042818069458008e+02
1.942536005973815918e+02
1.943160011768341064e+02
1.943669679164886475e+02
1.944309682846069336e+02
1.944809761047363281e+02
1.945414631366729736e+02
1.945917510986328125e+02
1.946554319858551025e+02
1.947015464305877686e+02
1.947659320831298828e+02
1.948153901100158691e+02
1.948757116794586182e+02
1.949265186786651611e+02
1.949888768196105957e+02
1.950392608642578125e+02
1.951001725196838379e+02
1.951544320583343506e+02
1.952175529003143311e+02
1.952665541172027588e+02
1.953253350257873535e+02
1.953742566108703613e+02
1.954364876747131348e+02
1.954873538017272949e+02
1.955474843978881836e+02
1.956004915237426758e+02
1.956624500751495361e+02
1.957133922576904297e+02
1.957738909721374512e+02
1.958233346939086914e+02
1.958851172924041748e+02
1.959338297843933105e+02
1.959959943294525146e+02
1.960436446666717529e+02
1.961144359111785889e+02
1.961626665592193604e+02
1.962243809700012207e+02
1.962707993984222412e+02
1.963383324146270752e+02
1.963839545249938965e+02
1.964466509819030762e+02
1.964953658580780029e+02
1.965587635040283203e+02
1.966073415279388428e+02
1.966676232814788818e+02
1.967214581966400146e+02
1.967829511165618896e+02
1.968316659927368164e+02
1.968931369781494141e+02
1.969416844844818115e+02
1.970044913291931152e+02
1.970536596775054932e+02
1.971210885047912598e+02
1.971729440689086914e+02
1.972290673255920410e+02
1.972779798507690430e+02
1.973403828144073486e+02
1.973952369689941406e+02
1.974521472454071045e+02
1.975059790611267090e+02
1.975635890960693359e+02
1.976172912120819092e+02
1.976789634227752686e+02
1.977261915206909180e+02
1.977892289161682129e+02
1.978383858203887939e+02
1.979008200168609619e+02
1.979520268440246582e+02
1.980139212608337402e+02
1.980660743713378906e+02
1.981245605945587158e+02
1.981718864440917969e+02
1.982414324283599854e+02
1.982914042472839355e+02
1.983394045829772949e+02
1.984026856422424316e+02
1.984498269557952881e+02
1.985094852447509766e+02
1.985586860179901123e+02
1.986204783916473389e+02
1.986715805530548096e+02
1.987335398197174072e+02
1.989586379528045654e+02
1.991207370758056641e+02
1.991832659244537354e+02
1.992318859100341797e+02
1.992955300807952881e+02
1.993425548076629639e+02
1.994052710533142090e+02
1.994562695026397705e+02
1.995183520317077637e+02
1.995723285675048828e+02
1.996344630718231201e+02
1.996843783855438232e+02
1.997428026199340820e+02
1.997891781330108643e+02
1.998523626327514648e+02
1.999020156860351562e+02
1.999668900966644287e+02
2.000164716243743896e+02
2.000769996643066406e+02
2.001274032592773438e+02
2.001891367435455322e+02
2.002444891929626465e+02
2.003078413009643555e+02
2.003585267066955566e+02
2.004176113605499268e+02
2.004668223857879639e+02
2.005240287780761719e+02
2.005765857696533203e+02
2.006369671821594238e+02
2.006889004707336426e+02
2.007500092983245850e+02
2.007980754375457764e+02
2.008634235858917236e+02
2.009107379913330078e+02
2.009728033542633057e+02
2.010234370231628418e+02
2.010857272148132324e+02
2.011381566524505615e+02
2.011979074478149414e+02
2.012516741752624512e+02
2.013105533123016357e+02
2.013579413890838623e+02
2.014206123352050781e+02
2.014721989631652832e+02
2.015413517951965332e+02
2.015829982757568359e+02
2.016432557106018066e+02
2.016958756446838379e+02
2.017570245265960693e+02
2.018058850765228271e+02
2.018684711456298828e+02
2.019198729991912842e+02
2.019836106300354004e+02
2.020357520580291748e+02
2.020935671329498291e+02
2.021440033912658691e+02
2.022036259174346924e+02
2.022531275749206543e+02
2.023178856372833252e+02
2.023667988777160645e+02
2.024167516231536865e+02
2.024773516654968262e+02
2.025259637832641602e+02
2.025890667438507080e+02
2.026395335197448730e+02
2.027002387046813965e+02
2.027503807544708252e+02
2.028159854412078857e+02
2.028641200065612793e+02
2.029261181354522705e+02
2.029737360477447510e+02
2.030380568504333496e+02
2.030927557945251465e+02
2.031503543853759766e+02
2.032000696659088135e+02
2.032620358467102051e+02
2.033112623691558838e+02
2.033732726573944092e+02
2.034237709045410156e+02
2.034859549999237061e+02
2.035358180999755859e+02
2.035971467494964600e+02
2.036476891040802002e+02
2.037078871726989746e+02
2.037587239742279053e+02
2.038240509033203125e+02
2.038744196891784668e+02
2.039391918182373047e+02
2.039843516349792480e+02
2.040445048809051514e+02
2.040974519252777100e+02
2.041577992439270020e+02
2.042053000926971436e+02
2.042690906524658203e+02
2.043203969001770020e+02
2.043830122947692871e+02
2.044343824386596680e+02
2.044953966140747070e+02
2.045455465316772461e+02
2.046035170555114746e+02
2.046536324024200439e+02
2.047194688320159912e+02
2.047654111385345459e+02
2.048291537761688232e+02
2.048801994323730469e+02
2.049439787864685059e+02
2.049923231601715088e+02
2.050538444519042969e+02
2.051055636405944824e+02
2.051676912307739258e+02
2.052165002822875977e+02
2.052770969867706299e+02
2.053258109092712402e+02
2.053881077766418457e+02
2.054389708042144775e+02
2.054997756481170654e+02
2.055501954555511475e+02
2.056144266128540039e+02
2.056638667583465576e+02
2.057241625785827637e+02
2.057741076946258545e+02
2.058379089832305908e+02
2.058914012908935547e+02
2.059498012065887451e+02
2.060012073516845703e+02
2.060630543231964111e+02
2.061106595993041992e+02
2.061732971668243408e+02
2.062233777046203613e+02
2.062843203544616699e+02
2.063340573310852051e+02
2.063966782093048096e+02
2.064479293823242188e+02
2.064952740669250488e+02
2.065581450462341309e+02
2.066041302680969238e+02
2.066693518161773682e+02
2.067251243591308594e+02
2.067805955410003662e+02
2.068343527317047119e+02
2.068979756832122803e+02
2.069466180801391602e+02
2.070044338703155518e+02
2.070545825958251953e+02
2.071163399219512939e+02
2.071651418209075928e+02
2.072311253547668457e+02
2.072780320644378662e+02
2.073408186435699463e+02
2.073921365737915039e+02
2.074544794559478760e+02
2.075016255378723145e+02
2.075640802383422852e+02
2.076121740341186523e+02
2.076794455051422119e+02
2.077293033599853516e+02
2.077895121574401855e+02
2.078394658565521240e+02
2.079024503231048584e+02
2.079552965164184570e+02
2.080131146907806396e+02
2.080632514953613281e+02
2.081253218650817871e+02
2.081760959625244141e+02
2.082391102313995361e+02
2.082913088798522949e+02
2.083489000797271729e+02
2.083985507488250732e+02
2.084594175815582275e+02
2.085124008655548096e+02
2.085758857727050781e+02
2.086263396739959717e+02
2.086878640651702881e+02
2.087354190349578857e+02
2.088004536628723145e+02
2.088465995788574219e+02
2.089091250896453857e+02
2.089586045742034912e+02
2.090201523303985596e+02
2.090726258754730225e+02
2.091333503723144531e+02
2.091864440441131592e+02
2.092467205524444580e+02
2.092970888614654541e+02
2.093592762947082520e+02
2.094088618755340576e+02
2.094677965641021729e+02
2.095168182849884033e+02
2.095829873085021973e+02
2.096295742988586426e+02
2.096954307556152344e+02
2.097437624931335449e+02
2.098067896366119385e+02
2.098573412895202637e+02
2.099176898002624512e+02
2.099682667255401611e+02
2.100286130905151367e+02
2.100784258842468262e+02
2.101536364555358887e+02
2.102032568454742432e+02
2.102608876228332520e+02
2.103081340789794922e+02
2.103794736862182617e+02
2.104262969493865967e+02
2.104881169795989990e+02
2.105392782688140869e+02
2.105930521488189697e+02
2.106417136192321777e+02
2.106896970272064209e+02
2.107510886192321777e+02
2.107999632358551025e+02
2.108609187602996826e+02
2.109116623401641846e+02
2.109732599258422852e+02
2.110217394828796387e+02
2.110868363380432129e+02
2.111355609893798828e+02
2.111988198757171631e+02
2.112472546100616455e+02
2.113087179660797119e+02
2.113596842288970947e+02
2.114236536026000977e+02
2.114725894927978516e+02
2.115331931114196777e+02
2.115843281745910645e+02
2.116475484371185303e+02
2.116986348628997803e+02
2.117585690021514893e+02
2.118067548274993896e+02
2.118684644699096680e+02
2.119226138591766357e+02
2.119816439151763916e+02
2.120301821231842041e+02
2.120924258232116699e+02
2.121418740749359131e+02
2.122068722248077393e+02
2.122543554306030273e+02
2.123172414302825928e+02
2.123663189411163330e+02
2.124326748847961426e+02
2.124806234836578369e+02
2.125444204807281494e+02
2.125922133922576904e+02
2.126588985919952393e+02
2.127037723064422607e+02
2.127635326385498047e+02
2.128173472881317139e+02
2.128804268836975098e+02
2.129304189682006836e+02
2.129892706871032715e+02
2.130375795364379883e+02
2.131016514301300049e+02
2.131514246463775635e+02
2.132142114639282227e+02
2.132683320045471191e+02
2.133275175094604492e+02
2.133803858757019043e+02
2.134411411285400391e+02
2.134896411895751953e+02
2.135504181385040283e+02
2.135990746021270752e+02
2.136620175838470459e+02
2.137109446525573730e+02
2.137739872932434082e+02
2.138329770565032959e+02
2.138855099678039551e+02
2.139369633197784424e+02
2.140008440017700195e+02
2.140545330047607422e+02
2.141138298511505127e+02
2.141613483428955078e+02
2.142224593162536621e+02
2.142703442573547363e+02
2.143336486816406250e+02
2.143831412792205811e+02
2.144459443092346191e+02
2.144995052814483643e+02
2.145597376823425293e+02
2.146110985279083252e+02
2.146678328514099121e+02
2.147256796360015869e+02
2.147724575996398926e+02
2.148401992321014404e+02
2.148864345550537109e+02
2.149455263614654541e+02
2.149971671104431152e+02
2.150536882877349854e+02
2.151056025028228760e+02
2.151692378520965576e+02
2.152199540138244629e+02
2.152767448425292969e+02
2.153292319774627686e+02
2.153942325115203857e+02
2.154435038566589355e+02
2.155031867027282715e+02
2.155557143688201904e+02
2.156180217266082764e+02
2.156683673858642578e+02
2.157317819595336914e+02
2.157831437587738037e+02
2.158412182331085205e+02
2.158902060985565186e+02
2.159535315036773682e+02
2.160011522769927979e+02
2.160634453296661377e+02
2.161111814975738525e+02
2.161738026142120361e+02
2.162281525135040283e+02
2.162914552688598633e+02
2.163395042419433594e+02
2.163975858688354492e+02
2.164490509033203125e+02
2.165099799633026123e+02
2.165607993602752686e+02
2.166251039505004883e+02
2.166731414794921875e+02
2.167354164123535156e+02
2.167851529121398926e+02
2.168455657958984375e+02
2.168969519138336182e+02
2.169558401107788086e+02
2.170118429660797119e+02
2.170727329254150391e+02
2.171272354125976562e+02
2.171854059696197510e+02
2.172368476390838623e+02
2.172955243587493896e+02
2.173466393947601318e+02
2.174059705734252930e+02
2.174579527378082275e+02
2.175200080871582031e+02
2.175702874660491943e+02
2.176304135322570801e+02
2.176832046508789062e+02
2.177442777156829834e+02
2.177943022251129150e+02
2.178560330867767334e+02
2.179120752811431885e+02
2.179692463874816895e+02
2.180170693397521973e+02
2.180831274986267090e+02
2.181318485736846924e+02
2.181922333240509033e+02
2.182411401271820068e+02
2.182989442348480225e+02
2.183522703647613525e+02
2.184167716503143311e+02
2.184651312828063965e+02
2.185277664661407471e+02
2.185811572074890137e+02
2.186393837928771973e+02
2.186882319450378418e+02
2.187493169307708740e+02
2.188022067546844482e+02
2.188501355648040771e+02
2.189189882278442383e+02
2.189644472599029541e+02
2.190290229320526123e+02
2.190791072845458984e+02
2.191394870281219482e+02
2.191876797676086426e+02
2.192453658580780029e+02
2.192939262390136719e+02
2.193608222007751465e+02
2.194090228080749512e+02
2.194683301448822021e+02
2.195202934741973877e+02
2.195838665962219238e+02
2.196338894367218018e+02
2.196965808868408203e+02
2.197503283023834229e+02
2.198103322982788086e+02
2.198567383289337158e+02
2.199168334007263184e+02
2.199681930541992188e+02
2.200310668945312500e+02
2.200821876525878906e+02
2.201405332088470459e+02
2.201905720233917236e+02
2.202531673908233643e+02
2.203045735359191895e+02
2.203652281761169434e+02
2.204207541942596436e+02
2.204819755554199219e+02
2.205291721820831299e+02
2.205951972007751465e+02
2.206425006389617920e+02
2.207037379741668701e+02
2.207517585754394531e+02
2.208162777423858643e+02
2.208656637668609619e+02
2.209260361194610596e+02
2.209767956733703613e+02
2.210370442867279053e+02
2.210857894420623779e+02
2.211467695236206055e+02
2.212004458904266357e+02
2.212653591632843018e+02
2.213138952255249023e+02
2.213753771781921387e+02
2.214242858886718750e+02
2.214886643886566162e+02
2.215401933193206787e+02
2.216005666255950928e+02
2.216491143703460693e+02
2.217093093395233154e+02
2.217607731819152832e+02
2.218254220485687256e+02
2.218732979297637939e+02
2.219343776702880859e+02
2.219837949275970459e+02
2.220454900264739990e+02
2.220996024608612061e+02
2.221608605384826660e+02
2.222130467891693115e+02
2.222713873386383057e+02
2.223298864364624023e+02
2.223850178718566895e+02
2.224333813190460205e+02
2.224940414428710938e+02
2.225507638454437256e+02
2.226093075275421143e+02
2.226599843502044678e+02
2.227157719135284424e+02
2.227699797153472900e+02
2.228313372135162354e+02
2.228831334114074707e+02
2.229312803745269775e+02
2.229914739131927490e+02
2.230401940345764160e+02
2.231015450954437256e+02
2.231535015106201172e+02
2.232138545513153076e+02
2.232655496597290039e+02
2.233243992328643799e+02
2.233759253025054932e+02
2.234405333995819092e+02
2.234893500804901123e+02
2.235495760440826416e+02
2.235516405105590820e+02
2.237881820201873779e+02
2.238444321155548096e+02
2.238941271305084229e+02
2.239525811672210693e+02
2.239977619647979736e+02
2.240596032142639160e+02
2.241082558631896973e+02
2.241714313030242920e+02
2.242206094264984131e+02
2.242813491821289062e+02
2.243295845985412598e+02
2.243937680721282959e+02
2.244445695877075195e+02
2.245057783126831055e+02
2.245521388053894043e+02
2.246011385917663574e+02
2.246577377319335938e+02
2.247065801620483398e+02
2.247679610252380371e+02
2.248219714164733887e+02
2.248829722404479980e+02
2.249343008995056152e+02
2.249921479225158691e+02
2.250413916110992432e+02
2.251039977073669434e+02
2.251574182510375977e+02
2.252181754112243652e+02
2.252675931453704834e+02
2.253304855823516846e+02
2.253795382976531982e+02
2.254404904842376709e+02
2.254867231845855713e+02
2.255508801937103271e+02
2.256035599708557129e+02
2.256635169982910156e+02
2.257132096290588379e+02
2.257767872810363770e+02
2.258283176422119141e+02
2.258895242214202881e+02
2.259409837722778320e+02
2.260031435489654541e+02
2.260537815093994141e+02
2.261122972965240479e+02
2.261622745990753174e+02
2.262237660884857178e+02
2.262724921703338623e+02
2.263360104560852051e+02
2.263886458873748779e+02
2.264508845806121826e+02
2.265016248226165771e+02
2.265619161128997803e+02
2.266130654811859131e+02
2.266725757122039795e+02
2.267222816944122314e+02
2.267863783836364746e+02
2.268352515697479248e+02
2.268967614173889160e+02
2.269498975276947021e+02
2.270084278583526611e+02
2.270616140365600586e+02
2.271197559833526611e+02
2.271762690544128418e+02
2.272354617118835449e+02
2.272884247303009033e+02
2.273476226329803467e+02
2.273980224132537842e+02
2.274554905891418457e+02
2.275068593025207520e+02
2.275684156417846680e+02
2.276182007789611816e+02
2.276804103851318359e+02
2.277339966297149658e+02
2.277928161621093750e+02
2.278429951667785645e+02
2.279026386737823486e+02
2.279524123668670654e+02
2.280176711082458496e+02
2.280649008750915527e+02
2.281311273574829102e+02
2.281802868843078613e+02
2.282419903278350830e+02
2.282942960262298584e+02
2.283545014858245850e+02
2.284026861190795898e+02
2.284648823738098145e+02
2.285143742561340332e+02
2.285765547752380371e+02
2.286262764930725098e+02
2.286770999431610107e+02
2.287368664741516113e+02
2.287853651046752930e+02
2.288471796512603760e+02
2.288965177536010742e+02
2.289603900909423828e+02
2.290085358619689941e+02
2.290724546909332275e+02
2.291259734630584717e+02
2.291865136623382568e+02
2.292399649620056152e+02
2.292980802059173584e+02
2.293497626781463623e+02
2.294066929817199707e+02
2.294585888385772705e+02
2.295223808288574219e+02
2.295703902244567871e+02
2.296320366859436035e+02
2.296785111427307129e+02
2.297428238391876221e+02
2.297940866947174072e+02
2.298587055206298828e+02
2.299082317352294922e+02
2.299679858684539795e+02
2.300168094635009766e+02
2.300806667804718018e+02
2.301297969818115234e+02
2.301932854652404785e+02
2.302415986061096191e+02
2.303142979145050049e+02
2.303633105754852295e+02
2.304201200008392334e+02
2.304670011997222900e+02
2.305284600257873535e+02
2.305781526565551758e+02
2.306374690532684326e+02
2.306920580863952637e+02
2.307579782009124756e+02
2.308073956966400146e+02
2.308682749271392822e+02
2.309164991378784180e+02
2.309788722991943359e+02
2.310253050327301025e+02
2.310900416374206543e+02
2.311410617828369141e+02
2.312043046951293945e+02
2.312514407634735107e+02
2.313101460933685303e+02
2.313622624874114990e+02
2.314304537773132324e+02
2.314741225242614746e+02
2.315346639156341553e+02
2.315897593498229980e+02
2.316489737033843994e+02
2.316982316970825195e+02
2.317602639198303223e+02
2.318081810474395752e+02
2.318739223480224609e+02
2.319241077899932861e+02
2.319881722927093506e+02
2.320370523929595947e+02
2.320956208705902100e+02
2.321459043025970459e+02
2.322083904743194580e+02
2.322559843063354492e+02
2.323179543018341064e+02
2.323699388504028320e+02
2.324304962158203125e+02
2.325445055961608887e+02
2.325935885906219482e+02
2.326575427055358887e+02
2.327074935436248779e+02
2.327681996822357178e+02
2.328196337223052979e+02
2.328680827617645264e+02
2.329303009510040283e+02
2.329848225116729736e+02
2.330402526855468750e+02
2.330871381759643555e+02
2.331507344245910645e+02
2.332009618282318115e+02
2.332644305229187012e+02
2.333133797645568848e+02
2.333774962425231934e+02
2.334263689517974854e+02
2.334857766628265381e+02
2.335363180637359619e+02
2.335999071598052979e+02
2.336487860679626465e+02
2.337123899459838867e+02
2.337623426914215088e+02
2.338240852355957031e+02
2.338729450702667236e+02
2.339378259181976318e+02
2.339907534122467041e+02
2.340484545230865479e+02
2.340957739353179932e+02
2.341603965759277344e+02
2.342121078968048096e+02
2.342751016616821289e+02
2.343259720802307129e+02
2.343871490955352783e+02
2.344332973957061768e+02
2.344943544864654541e+02
2.345437235832214355e+02
2.346076192855834961e+02
2.346583867073059082e+02
2.347203180789947510e+02
2.347708802223205566e+02
2.348336870670318604e+02
2.348873586654663086e+02
2.349464488029479980e+02
2.349976546764373779e+02
2.350577173233032227e+02
2.351102635860443115e+02
2.351673223972320557e+02
2.352170989513397217e+02
2.352843117713928223e+02
2.353415267467498779e+02
2.353999872207641602e+02
2.354471571445465088e+02
2.355101778507232666e+02
2.355546779632568359e+02
2.356154141426086426e+02
2.356649169921875000e+02
2.357265923023223877e+02
2.357767953872680664e+02
2.358410186767578125e+02
2.358897805213928223e+02
2.359576106071472168e+02
2.360082273483276367e+02
2.361180322170257568e+02
2.361762359142303467e+02
2.362285332679748535e+02
2.362884542942047119e+02
2.363401160240173340e+02
2.364002821445465088e+02
2.364465870857238770e+02
2.365121221542358398e+02
2.365612113475799561e+02
2.366228525638580322e+02
2.366754961013793945e+02
2.367378385066986084e+02
2.367898914813995361e+02
2.368474702835083008e+02
2.368961691856384277e+02
2.369474952220916748e+02
2.370075623989105225e+02
2.370581102371215820e+02
2.371184096336364746e+02
2.371697537899017334e+02
2.372331070899963379e+02
2.372798609733581543e+02
2.373414287567138672e+02
2.373932189941406250e+02
2.374562225341796875e+02
2.375044443607330322e+02
2.375677196979522705e+02
2.376220710277557373e+02
2.376809070110321045e+02
2.377307448387145996e+02
2.377904808521270752e+02
2.378419106006622314e+02
2.379029183387756348e+02
2.379506123065948486e+02
2.380147438049316406e+02
2.380672490596771240e+02
2.381283414363861084e+02
2.381788675785064697e+02
2.382404284477233887e+02
2.382887108325958252e+02
2.383497090339660645e+02
2.383988704681396484e+02
2.384642097949981689e+02
2.385127234458923340e+02
2.385796961784362793e+02
2.386288156509399414e+02
2.386881191730499268e+02
2.387387223243713379e+02
2.387988152503967285e+02
2.388481142520904541e+02
2.389135625362396240e+02
2.389641687870025635e+02
2.390250465869903564e+02
2.390723652839660645e+02
2.391348683834075928e+02
2.391867632865905762e+02
2.392476527690887451e+02
2.392975265979766846e+02
2.393618259429931641e+02
2.394137911796569824e+02
2.394736552238464355e+02
2.395215599536895752e+02
2.395816698074340820e+02
2.396367917060852051e+02
2.396966962814331055e+02
2.397462201118469238e+02
2.398080852031707764e+02
2.398560302257537842e+02
2.399213654994964600e+02
2.399721431732177734e+02
2.400347104072570801e+02
2.400840675830841064e+02
2.401435263156890869e+02
2.401934440135955811e+02
2.402551567554473877e+02
2.403060297966003418e+02
2.403671166896820068e+02
2.404175622463226318e+02
2.404807248115539551e+02
2.405338218212127686e+02
2.405934410095214844e+02
2.406474874019622803e+02
2.407077434062957764e+02
2.407563056945800781e+02
2.408157389163970947e+02
2.408658790588378906e+02
2.409257156848907471e+02
2.409769356250762939e+02
2.410278875827789307e+02
2.410859959125518799e+02
2.411382057666778564e+02
2.412097477912902832e+02
2.412563593387603760e+02
2.413124351501464844e+02
2.413600621223449707e+02
2.414253385066986084e+02
2.414829649925231934e+02
2.415429759025573730e+02
2.415863537788391113e+02
2.416465115547180176e+02
2.416966202259063721e+02
2.417601196765899658e+02
2.418105819225311279e+02
2.418721344470977783e+02
2.419242041110992432e+02
2.419839429855346680e+02
2.420360498428344727e+02
2.420947868824005127e+02
2.421460878849029541e+02
2.422063786983489990e+02
2.422583844661712646e+02
2.423217573165893555e+02
2.423740060329437256e+02
2.424337294101715088e+02
2.424817564487457275e+02
2.425430052280426025e+02
2.425918190479278564e+02
2.426555612087249756e+02
2.427044560909271240e+02
2.427665469646453857e+02
2.428167867660522461e+02
2.428799233436584473e+02
2.429295365810394287e+02
2.429918591976165771e+02
2.430436601638793945e+02
2.431025333404541016e+02
2.431517050266265869e+02
2.432156212329864502e+02
2.432637400627136230e+02
2.433269145488739014e+02
2.433789234161376953e+02
2.434402098655700684e+02
2.434897978305816650e+02
2.435510303974151611e+02
2.436013507843017578e+02
2.436646950244903564e+02
2.437153065204620361e+02
2.439350173473358154e+02
2.440496692657470703e+02
2.441106355190277100e+02
2.441604182720184326e+02
2.442229101657867432e+02
2.442718532085418701e+02
2.443349571228027344e+02
2.443862795829772949e+02
2.444476270675659180e+02
2.445002601146697998e+02
2.445697312355041504e+02
2.446166515350341797e+02
2.447262835502624512e+02
2.447928960323333740e+02
2.448379681110382080e+02
2.448947887420654297e+02
2.449447917938232422e+02
2.450080826282501221e+02
2.450608522891998291e+02
2.451721522808074951e+02
2.452206673622131348e+02
2.452796201705932617e+02
2.453274123668670654e+02
2.453901486396789551e+02
2.454415323734283447e+02
2.455054616928100586e+02
2.455541172027587891e+02
2.456165292263031006e+02
2.456654522418975830e+02
2.457264773845672607e+02
2.457770242691040039e+02
2.458422107696533203e+02
2.458947279453277588e+02
2.459524753093719482e+02
2.460021677017211914e+02
2.460660109519958496e+02
2.461211676597595215e+02
2.461763539314270020e+02
2.462259895801544189e+02
2.462864880561828613e+02
2.463377892971038818e+02
2.464004526138305664e+02
2.464505729675292969e+02
2.465187222957611084e+02
2.465611832141876221e+02
2.466259527206420898e+02
2.466759219169616699e+02
2.467378542423248291e+02
2.467871921062469482e+02
2.468474903106689453e+02
2.468983755111694336e+02
2.469588403701782227e+02
2.470088944435119629e+02
2.470721526145935059e+02
2.471197566986083984e+02
2.471832251548767090e+02
2.472332272529602051e+02
2.472967128753662109e+02
2.473480820655822754e+02
2.474084050655364990e+02
2.474568092823028564e+02
2.475204224586486816e+02
2.475698938369750977e+02
2.476328806877136230e+02
2.476871304512023926e+02
2.477471981048583984e+02
2.477920057773590088e+02
2.478577644824981689e+02
2.479044969081878662e+02
2.479670608043670654e+02
2.480163006782531738e+02
2.481267809867858887e+02
2.481910529136657715e+02
2.482413637638092041e+02
2.483037765026092529e+02
2.483547735214233398e+02
2.484169316291809082e+02
2.484680345058441162e+02
2.485311217308044434e+02
2.485799624919891357e+02
2.486398315429687500e+02
2.486900932788848877e+02
2.487538831233978271e+02
2.488049700260162354e+02
2.488619768619537354e+02
2.489117844104766846e+02
2.489759526252746582e+02
2.490276651382446289e+02
2.490884172916412354e+02
2.491447207927703857e+02
2.492955479621887207e+02
2.493587908744812012e+02
2.494102375507354736e+02
2.494728446006774902e+02
2.495272786617279053e+02
2.495854904651641846e+02
2.496335325241088867e+02
2.496947135925292969e+02
2.497434041500091553e+02
2.498079881668090820e+02
2.498576498031616211e+02
2.499186537265777588e+02
2.499696533679962158e+02
2.500326132774353027e+02
2.500839352607727051e+02
2.501432199478149414e+02
2.501947281360626221e+02
2.502557275295257568e+02
2.503049943447113037e+02
2.503676528930664062e+02
2.504165749549865723e+02
2.504786281585693359e+02
2.505282015800476074e+02
2.505910193920135498e+02
2.506447646617889404e+02
2.507044522762298584e+02
2.507552103996276855e+02
2.508176944255828857e+02
2.508677330017089844e+02
2.509275333881378174e+02
2.509777548313140869e+02
2.510397901535034180e+02
2.510935795307159424e+02
2.511500136852264404e+02
2.512032639980316162e+02
2.512647392749786377e+02
2.513143756389617920e+02
2.513759407997131348e+02
2.514283087253570557e+02
2.514918410778045654e+02
2.515449988842010498e+02
2.516045317649841309e+02
2.516567566394805908e+02
2.517161321640014648e+02
2.517650825977325439e+02
2.518246567249298096e+02
2.518761525154113770e+02
2.519363675117492676e+02
2.519854142665863037e+02
2.520470807552337646e+02
2.520961470603942871e+02
2.521603245735168457e+02
2.522148187160491943e+02
2.522724606990814209e+02
2.523247876167297363e+02
2.523851773738861084e+02
2.524352300167083740e+02
2.524966008663177490e+02
2.525482501983642578e+02
2.526066224575042725e+02
2.526587276458740234e+02
2.527202990055084229e+02
2.527704958915710449e+02
2.528314499855041504e+02
2.528832621574401855e+02
2.529444284439086914e+02
2.529940555095672607e+02
2.530561220645904541e+02
2.531050596237182617e+02
2.531730644702911377e+02
2.532173545360565186e+02
2.532791392803192139e+02
2.533276653289794922e+02
2.533748145103454590e+02
2.534388449192047119e+02
2.534882850646972656e+02
2.535558440685272217e+02
2.536054527759552002e+02
2.536624660491943359e+02
2.537165722846984863e+02
2.537753262519836426e+02
2.538259658813476562e+02
2.538881044387817383e+02
2.539356334209442139e+02
2.539976999759674072e+02
2.540509800910949707e+02
2.541110332012176514e+02
2.541604590415954590e+02
2.542233843803405762e+02
2.542707324028015137e+02
2.543375320434570312e+02
2.543860213756561279e+02
2.544468290805816650e+02
2.544952337741851807e+02
2.545585663318634033e+02
2.546088297367095947e+02
2.546718015670776367e+02
2.547259738445281982e+02
2.547863454818725586e+02
2.548347280025482178e+02
2.548965051174163818e+02
2.549464545249938965e+02
2.550057976245880127e+02
2.550601899623870850e+02
2.551197760105133057e+02
2.551704080104827881e+02
2.552316401004791260e+02
2.552795026302337646e+02
2.553417406082153320e+02
2.553918707370758057e+02
2.554563269615173340e+02
2.555071301460266113e+02
2.555676672458648682e+02
2.556162140369415283e+02
2.556801295280456543e+02
2.557278060913085938e+02
2.557907986640930176e+02
2.558455123901367188e+02
2.559053452014923096e+02
2.559580707550048828e+02
2.560153489112854004e+02
2.560639572143554688e+02
2.561257321834564209e+02
2.561754798889160156e+02
2.562383968830108643e+02
2.562937071323394775e+02
2.563530344963073730e+02
2.564029533863067627e+02
2.564615550041198730e+02
2.565168359279632568e+02
2.565759732723236084e+02
2.566252038478851318e+02
2.566873676776885986e+02
2.567388131618499756e+02
2.567980544567108154e+02
2.568499329090118408e+02
2.569104266166687012e+02
2.569587874412536621e+02
2.570252485275268555e+02
2.570760302543640137e+02
2.571410279273986816e+02
2.571883895397186279e+02
2.572512855529785156e+02
2.573000624179840088e+02
2.573587293624877930e+02
2.574080212116241455e+02
2.574571895599365234e+02
2.575178868770599365e+02
2.575675163269042969e+02
2.576337378025054932e+02
2.576794621944427490e+02
2.577433598041534424e+02
2.577973582744598389e+02
2.578539917469024658e+02
2.579071199893951416e+02
2.579669232368469238e+02
2.580177884101867676e+02
2.580801389217376709e+02
2.581310141086578369e+02
2.581945655345916748e+02
2.582452659606933594e+02
2.583088572025299072e+02
2.583567125797271729e+02
2.584149703979492188e+02
2.584660131931304932e+02
2.585277614593505859e+02
2.585759317874908447e+02
2.586375446319580078e+02
2.586902756690979004e+02
2.587513523101806641e+02
2.587982878684997559e+02
2.588648223876953125e+02
2.589142465591430664e+02
2.589763484001159668e+02
2.590281245708465576e+02
2.590903027057647705e+02
2.591430263519287109e+02
2.592037768363952637e+02
2.592586529254913330e+02
2.593120367527008057e+02
2.593684310913085938e+02
2.594276800155639648e+02
2.594738547801971436e+02
2.595339615345001221e+02
2.595853033065795898e+02
2.596467411518096924e+02
2.597002618312835693e+02
2.597609272003173828e+02
2.598150866031646729e+02
2.598706989288330078e+02
2.599204981327056885e+02
2.599849491119384766e+02
2.600350706577301025e+02
2.600957691669464111e+02
2.601473259925842285e+02
2.602135574817657471e+02
2.602605385780334473e+02
2.603197975158691406e+02
2.603689093589782715e+02
2.604320447444915771e+02
2.604782009124755859e+02
2.605424370765686035e+02
2.605920233726501465e+02
2.606548192501068115e+02
2.607102563381195068e+02
2.607688624858856201e+02
2.608230080604553223e+02
2.608788440227508545e+02
2.609308743476867676e+02
2.609904723167419434e+02
2.610410611629486084e+02
2.611019804477691650e+02
2.611518230438232422e+02
2.612229335308074951e+02
2.612710771560668945e+02
2.613277113437652588e+02
2.613838701248168945e+02
2.614514815807342529e+02
2.615020234584808350e+02
2.615467720031738281e+02
2.616027054786682129e+02
2.616506745815277100e+02
2.617119712829589844e+02
2.617606956958770752e+02
2.618243935108184814e+02
2.618757536411285400e+02
2.619341859817504883e+02
2.619859442710876465e+02
2.620489337444305420e+02
2.620979118347167969e+02
2.621589853763580322e+02
2.622117614746093750e+02
2.622751116752624512e+02
2.623231177330017090e+02
2.623832509517669678e+02
2.624326899051666260e+02
2.624943923950195312e+02
2.625440411567687988e+02
2.626081209182739258e+02
2.626581199169158936e+02
2.627201440334320068e+02
2.627687897682189941e+02
2.628335278034210205e+02
2.628827693462371826e+02
2.629425170421600342e+02
2.629924371242523193e+02
2.630569176673889160e+02
2.631099882125854492e+02
2.631676301956176758e+02
2.632218208312988281e+02
2.632802989482879639e+02
2.633300766944885254e+02
2.633914275169372559e+02
2.634425740242004395e+02
2.635030097961425781e+02
2.635538747310638428e+02
2.636161630153656006e+02
2.636683197021484375e+02
2.637268009185791016e+02
2.637767574787139893e+02
2.638476386070251465e+02
2.638926131725311279e+02
2.639503831863403320e+02
2.640000829696655273e+02
2.640636162757873535e+02
2.641149139404296875e+02
2.641774837970733643e+02
2.642264544963836670e+02
2.642895686626434326e+02
2.643415846824645996e+02
2.644024522304534912e+02
2.644541649818420410e+02
2.645144791603088379e+02
2.645639712810516357e+02
2.646232399940490723e+02
2.646706776618957520e+02
2.647337713241577148e+02
2.647839450836181641e+02
2.648506124019622803e+02
2.649022345542907715e+02
2.649621012210845947e+02
2.650098721981048584e+02
2.650698385238647461e+02
2.651187305450439453e+02
2.651854135990142822e+02
2.652355463504791260e+02
2.652949609756469727e+02
2.653455417156219482e+02
2.654087810516357422e+02
2.654586265087127686e+02
2.655205562114715576e+02
2.655697827339172363e+02
2.656307914257049561e+02
2.656818981170654297e+02
2.657278568744659424e+02
2.657904562950134277e+02
2.658418505191802979e+02
2.659061417579650879e+02
2.659517796039581299e+02
2.660165760517120361e+02
2.660654916763305664e+02
2.661276166439056396e+02
2.661799581050872803e+02
2.662386999130249023e+02
2.662874803543090820e+02
2.663548746109008789e+02
2.664029772281646729e+02
2.664632968902587891e+02
2.665172374248504639e+02
2.665804531574249268e+02
2.666252369880676270e+02
2.666938040256500244e+02
2.667399244308471680e+02
2.667992186546325684e+02
2.668586471080780029e+02
2.669152216911315918e+02
2.669682087898254395e+02
2.670237860679626465e+02
2.670709636211395264e+02
2.671341409683227539e+02
2.671853358745574951e+02
2.672482156753540039e+02
2.672999846935272217e+02
2.673621339797973633e+02
2.674105451107025146e+02
2.674702808856964111e+02
2.675199456214904785e+02
2.675834674835205078e+02
2.676330783367156982e+02
2.676946694850921631e+02
2.677487156391143799e+02
2.678097403049468994e+02
2.678607401847839355e+02
2.679183168411254883e+02
2.679677906036376953e+02
2.680298104286193848e+02
2.680824275016784668e+02
2.681444606781005859e+02
2.681937205791473389e+02
2.682563860416412354e+02
2.683058025836944580e+02
2.683668797016143799e+02
2.684200065135955811e+02
2.684819173812866211e+02
2.685309691429138184e+02
2.685902757644653320e+02
2.686434755325317383e+02
2.687043514251708984e+02
2.687578439712524414e+02
2.688182578086853027e+02
2.688685960769653320e+02
2.689267168045043945e+02
2.689797799587249756e+02
2.690395650863647461e+02
2.690950551033020020e+02
2.691554262638092041e+02
2.692068023681640625e+02
2.692636570930480957e+02
2.693152282238006592e+02
2.693814468383789062e+02
2.694296443462371826e+02
2.694864518642425537e+02
2.695369343757629395e+02
2.695983450412750244e+02
2.696521413326263428e+02
2.697168450355529785e+02
2.697674827575683594e+02
2.698125519752502441e+02
2.698734180927276611e+02
2.699240350723266602e+02
2.699813873767852783e+02
2.700338287353515625e+02
2.701009151935577393e+02
2.701514675617218018e+02
2.702095339298248291e+02
2.702566547393798828e+02
2.703194911479949951e+02
2.703733878135681152e+02
2.704336459636688232e+02
2.704802007675170898e+02
2.705452301502227783e+02
2.705975317955017090e+02
2.706585657596588135e+02
2.707084538936614990e+02
2.707672429084777832e+02
2.708161568641662598e+02
2.708786973953247070e+02
2.709305791854858398e+02
2.709906940460205078e+02
2.710403981208801270e+02
2.711048645973205566e+02
2.711557412147521973e+02
2.712167501449584961e+02
2.712695775032043457e+02
2.713306307792663574e+02
2.713822691440582275e+02
2.714397301673889160e+02
2.714937868118286133e+02
2.715647232532501221e+02
2.716140894889831543e+02
2.716787369251251221e+02
2.717180359363555908e+02
2.717772612571716309e+02
2.718275244235992432e+02
2.718953649997711182e+02
2.719387693405151367e+02
2.720036771297454834e+02
2.720550909042358398e+02
2.721185352802276611e+02
2.721614742279052734e+02
2.722240269184112549e+02
2.722740676403045654e+02
2.723363299369812012e+02
2.723881132602691650e+02
2.724482960700988770e+02
2.724985775947570801e+02
2.725578322410583496e+02
2.726120867729187012e+02
2.726711196899414062e+02
2.727253005504608154e+02
2.727841200828552246e+02
2.728371446132659912e+02
2.728997142314910889e+02
2.729501662254333496e+02
2.730081629753112793e+02
2.730566203594207764e+02
2.731181390285491943e+02
2.731739156246185303e+02
2.732386929988861084e+02
2.732896971702575684e+02
2.733448526859283447e+02
2.733915665149688721e+02
2.734554142951965332e+02
2.735065407752990723e+02
2.735746314525604248e+02
2.736244404315948486e+02
2.736822009086608887e+02
2.737297692298889160e+02
2.737905571460723877e+02
2.738430683612823486e+02
2.738904361724853516e+02
2.739572193622589111e+02
2.740075688362121582e+02
2.740652813911437988e+02
2.741110081672668457e+02
2.741750273704528809e+02
2.742230446338653564e+02
2.742874803543090820e+02
2.743397343158721924e+02
2.744015090465545654e+02
2.744501667022705078e+02
2.745113377571105957e+02
2.745641593933105469e+02
2.746228241920471191e+02
2.746712818145751953e+02
2.747352941036224365e+02
2.747872998714447021e+02
2.748482086658477783e+02
2.749012024402618408e+02
2.749653429985046387e+02
2.750128903388977051e+02
2.750722944736480713e+02
2.751197462081909180e+02
2.751838915348052979e+02
2.752337493896484375e+02
2.752946572303771973e+02
2.753464150428771973e+02
2.754580817222595215e+02
2.755238285064697266e+02
2.755739808082580566e+02
2.756397163867950439e+02
2.756854207515716553e+02
2.757421126365661621e+02
2.757955119609832764e+02
2.758541293144226074e+02
2.759075505733489990e+02
2.759679713249206543e+02
2.760162971019744873e+02
2.760795917510986328e+02
2.761282570362091064e+02
2.761926388740539551e+02
2.762476713657379150e+02
2.763081765174865723e+02
2.763595516681671143e+02
2.764177484512329102e+02
2.764676129817962646e+02
2.765283987522125244e+02
2.765779931545257568e+02
2.766384012699127197e+02
2.766938481330871582e+02
2.767507963180541992e+02
2.768034033775329590e+02
2.768637299537658691e+02
2.769129786491394043e+02
2.769757337570190430e+02
2.770242838859558105e+02
2.770902745723724365e+02
2.771379916667938232e+02
2.772001957893371582e+02
2.772510306835174561e+02
2.773122038841247559e+02
2.773603572845458984e+02
2.774234271049499512e+02
2.774729139804840088e+02
2.775338599681854248e+02
2.775856742858886719e+02
2.776476864814758301e+02
2.776988887786865234e+02
2.777575380802154541e+02
2.778107628822326660e+02
2.778716323375701904e+02
2.779220869541168213e+02
2.779687206745147705e+02
2.780303039550781250e+02
2.780827131271362305e+02
2.781451652050018311e+02
2.781957869529724121e+02
2.782556483745574951e+02
2.783096859455108643e+02
2.783686003684997559e+02
2.784166002273559570e+02
2.784783768653869629e+02
2.785287086963653564e+02
2.785903506278991699e+02
2.786383266448974609e+02
2.787028865814208984e+02
2.787529320716857910e+02
2.788160963058471680e+02
2.788684141635894775e+02
2.789275724887847900e+02
2.789783685207366943e+02
2.790386340618133545e+02
2.790878584384918213e+02
2.791535160541534424e+02
2.792016537189483643e+02
2.792625451087951660e+02
2.793119037151336670e+02
2.793770852088928223e+02
2.794282658100128174e+02
2.794865417480468750e+02
2.795353376865386963e+02
2.795999007225036621e+02
2.796509177684783936e+02
2.797140946388244629e+02
2.797658874988555908e+02
2.798247666358947754e+02
2.798731307983398438e+02
2.799345321655273438e+02
2.799857952594757080e+02
2.800471735000610352e+02
2.801001768112182617e+02
2.801632356643676758e+02
2.802120046615600586e+02
2.802728109359741211e+02
2.803217697143554688e+02
2.803845770359039307e+02
2.804328124523162842e+02
2.804947648048400879e+02
2.805435743331909180e+02
2.806067178249359131e+02
2.806607763767242432e+02
2.807205853462219238e+02
2.807727267742156982e+02
2.808339104652404785e+02
2.808795084953308105e+02
2.809446277618408203e+02
2.809965147972106934e+02
2.810587859153747559e+02
2.811138772964477539e+02
2.811673142910003662e+02
2.812160041332244873e+02
2.812788722515106201e+02
2.813282263278961182e+02
2.813917107582092285e+02
2.814461045265197754e+02
2.815044946670532227e+02
2.815606086254119873e+02
2.816181378364562988e+02
2.816676626205444336e+02
2.817286508083343506e+02
2.817798619270324707e+02
2.818397350311279297e+02
2.818882555961608887e+02
2.819547741413116455e+02
2.820023405551910400e+02
2.820643920898437500e+02
2.821145720481872559e+02
2.821641571521759033e+02
2.822239842414855957e+02
2.822780129909515381e+02
2.823362922668457031e+02
2.823887836933135986e+02
2.824478399753570557e+02
2.824968948364257812e+02
2.825582852363586426e+02
2.826121585369110107e+02
2.826714706420898438e+02
2.827264173030853271e+02
2.827836699485778809e+02
2.828333575725555420e+02
2.828947451114654541e+02
2.829435667991638184e+02
2.830055541992187500e+02
2.830566215515136719e+02
2.831185252666473389e+02
2.831706156730651855e+02
2.832333011627197266e+02
2.832841639518737793e+02
2.833455221652984619e+02
2.833970394134521484e+02
2.834541206359863281e+02
2.835079324245452881e+02
2.835738213062286377e+02
2.836197066307067871e+02
2.836796414852142334e+02
2.837299194335937500e+02
2.837923183441162109e+02
2.838465390205383301e+02
2.839034581184387207e+02
2.839588873386383057e+02
2.840149824619293213e+02
2.840643355846405029e+02
2.841263580322265625e+02
2.841806943416595459e+02
2.842426395416259766e+02
2.842915365695953369e+02
2.843524835109710693e+02
2.844048354625701904e+02
2.844653058052062988e+02
2.845182838439941406e+02
2.845755314826965332e+02
2.846247794628143311e+02
2.846868886947631836e+02
2.847386732101440430e+02
2.848029129505157471e+02
2.848504297733306885e+02
2.849103007316589355e+02
2.849628782272338867e+02
2.850289802551269531e+02
2.850719583034515381e+02
2.851360142230987549e+02
2.851884691715240479e+02
2.852527034282684326e+02
2.853067309856414795e+02
2.853646552562713623e+02
2.854196095466613770e+02
2.854817004203796387e+02
2.855250475406646729e+02
2.855836968421936035e+02
2.856336996555328369e+02
2.856974506378173828e+02
2.857478165626525879e+02
2.858072092533111572e+02
2.858581280708312988e+02
2.859236359596252441e+02
2.859760627746582031e+02
2.860317528247833252e+02
2.860821230411529541e+02
2.861437718868255615e+02
2.861975529193878174e+02
2.862449662685394287e+02
2.863073134422302246e+02
2.863625195026397705e+02
2.864226057529449463e+02
2.864680044651031494e+02
2.865274031162261963e+02
2.865806002616882324e+02
2.866410145759582520e+02
2.866949617862701416e+02
2.867512381076812744e+02
2.868027815818786621e+02
2.868634741306304932e+02
2.869135458469390869e+02
2.869751811027526855e+02
2.870240051746368408e+02
2.870881810188293457e+02
2.871374464035034180e+02
2.872040233612060547e+02
2.872565596103668213e+02
2.873220555782318115e+02
2.873684840202331543e+02
2.874273390769958496e+02
2.874775123596191406e+02
2.875382597446441650e+02
2.875860164165496826e+02
2.876478228569030762e+02
2.876973142623901367e+02
2.877578978538513184e+02
2.878102524280548096e+02
2.878741106986999512e+02
2.879210400581359863e+02
2.879815990924835205e+02
2.880322141647338867e+02
2.880981540679931641e+02
2.881456732749938965e+02
2.882068121433258057e+02
2.882565479278564453e+02
2.883181817531585693e+02
2.883720872402191162e+02
2.884344122409820557e+02
2.884850807189941406e+02
2.885437664985656738e+02
2.885941979885101318e+02
2.886574871540069580e+02
2.887085990905761719e+02
2.887702102661132812e+02
2.888186504840850830e+02
2.888821022510528564e+02
2.889311430454254150e+02
2.889920291900634766e+02
2.890448737144470215e+02
2.891057367324829102e+02
2.891561110019683838e+02
2.892139987945556641e+02
2.892675259113311768e+02
2.893274462223052979e+02
2.893770332336425781e+02
2.894376926422119141e+02
2.894876182079315186e+02
2.895528786182403564e+02
2.896047854423522949e+02
2.896638312339782715e+02
2.897153074741363525e+02
2.897746198177337646e+02
2.898287570476531982e+02
2.898937041759490967e+02
2.899362931251525879e+02
2.899987549781799316e+02
2.900491926670074463e+02
2.901131472587585449e+02
2.901665453910827637e+02
2.902255601882934570e+02
2.902748003005981445e+02
2.903205268383026123e+02
2.903842077255249023e+02
2.904362168312072754e+02
2.904965054988861084e+02
2.905447273254394531e+02
2.906056413650512695e+02
2.906576960086822510e+02
2.907184433937072754e+02
2.907740921974182129e+02
2.908360719680786133e+02
2.908847925662994385e+02
2.909418823719024658e+02
2.909960565567016602e+02
2.910560491085052490e+02
2.911027078628540039e+02
2.911657040119171143e+02
2.912238602638244629e+02
2.912810587882995605e+02
2.913357965946197510e+02
2.913927307128906250e+02
2.914397480487823486e+02
2.915029418468475342e+02
2.915547559261322021e+02
2.916183347702026367e+02
2.916684455871582031e+02
2.917310376167297363e+02
2.917847323417663574e+02
2.918424823284149170e+02
2.918897736072540283e+02
2.919522233009338379e+02
2.919999063014984131e+02
2.920649874210357666e+02
2.921188495159149170e+02
2.921763000488281250e+02
2.922275338172912598e+02
2.922858922481536865e+02
2.923356328010559082e+02
2.923998115062713623e+02
2.924485502243041992e+02
2.925156731605529785e+02
2.925675969123840332e+02
2.926250076293945312e+02
2.926854460239410400e+02
2.927365109920501709e+02
2.927861714363098145e+02
2.928459970951080322e+02
2.928976430892944336e+02
2.929597907066345215e+02
2.930109953880310059e+02
2.930715851783752441e+02
2.931186196804046631e+02
2.931863036155700684e+02
2.932363204956054688e+02
2.932959532737731934e+02
2.933465199470520020e+02
2.934068052768707275e+02
2.934571042060852051e+02
2.935197765827178955e+02
2.935714800357818604e+02
2.936335592269897461e+02
2.936832954883575439e+02
2.937427957057952881e+02
2.937932014465332031e+02
2.938578960895538330e+02
2.939086067676544189e+02
2.939689183235168457e+02
2.940202045440673828e+02
2.940811324119567871e+02
2.941285452842712402e+02
2.941909267902374268e+02
2.942403512001037598e+02
2.943037998676300049e+02
2.943544809818267822e+02
2.944072816371917725e+02
2.944660096168518066e+02
2.945145416259765625e+02
2.945763008594512939e+02
2.946249547004699707e+02
2.946848187446594238e+02
2.947365353107452393e+02
2.947989790439605713e+02
2.948527915477752686e+02
2.949133009910583496e+02
2.949649162292480469e+02
2.950256512165069580e+02
2.950746176242828369e+02
2.951358921527862549e+02
2.951876389980316162e+02
2.952498252391815186e+02
2.952982058525085449e+02
2.953597464561462402e+02
2.954102010726928711e+02
2.954716536998748779e+02
2.955199465751647949e+02
2.955846748352050781e+02
2.956341881752014160e+02
2.956988060474395752e+02
2.957468345165252686e+02
2.958081429004669189e+02
2.958578803539276123e+02
2.959176323413848877e+02
2.959685626029968262e+02
2.960325245857238770e+02
2.960810103416442871e+02
2.961434066295623779e+02
2.961922771930694580e+02
2.962559201717376709e+02
2.963028459548950195e+02
2.963740034103393555e+02
2.964224774837493896e+02
2.964882292747497559e+02
2.965363976955413818e+02
2.965917160511016846e+02
2.966411919593811035e+02
2.967033114433288574e+02
2.967535505294799805e+02
2.968164741992950439e+02
2.968673138618469238e+02
2.969268021583557129e+02
2.969782514572143555e+02
2.970403072834014893e+02
2.970866527557373047e+02
2.971502215862274170e+02
2.972003879547119141e+02
2.972638494968414307e+02
2.973141219615936279e+02
2.973784949779510498e+02
2.974286007881164551e+02
2.974882421493530273e+02
2.975347492694854736e+02
2.975996046066284180e+02
2.976465277671813965e+02
2.977124199867248535e+02
2.977627291679382324e+02
2.978234546184539795e+02
2.978777341842651367e+02
2.979343988895416260e+02
2.979846887588500977e+02
2.980510687828063965e+02
2.980983393192291260e+02
2.981610491275787354e+02
2.982072775363922119e+02
2.982709593772888184e+02
2.983213312625885010e+02
2.983850715160369873e+02
2.984346733093261719e+02
2.984971795082092285e+02
2.985463941097259521e+02
2.985938861370086670e+02
2.986552772521972656e+02
2.987038526535034180e+02
2.987670934200286865e+02
2.988157303333282471e+02
2.988782057762145996e+02
2.989310777187347412e+02
2.989941673278808594e+02
2.990456109046936035e+02
2.991022651195526123e+02
2.991541700363159180e+02
2.992156071662902832e+02
2.992631053924560547e+02
2.993274273872375488e+02
2.993758742809295654e+02
2.994391529560089111e+02
2.994895200729370117e+02
2.995515475273132324e+02
2.996039266586303711e+02
2.996667535305023193e+02
2.997147321701049805e+02
2.997786669731140137e+02
2.998246593475341797e+02
2.998880395889282227e+02
2.999384813308715820e+02
2.999997277259826660e+02
3.000508065223693848e+02
3.001112608909606934e+02
3.001610412597656250e+02
3.002230002880096436e+02
3.002716574668884277e+02
3.003362367153167725e+02
3.003895103931427002e+02
3.004509668350219727e+02
3.004983534812927246e+02
3.005584242343902588e+02
3.006100072860717773e+02
3.006713917255401611e+02
3.007203574180603027e+02
3.007836658954620361e+02
3.008319969177246094e+02
3.008982791900634766e+02
3.009505231380462646e+02
3.010089612007141113e+02
3.010635125637054443e+02
3.011198601722717285e+02
3.011728842258453369e+02
3.012311353683471680e+02
3.012872710227966309e+02
3.013452725410461426e+02
3.013937361240386963e+02
3.014560065269470215e+02
3.015069403648376465e+02
3.015686070919036865e+02
3.016187517642974854e+02
3.016810369491577148e+02
3.017297935485839844e+02
3.017940635681152344e+02
3.018427391052246094e+02
3.019044067859649658e+02
3.019554381370544434e+02
3.020154149532318115e+02
3.020626733303070068e+02
3.021284396648406982e+02
3.021779258251190186e+02
3.022388246059417725e+02
3.022882463932037354e+02
3.023528382778167725e+02
3.024035017490386963e+02
3.024648704528808594e+02
3.025172972679138184e+02
3.025746634006500244e+02
3.026253776550292969e+02
3.026732077598571777e+02
3.027358410358428955e+02
3.027857983112335205e+02
3.028471641540527344e+02
3.028974318504333496e+02
3.029614114761352539e+02
3.030086226463317871e+02
3.030742704868316650e+02
3.031213667392730713e+02
3.031834163665771484e+02
3.032339203357696533e+02
3.032954337596893311e+02
3.033477792739868164e+02
3.034095242023468018e+02
3.034612834453582764e+02
3.035177347660064697e+02
3.035683813095092773e+02
3.036302399635314941e+02
3.036827728748321533e+02
3.037432069778442383e+02
3.037960631847381592e+02
3.038561558723449707e+02
3.039050474166870117e+02
3.039679899215698242e+02
3.040199050903320312e+02
3.040800561904907227e+02
3.041303958892822266e+02
3.041924846172332764e+02
3.042386231422424316e+02
3.043027045726776123e+02
3.043554999828338623e+02
3.044160635471343994e+02
3.044667799472808838e+02
3.045285925865173340e+02
3.045764052867889404e+02
3.046383302211761475e+02
3.046900813579559326e+02
3.047539370059967041e+02
3.048048908710479736e+02
3.048665006160736084e+02
3.049147231578826904e+02
3.049763092994689941e+02
3.050270392894744873e+02
3.050916700363159180e+02
3.051415565013885498e+02
3.052015044689178467e+02
3.052569096088409424e+02
3.053239285945892334e+02
3.053658554553985596e+02
3.054258370399475098e+02
3.054739909172058105e+02
3.055346488952636719e+02
3.055853412151336670e+02
3.056509261131286621e+02
3.056988959312438965e+02
3.057598707675933838e+02
3.058106038570404053e+02
3.058710973262786865e+02
3.059209442138671875e+02
3.059901666641235352e+02
3.060360536575317383e+02
3.060969913005828857e+02
3.061450297832489014e+02
3.062071483135223389e+02
3.062617499828338623e+02
3.063197507858276367e+02
3.063736460208892822e+02
3.064317700862884521e+02
3.064832582473754883e+02
3.065435054302215576e+02
3.065943756103515625e+02
3.066557390689849854e+02
3.067056424617767334e+02
3.067523281574249268e+02
3.068204786777496338e+02
3.068670461177825928e+02
3.069317412376403809e+02
3.069799029827117920e+02
3.070400114059448242e+02
3.070897195339202881e+02
3.071531152725219727e+02
3.072029902935028076e+02
3.072642655372619629e+02
3.073132460117340088e+02
3.073745005130767822e+02
3.074247267246246338e+02
3.074872670173645020e+02
3.075383620262145996e+02
3.075997743606567383e+02
3.076499738693237305e+02
3.077122042179107666e+02
3.077606031894683838e+02
3.078238453865051270e+02
3.078751528263092041e+02
3.079380578994750977e+02
3.079881291389465332e+02
3.080503416061401367e+02
3.080967948436737061e+02
3.081589686870574951e+02
3.082097258567810059e+02
3.082761054039001465e+02
3.083209667205810547e+02
3.083848366737365723e+02
3.084323561191558838e+02
3.084979710578918457e+02
3.085478980541229248e+02
3.086083025932312012e+02
3.086574828624725342e+02
3.087201852798461914e+02
3.087707676887512207e+02
3.088319528102874756e+02
3.088826014995574951e+02
3.089461169242858887e+02
3.089966344833374023e+02
3.090550987720489502e+02
3.091051816940307617e+02
3.091674268245697021e+02
3.092158260345458984e+02
3.092796568870544434e+02
3.093295011520385742e+02
3.093925457000732422e+02
3.094410006999969482e+02
3.095023081302642822e+02
3.095544967651367188e+02
3.096143004894256592e+02
3.096663753986358643e+02
3.097298476696014404e+02
3.097788250446319580e+02
3.098376488685607910e+02
3.098896172046661377e+02
3.099523851871490479e+02
3.100016355514526367e+02
3.100630574226379395e+02
3.101163210868835449e+02
3.101767346858978271e+02
3.102282874584197998e+02
3.102875604629516602e+02
3.103343019485473633e+02
3.103979196548461914e+02
3.104487328529357910e+02
3.105136227607727051e+02
3.105637378692626953e+02
3.106242320537567139e+02
3.106729621887207031e+02
3.107358362674713135e+02
3.107859296798706055e+02
3.108349423408508301e+02
3.108996844291687012e+02
3.109468867778778076e+02
3.110083594322204590e+02
3.110576245784759521e+02
3.111186757087707520e+02
3.111681971549987793e+02
3.112307388782501221e+02
3.112801668643951416e+02
3.113427464962005615e+02
3.113896973133087158e+02
3.114543612003326416e+02
3.115053513050079346e+02
3.115673573017120361e+02
3.116167783737182617e+02
3.116799209117889404e+02
3.117303981781005859e+02
3.117935221195220947e+02
3.118447647094726562e+02
3.119034397602081299e+02
3.119527153968811035e+02
3.120154135227203369e+02
3.120653164386749268e+02
3.121264591217041016e+02
3.121787385940551758e+02
3.122387261390686035e+02
3.122888176441192627e+02
3.123499274253845215e+02
3.124001080989837646e+02
3.124636979103088379e+02
3.125098476409912109e+02
3.125774629116058350e+02
3.126261899471282959e+02
3.126878194808959961e+02
3.127376134395599365e+02
3.128003096580505371e+02
3.128497583866119385e+02
3.129099402427673340e+02
3.129603700637817383e+02
3.130227363109588623e+02
3.130716929435729980e+02
3.131417367458343506e+02
3.131871953010559082e+02
3.132475500106811523e+02
3.132964646816253662e+02
3.133599221706390381e+02
3.134083864688873291e+02
3.134701669216156006e+02
3.135229060649871826e+02
3.135855853557586670e+02
3.136368713378906250e+02
3.136966998577117920e+02
3.137464253902435303e+02
3.138076477050781250e+02
3.138589901924133301e+02
3.139186642169952393e+02
3.139699716567993164e+02
3.140336306095123291e+02
3.140837731361389160e+02
3.141435799598693848e+02
3.141938769817352295e+02
3.142552282810211182e+02
3.143048672676086426e+02
3.143678138256072998e+02
3.144182150363922119e+02
3.144822225570678711e+02
3.145312938690185547e+02
3.145908350944519043e+02
3.146442687511444092e+02
3.147078287601470947e+02
3.147538361549377441e+02
3.148156535625457764e+02
3.148644418716430664e+02
3.149267413616180420e+02
3.149827177524566650e+02
3.150288639068603516e+02
3.150882534980773926e+02
3.151387932300567627e+02
3.152025673389434814e+02
3.152502505779266357e+02
3.153120019435882568e+02
3.153626971244812012e+02
3.154236185550689697e+02
3.154768750667572021e+02
3.155365726947784424e+02
3.155844962596893311e+02
3.156469445228576660e+02
3.156954784393310547e+02
3.157597169876098633e+02
3.158076715469360352e+02
3.158704011440277100e+02
3.159205632209777832e+02
3.159868826866149902e+02
3.160373220443725586e+02
3.160966775417327881e+02
3.161486055850982666e+02
3.162078661918640137e+02
3.162562649250030518e+02
3.163181402683258057e+02
3.163698091506958008e+02
3.164318497180938721e+02
3.164818542003631592e+02
3.165427582263946533e+02
3.165979633331298828e+02
3.166569054126739502e+02
3.167056915760040283e+02
3.167681667804718018e+02
3.168210098743438721e+02
3.168807134628295898e+02
3.169298565387725830e+02
3.169913272857666016e+02
3.170420758724212646e+02
3.171052894592285156e+02
3.171541836261749268e+02
3.172175762653350830e+02
3.172662110328674316e+02
3.173281686305999756e+02
3.173776519298553467e+02
3.174400684833526611e+02
3.174927935600280762e+02
3.175547761917114258e+02
3.176016469001770020e+02
3.176637835502624512e+02
3.177136378288269043e+02
3.177749886512756348e+02
3.178271493911743164e+02
3.178880307674407959e+02
3.179399864673614502e+02
3.179976034164428711e+02
3.180500912666320801e+02
3.181130876541137695e+02
3.181630742549896240e+02
3.182258589267730713e+02
3.182751536369323730e+02
3.183351068496704102e+02
3.183860878944396973e+02
3.184473874568939209e+02
3.184970405101776123e+02
3.185578303337097168e+02
3.186085360050201416e+02
3.186710178852081299e+02
3.187249751091003418e+02
3.187852528095245361e+02
3.188335340023040771e+02
3.188957138061523438e+02
3.189438304901123047e+02
3.190058574676513672e+02
3.190580763816833496e+02
3.191061186790466309e+02
3.191665244102478027e+02
3.192148344516754150e+02
3.192819409370422363e+02
3.193321816921234131e+02
3.193950853347778320e+02
3.194451436996459961e+02
3.195035264492034912e+02
3.195563652515411377e+02
3.196151480674743652e+02
3.196650035381317139e+02
3.197320821285247803e+02
3.197809138298034668e+02
3.198401985168457031e+02
3.198902764320373535e+02
3.199497933387756348e+02
3.200021955966949463e+02
3.200648646354675293e+02
3.201164090633392334e+02
3.201801850795745850e+02
3.202275958061218262e+02
3.202859427928924561e+02
3.203350441455841064e+02
3.204019744396209717e+02
3.204519548416137695e+02
3.205112206935882568e+02
3.205614290237426758e+02
3.206228222846984863e+02
3.206786425113677979e+02
3.207374665737152100e+02
3.207898459434509277e+02
3.208506844043731689e+02
3.208970763683319092e+02
3.209607815742492676e+02
3.210098524093627930e+02
3.210722076892852783e+02
3.211197528839111328e+02
3.211829471588134766e+02
3.212315530776977539e+02
3.212951369285583496e+02
3.213539206981658936e+02
3.214132387638092041e+02
3.214644958972930908e+02
3.215241305828094482e+02
3.215741350650787354e+02
3.216415820121765137e+02
3.216831572055816650e+02
3.217425506114959717e+02
3.217931628227233887e+02
3.218566598892211914e+02
3.219057321548461914e+02
3.219705371856689453e+02
3.220188019275665283e+02
3.220800797939300537e+02
3.221300101280212402e+02
3.221980409622192383e+02
3.222474682331085205e+02
3.223079807758331299e+02
3.223545315265655518e+02
3.224160752296447754e+02
3.224636015892028809e+02
3.225301740169525146e+02
3.225780794620513916e+02
3.226387300491333008e+02
3.226876323223114014e+02
3.227517600059509277e+02
3.228016161918640137e+02
3.228635463714599609e+02
3.229139850139617920e+02
3.229761745929718018e+02
3.230280864238739014e+02
3.230910770893096924e+02
3.231431441307067871e+02
3.231884987354278564e+02
3.232468497753143311e+02
3.232975475788116455e+02
3.233575465679168701e+02
3.234080142974853516e+02
3.234714035987854004e+02
3.235256464481353760e+02
3.235836811065673828e+02
3.236330080032348633e+02
3.236954536437988281e+02
3.237441966533660889e+02
3.238126842975616455e+02
3.238668458461761475e+02
3.239240810871124268e+02
3.239680626392364502e+02
3.240312278270721436e+02
3.240804955959320068e+02
3.241458828449249268e+02
3.241986188888549805e+02
3.242567362785339355e+02
3.243076295852661133e+02
3.243676190376281738e+02
3.244153437614440918e+02
3.244800529479980469e+02
3.245316960811614990e+02
3.245921545028686523e+02
3.246448392868041992e+02
3.247052803039550781e+02
3.247532181739807129e+02
3.248153157234191895e+02
3.248686258792877197e+02
3.249287242889404297e+02
3.249787445068359375e+02
3.250417838096618652e+02
3.250904994010925293e+02
3.251528558731079102e+02
3.252037205696105957e+02
3.252674968242645264e+02
3.253175139427185059e+02
3.253754744529724121e+02
3.254261109828948975e+02
3.254876039028167725e+02
3.255429465770721436e+02
3.256021299362182617e+02
3.256520354747772217e+02
3.257098209857940674e+02
3.257596817016601562e+02
3.258251640796661377e+02
3.258748302459716797e+02
3.259365353584289551e+02
3.259853954315185547e+02
3.260466222763061523e+02
3.260943746566772461e+02
3.261599831581115723e+02
3.262116539478302002e+02
3.262738265991210938e+02
3.263230068683624268e+02
3.263839344978332520e+02
3.264327559471130371e+02
3.264960942268371582e+02
3.265451071262359619e+02
3.266066412925720215e+02
3.266586105823516846e+02
3.267204754352569580e+02
3.267684168815612793e+02
3.268362870216369629e+02
3.268842377662658691e+02
3.269438297748565674e+02
3.269940268993377686e+02
3.270570807456970215e+02
3.271062631607055664e+02
3.271670572757720947e+02
3.272148282527923584e+02
3.272644774913787842e+02
3.273268203735351562e+02
3.273758773803710938e+02
3.274387228488922119e+02
3.274881100654602051e+02
3.275547251701354980e+02
3.276010551452636719e+02
3.276634945869445801e+02
3.277128779888153076e+02
3.277782812118530273e+02
3.278239271640777588e+02
3.278857576847076416e+02
3.279413473606109619e+02
3.280027034282684326e+02
3.280505683422088623e+02
3.281084265708923340e+02
3.281615436077117920e+02
3.282228138446807861e+02
3.282741708755493164e+02
3.283371200561523438e+02
3.283838684558868408e+02
3.284457628726959229e+02
3.284957664012908936e+02
3.285599861145019531e+02
3.286078097820281982e+02
3.286744320392608643e+02
3.287214620113372803e+02
3.288322198390960693e+02
3.288948986530303955e+02
3.289424805641174316e+02
3.290100877285003662e+02
3.290648949146270752e+02
3.291231322288513184e+02
3.291746096611022949e+02
3.292304821014404297e+02
3.292803244590759277e+02
3.293448607921600342e+02
3.293970937728881836e+02
3.294578521251678467e+02
3.295048878192901611e+02
3.295672287940979004e+02
3.296180171966552734e+02
3.296812071800231934e+02
3.297302660942077637e+02
3.297941513061523438e+02
3.299562304019927979e+02
3.300145432949066162e+02
3.300650579929351807e+02
3.301270804405212402e+02
3.301770117282867432e+02
3.302387437820434570e+02
3.302887053489685059e+02
3.303532786369323730e+02
3.304071559906005859e+02
3.304644675254821777e+02
3.305139887332916260e+02
3.305747694969177246e+02
3.306255075931549072e+02
3.306885101795196533e+02
3.307410366535186768e+02
3.308009960651397705e+02
3.308499250411987305e+02
3.309105868339538574e+02
3.309619359970092773e+02
3.310267133712768555e+02
3.310766742229461670e+02
3.311362180709838867e+02
3.311847665309906006e+02
3.312512543201446533e+02
3.313064727783203125e+02
3.313643465042114258e+02
3.314115190505981445e+02
3.314575660228729248e+02
3.315187542438507080e+02
3.315696773529052734e+02
3.316321675777435303e+02
3.316795921325683594e+02
3.317426838874816895e+02
3.317948117256164551e+02
3.318620560169219971e+02
3.319129209518432617e+02
3.319721271991729736e+02
3.320168535709381104e+02
3.320788049697875977e+02
3.321274979114532471e+02
3.321933794021606445e+02
3.322435247898101807e+02
3.323037915229797363e+02
3.323541078567504883e+02
3.325300831794738770e+02
3.325768699645996094e+02
3.326419460773468018e+02
3.326915102005004883e+02
3.327528443336486816e+02
3.328059434890747070e+02
3.328649227619171143e+02
3.329111564159393311e+02
3.329769818782806396e+02
3.330257453918457031e+02
3.330884950160980225e+02
3.331359467506408691e+02
3.331996703147888184e+02
3.332484703063964844e+02
3.333109481334686279e+02
3.333604037761688232e+02
3.334232990741729736e+02
3.334711208343505859e+02
3.335342376232147217e+02
3.335882859230041504e+02
3.336482129096984863e+02
3.336981544494628906e+02
3.337586944103240967e+02
3.338098785877227783e+02
3.338749568462371826e+02
3.339238939285278320e+02
3.339828433990478516e+02
3.340335161685943604e+02
3.340950012207031250e+02
3.341449944972991943e+02
3.342082910537719727e+02
3.342599296569824219e+02
3.343188915252685547e+02
3.343673896789550781e+02
3.344310123920440674e+02
3.344829125404357910e+02
3.345429463386535645e+02
3.345959508419036865e+02
3.346557343006134033e+02
3.347085988521575928e+02
3.347674660682678223e+02
3.348221509456634521e+02
3.348780481815338135e+02
3.349330937862396240e+02
3.349936590194702148e+02
3.350468044281005859e+02
3.351032195091247559e+02
3.351536900997161865e+02
3.352147042751312256e+02
3.352666578292846680e+02
3.353311359882354736e+02
3.353818483352661133e+02
3.354434506893157959e+02
3.354944348335266113e+02
3.355395193099975586e+02
3.355980823040008545e+02
3.356490650177001953e+02
3.357101638317108154e+02
3.357612285614013672e+02
3.358273150920867920e+02
3.358771317005157471e+02
3.359388620853424072e+02
3.359859032630920410e+02
3.360486052036285400e+02
3.360975868701934814e+02
3.361598091125488281e+02
3.362080991268157959e+02
3.362714116573333740e+02
3.363225903511047363e+02
3.363836026191711426e+02
3.364366006851196289e+02
3.365022971630096436e+02
3.365480732917785645e+02
3.366076838970184326e+02
3.366577649116516113e+02
3.367197592258453369e+02
3.367664096355438232e+02
3.368324687480926514e+02
3.368847093582153320e+02
3.369437124729156494e+02
3.369916267395019531e+02
3.370576975345611572e+02
3.371112301349639893e+02
3.371699581146240234e+02
3.372211008071899414e+02
3.372781839370727539e+02
3.373377082347869873e+02
3.373956041336059570e+02
3.374476940631866455e+02
3.375022253990173340e+02
3.375550496578216553e+02
3.376144781112670898e+02
3.376683828830718994e+02
3.377314405441284180e+02
3.377814998626708984e+02
3.378376965522766113e+02
3.378913512229919434e+02
3.379515092372894287e+02
3.380005981922149658e+02
3.380650782585144043e+02
3.381147961616516113e+02
3.381796510219573975e+02
3.382317910194396973e+02
3.382924129962921143e+02
3.383377628326416016e+02
3.384011955261230469e+02
3.384482474327087402e+02
3.385108625888824463e+02
3.385597391128540039e+02
3.386266858577728271e+02
3.386762094497680664e+02
3.387372491359710693e+02
3.387902085781097412e+02
3.388504045009613037e+02
3.389001400470733643e+02
3.389597899913787842e+02
3.390110905170440674e+02
3.390764276981353760e+02
3.391259348392486572e+02
3.391842899322509766e+02
3.392309775352478027e+02
3.392950096130371094e+02
3.393428032398223877e+02
3.394098739624023438e+02
3.394663157463073730e+02
3.395239679813385010e+02
3.395713198184967041e+02
3.396168146133422852e+02
3.396794948577880859e+02
3.397277884483337402e+02
3.397907028198242188e+02
3.398414239883422852e+02
3.399046125411987305e+02
3.399565715789794922e+02
3.400178468227386475e+02
3.400683579444885254e+02
3.401266407966613770e+02
3.401781258583068848e+02
3.402395861148834229e+02
3.402886691093444824e+02
3.403527257442474365e+02
3.404013338088989258e+02
3.404642341136932373e+02
3.405135397911071777e+02
3.405781953334808350e+02
3.406274521350860596e+02
3.406903023719787598e+02
3.408004336357116699e+02
3.408484570980072021e+02
3.409134743213653564e+02
3.409619834423065186e+02
3.410225389003753662e+02
3.410771808624267578e+02
3.411360864639282227e+02
3.411897323131561279e+02
3.412501857280731201e+02
3.413009259700775146e+02
3.413633768558502197e+02
3.414099569320678711e+02
3.414710288047790527e+02
3.415230724811553955e+02
3.415853319168090820e+02
3.416343178749084473e+02
3.416946101188659668e+02
3.417440826892852783e+02
3.418053965568542480e+02
3.418574965000152588e+02
3.419227235317230225e+02
3.419733557701110840e+02
3.420318639278411865e+02
3.420884709358215332e+02
3.421429696083068848e+02
3.421962335109710693e+02
3.422544333934783936e+02
3.423052413463592529e+02
3.423687057495117188e+02
3.424198081493377686e+02
3.424785053730010986e+02
3.425288243293762207e+02
3.425912277698516846e+02
3.426398906707763672e+02
3.427072973251342773e+02
3.427559733390808105e+02
3.428155212402343750e+02
3.428674449920654297e+02
3.429287195205688477e+02
3.429764969348907471e+02
3.430387601852416992e+02
3.430884754657745361e+02
3.431523919105529785e+02
3.432024488449096680e+02
3.432656822204589844e+02
3.433156490325927734e+02
3.433755576610565186e+02
3.434249029159545898e+02
3.434864146709442139e+02
3.435381827354431152e+02
3.435988047122955322e+02
3.436513073444366455e+02
3.437033774852752686e+02
3.437653934955596924e+02
3.438096654415130615e+02
3.438734655380249023e+02
3.439217650890350342e+02
3.439858789443969727e+02
3.440361628532409668e+02
3.440970120429992676e+02
3.441483013629913330e+02
3.442081620693206787e+02
3.442582688331604004e+02
3.443212158679962158e+02
3.443718259334564209e+02
3.444333801269531250e+02
3.444847004413604736e+02
3.445444493293762207e+02
3.445937237739562988e+02
3.446560146808624268e+02
3.447081503868103027e+02
3.447703523635864258e+02
3.448218693733215332e+02
3.448815717697143555e+02
3.449304001331329346e+02
3.449916837215423584e+02
3.450405666828155518e+02
3.451026210784912109e+02
3.451556789875030518e+02
3.452668955326080322e+02
3.453270359039306641e+02
3.453786509037017822e+02
3.454401075839996338e+02
3.454895286560058594e+02
3.455514984130859375e+02
3.456038691997528076e+02
3.456636755466461182e+02
3.457140417098999023e+02
3.457774305343627930e+02
3.458277499675750732e+02
3.458889265060424805e+02
3.459378676414489746e+02
3.459979631900787354e+02
3.460518271923065186e+02
3.461121087074279785e+02
3.461590282917022705e+02
3.462251715660095215e+02
3.462738833427429199e+02
3.463368628025054932e+02
3.463875117301940918e+02
3.464517457485198975e+02
3.465010216236114502e+02
3.465587902069091797e+02
3.466087138652801514e+02
3.466857843399047852e+02
3.467297778129577637e+02
3.467876174449920654e+02
3.468461747169494629e+02
3.469112401008605957e+02
3.469560687541961670e+02
3.470146677494049072e+02
3.470648980140686035e+02
3.471244733333587646e+02
3.471735894680023193e+02
3.472318835258483887e+02
3.472815616130828857e+02
3.473437759876251221e+02
3.473949382305145264e+02
3.474559662342071533e+02
3.475057101249694824e+02
3.475675752162933350e+02
3.476202332973480225e+02
3.476789467334747314e+02
3.477304565906524658e+02
3.477914698123931885e+02
3.478433337211608887e+02
3.478889880180358887e+02
3.479521715641021729e+02
3.480078940391540527e+02
3.480646009445190430e+02
3.481145136356353760e+02
3.481786613464355469e+02
3.482309114933013916e+02
3.482936730384826660e+02
3.483374364376068115e+02
3.484011816978454590e+02
3.484516205787658691e+02
3.485117213726043701e+02
3.485597996711730957e+02
3.486232399940490723e+02
3.486728494167327881e+02
3.487355089187622070e+02
3.487856218814849854e+02
3.488474504947662354e+02
3.488962526321411133e+02
3.489599306583404541e+02
3.490085861682891846e+02
3.490716862678527832e+02
3.491183569431304932e+02
3.491844403743743896e+02
3.492359609603881836e+02
3.492981865406036377e+02
3.493478827476501465e+02
3.494070026874542236e+02
3.494570219516754150e+02
3.495197584629058838e+02
3.495719788074493408e+02
3.496822237968444824e+02
3.497432229518890381e+02
3.497932305335998535e+02
3.498575110435485840e+02
3.499073886871337891e+02
3.499688162803649902e+02
3.500199697017669678e+02
3.500847337245941162e+02
3.501328580379486084e+02
3.501912980079650879e+02
3.502454438209533691e+02
3.503053746223449707e+02
3.503546526432037354e+02
3.504152624607086182e+02
3.504656977653503418e+02
3.505285859107971191e+02
3.505831360816955566e+02
3.506421194076538086e+02
3.506934261322021484e+02
3.507500927448272705e+02
3.508016476631164551e+02
3.508647291660308838e+02
3.509198453426361084e+02
3.509783184528350830e+02
3.510260708332061768e+02
3.510871441364288330e+02
3.511346743106842041e+02
3.512076570987701416e+02
3.512524993419647217e+02
3.513135194778442383e+02
3.513688907623291016e+02
3.514334826469421387e+02
3.514796435832977295e+02
3.515375425815582275e+02
3.515855689048767090e+02
3.516466400623321533e+02
3.516959075927734375e+02
3.517585246562957764e+02
3.518078925609588623e+02
3.518711428642272949e+02
3.519214806556701660e+02
3.519716658592224121e+02
3.520328438282012939e+02
3.520880477428436279e+02
3.521541066169738770e+02
3.521957166194915771e+02
3.522562568187713623e+02
3.523061888217926025e+02
3.523677251338958740e+02
3.524214463233947754e+02
3.524823727607727051e+02
3.525264601707458496e+02
3.525901858806610107e+02
3.526404101848602295e+02
3.527023994922637939e+02
3.527555377483367920e+02
3.528178353309631348e+02
3.528700447082519531e+02
3.529262552261352539e+02
3.529772257804870605e+02
3.530386786460876465e+02
3.530880241394042969e+02
3.531510593891143799e+02
3.532042653560638428e+02
3.532623836994171143e+02
3.533123424053192139e+02
3.533762731552124023e+02
3.534248490333557129e+02
3.534858443737030029e+02
3.535367496013641357e+02
3.536040112972259521e+02
3.536538867950439453e+02
3.537138268947601318e+02
3.537604887485504150e+02
3.538231866359710693e+02
3.538757617473602295e+02
3.539371314048767090e+02
3.539858806133270264e+02
3.540502374172210693e+02
3.540978422164916992e+02
3.541601355075836182e+02
3.542211315631866455e+02
3.542748379707336426e+02
3.543235912322998047e+02
3.543824698925018311e+02
3.544320769309997559e+02
3.544958233833312988e+02
3.545458064079284668e+02
3.546085972785949707e+02
3.546597344875335693e+02
3.547199337482452393e+02
3.547705194950103760e+02
3.548302311897277832e+02
3.548797986507415771e+02
3.549440407752990723e+02
3.549963302612304688e+02
3.550570793151855469e+02
3.551115908622741699e+02
3.551677348613739014e+02
3.552164783477783203e+02
3.552839090824127197e+02
3.553325769901275635e+02
3.553939950466156006e+02
3.554426624774932861e+02
3.555042901039123535e+02
3.555543551445007324e+02
3.556165118217468262e+02
3.556680414676666260e+02
3.557260682582855225e+02
3.557820277214050293e+02
3.558387911319732666e+02
3.558885550498962402e+02
3.559515407085418701e+02
3.560035319328308105e+02
3.560560877323150635e+02
3.561150412559509277e+02
3.561620066165924072e+02
3.562232830524444580e+02
3.562726039886474609e+02
3.563354752063751221e+02
3.563843991756439209e+02
3.564483647346496582e+02
3.564984922409057617e+02
3.565589263439178467e+02
3.566139764785766602e+02
3.566810977458953857e+02
3.567312779426574707e+02
3.567842807769775391e+02
3.568376190662384033e+02
3.568979148864746094e+02
3.569477021694183350e+02
3.570080773830413818e+02
3.570560684204101562e+02
3.571198725700378418e+02
3.571683187484741211e+02
3.572329220771789551e+02
3.572875056266784668e+02
3.573432013988494873e+02
3.573960127830505371e+02
3.574560828208923340e+02
3.575038793087005615e+02
3.575678775310516357e+02
3.576163229942321777e+02
3.576787164211273193e+02
3.577296669483184814e+02
3.577941479682922363e+02
3.578499932289123535e+02
3.579084403514862061e+02
3.579581515789031982e+02
3.580167744159698486e+02
3.580648148059844971e+02
3.581287846565246582e+02
3.581785850524902344e+02
3.582386841773986816e+02
3.582905194759368896e+02
3.583522861003875732e+02
3.584011657238006592e+02
3.584636244773864746e+02
3.585148282051086426e+02
3.585770266056060791e+02
3.586267364025115967e+02
3.586888394355773926e+02
3.587360010147094727e+02
3.587997820377349854e+02
3.588489720821380615e+02
3.589128046035766602e+02
3.589634926319122314e+02
3.590285310745239258e+02
3.590768861770629883e+02
3.591373143196105957e+02
3.591888732910156250e+02
3.592483589649200439e+02
3.593004348278045654e+02
3.593622322082519531e+02
3.594128673076629639e+02
3.594711670875549316e+02
3.595212175846099854e+02
3.595865786075592041e+02
3.596329913139343262e+02
3.596971647739410400e+02
3.597488312721252441e+02
3.598100299835205078e+02
3.598631756305694580e+02
3.599197402000427246e+02
3.599709842205047607e+02
3.600297100543975830e+02
3.600830364227294922e+02
3.601320424079895020e+02
3.601958253383636475e+02
3.602462885379791260e+02
3.603169026374816895e+02
3.603585040569305420e+02
3.604199752807617188e+02
3.604666445255279541e+02
3.605297288894653320e+02
3.605803961753845215e+02
3.606408460140228271e+02
3.606909770965576172e+02
3.607529191970825195e+02
3.608048322200775146e+02
3.608659636974334717e+02
3.609144067764282227e+02
3.609787688255310059e+02
3.610299417972564697e+02
3.610918829441070557e+02
3.611421344280242920e+02
3.611998577117919922e+02
3.612490899562835693e+02
3.613122332096099854e+02
3.613625965118408203e+02
3.614234311580657959e+02
3.614772722721099854e+02
3.615360059738159180e+02
3.615854508876800537e+02
3.616479918956756592e+02
3.616997463703155518e+02
3.617584795951843262e+02
3.618722474575042725e+02
3.619252836704254150e+02
3.619844827651977539e+02
3.620346620082855225e+02
3.620991399288177490e+02
3.621478550434112549e+02
3.625928640365600586e+02
3.626579430103302002e+02
3.627047007083892822e+02
3.627683534622192383e+02
3.628168675899505615e+02
3.628809425830841064e+02
3.629299068450927734e+02
3.629986233711242676e+02
3.630497667789459229e+02
3.631118917465209961e+02
3.631612050533294678e+02
3.632230098247528076e+02
3.632748732566833496e+02
3.633379147052764893e+02
3.633873953819274902e+02
3.634450261592864990e+02
3.634919047355651855e+02
3.635508680343627930e+02
3.635997247695922852e+02
3.636646778583526611e+02
3.637119801044464111e+02
3.637751212120056152e+02
3.638254201412200928e+02
3.638866281509399414e+02
3.639395914077758789e+02
3.640018606185913086e+02
3.640518114566802979e+02
3.641113715171813965e+02
3.641620485782623291e+02
3.642230751514434814e+02
3.642737002372741699e+02
3.643268916606903076e+02
3.643853423595428467e+02
3.644331550598144531e+02
3.644955875873565674e+02
3.645421998500823975e+02
3.646067955493927002e+02
3.646566858291625977e+02
3.647234368324279785e+02
3.647737867832183838e+02
3.648313248157501221e+02
3.648810250759124756e+02
3.649435448646545410e+02
3.649927988052368164e+02
3.650563583374023438e+02
3.651051018238067627e+02
3.651687953472137451e+02
3.652172591686248779e+02
3.652822227478027344e+02
3.653319392204284668e+02
3.653940496444702148e+02
3.654448456764221191e+02
3.655057013034820557e+02
3.655612621307373047e+02
3.656157863140106201e+02
3.657336165904998779e+02
3.657859239578247070e+02
3.658381533622741699e+02
3.658863713741302490e+02
3.659525036811828613e+02
3.659999277591705322e+02
3.660660612583160400e+02
3.661180639266967773e+02
3.661799151897430420e+02
3.662270503044128418e+02
3.662876956462860107e+02
3.663376045227050781e+02
3.664039480686187744e+02
3.664501073360443115e+02
3.665121204853057861e+02
3.665618202686309814e+02
3.666220667362213135e+02
3.666740074157714844e+02
3.667358555793762207e+02
3.667856583595275879e+02
3.668474016189575195e+02
3.668988375663757324e+02
3.669602236747741699e+02
3.670103101730346680e+02
3.670721473693847656e+02
3.671255114078521729e+02
3.671833469867706299e+02
3.672370920181274414e+02
3.672949554920196533e+02
3.673446476459503174e+02
3.674070725440979004e+02
3.674557645320892334e+02
3.675180327892303467e+02
3.675670645236968994e+02
3.676304118633270264e+02
3.676810507774353027e+02
3.677457265853881836e+02
3.677940039634704590e+02
3.678565425872802734e+02
3.679061214923858643e+02
3.679688396453857422e+02
3.680175907611846924e+02
3.680778160095214844e+02
3.681287841796875000e+02
3.681937377452850342e+02
3.682425436973571777e+02
3.683040132522583008e+02
3.683518869876861572e+02
3.684030258655548096e+02
3.684653456211090088e+02
3.685128562450408936e+02
3.685743305683135986e+02
3.686254603862762451e+02
3.686877584457397461e+02
3.687359538078308105e+02
3.687991163730621338e+02
3.688514761924743652e+02
3.689113056659698486e+02
3.689633741378784180e+02
3.690268735885620117e+02
3.690755448341369629e+02
3.691357345581054688e+02
3.691824936866760254e+02
3.692505285739898682e+02
3.693006811141967773e+02
3.693646368980407715e+02
3.694105966091156006e+02
3.694708111286163330e+02
3.695189857482910156e+02
3.695824713706970215e+02
3.696326079368591309e+02
3.696968491077423096e+02
3.697446224689483643e+02
3.698104777336120605e+02
3.698585107326507568e+02
3.699188013076782227e+02
3.699695870876312256e+02
3.700319066047668457e+02
3.700798325538635254e+02
3.701427209377288818e+02
3.701923148632049561e+02
3.702595064640045166e+02
3.703088889122009277e+02
3.703695051670074463e+02
3.704179031848907471e+02
3.704826536178588867e+02
3.705316021442413330e+02
3.705913994312286377e+02
3.706402559280395508e+02
3.707048146724700928e+02
3.707527596950531006e+02
3.708162703514099121e+02
3.708657052516937256e+02
3.709299345016479492e+02
3.709784030914306641e+02
3.710439271926879883e+02
3.710925097465515137e+02
3.711501820087432861e+02
3.712020356655120850e+02
3.712652072906494141e+02
3.713143098354339600e+02
3.713763885498046875e+02
3.714257583618164062e+02
3.714873800277709961e+02
3.715365979671478271e+02
3.715977973937988281e+02
3.716488282680511475e+02
3.717100770473480225e+02
3.717610402107238770e+02
3.718252975940704346e+02
3.718751163482666016e+02
3.719367208480834961e+02
3.719853196144104004e+02
3.720503597259521484e+02
3.720977663993835449e+02
3.721609530448913574e+02
3.722087414264678955e+02
3.722727425098419189e+02
3.723222048282623291e+02
3.723848121166229248e+02
3.724351551532745361e+02
3.724824228286743164e+02
3.725436682701110840e+02
3.725932934284210205e+02
3.726575903892517090e+02
3.727064135074615479e+02
3.727687280178070068e+02
3.728186705112457275e+02
3.728794395923614502e+02
3.729284770488739014e+02
3.729925076961517334e+02
3.730384962558746338e+02
3.731025843620300293e+02
3.731513922214508057e+02
3.732160229682922363e+02
3.732652089595794678e+02
3.733269250392913818e+02
3.733771772384643555e+02
3.734409515857696533e+02
3.734914715290069580e+02
3.735501670837402344e+02
3.737124662399291992e+02
3.737768571376800537e+02
3.738260219097137451e+02
3.738869285583496094e+02
3.739347324371337891e+02
3.739997882843017578e+02
3.740506930351257324e+02
3.741133260726928711e+02
3.741619427204132080e+02
3.742228186130523682e+02
3.742746500968933105e+02
3.743358805179595947e+02
3.743835752010345459e+02
3.744499194622039795e+02
3.745002081394195557e+02
3.745612292289733887e+02
3.746108627319335938e+02
3.746738135814666748e+02
3.747216820716857910e+02
3.747837600708007812e+02
3.748327598571777344e+02
3.748985340595245361e+02
3.749468660354614258e+02
3.750087633132934570e+02
3.750627655982971191e+02
3.751245603561401367e+02
3.751739740371704102e+02
3.752307898998260498e+02
3.752845368385314941e+02
3.753439381122589111e+02
3.753932759761810303e+02
3.754553644657135010e+02
3.755045800209045410e+02
3.755679104328155518e+02
3.756158545017242432e+02
3.757286944389343262e+02
3.757919380664825439e+02
3.758427238464355469e+02
3.759024429321289062e+02
3.759523918628692627e+02
3.760141532421112061e+02
3.760649709701538086e+02
3.761288709640502930e+02
3.761805300712585449e+02
3.762403883934020996e+02
3.762889845371246338e+02
3.763499948978424072e+02
3.763998925685882568e+02
3.764636101722717285e+02
3.765115303993225098e+02
3.765678696632385254e+02
3.766265575885772705e+02
3.766780331134796143e+02
3.767351396083831787e+02
3.767881076335906982e+02
3.768479158878326416e+02
3.768975615501403809e+02
3.769601314067840576e+02
3.770119211673736572e+02
3.770713515281677246e+02
3.771197278499603271e+02
3.771868813037872314e+02
3.772380602359771729e+02
3.772956266403198242e+02
3.773475728034973145e+02
3.774076774120330811e+02
3.774589557647705078e+02
3.775200562477111816e+02
3.775722603797912598e+02
3.776308572292327881e+02
3.776797528266906738e+02
3.777445425987243652e+02
3.777943823337554932e+02
3.778555865287780762e+02
3.779047265052795410e+02
3.779685988426208496e+02
3.780170252323150635e+02
3.780803015232086182e+02
3.781303894519805908e+02
3.781921012401580811e+02
3.782418789863586426e+02
3.783043787479400635e+02
3.783529753684997559e+02
3.784157750606536865e+02
3.784653904438018799e+02
3.785274612903594971e+02
3.785790143013000488e+02
3.786419830322265625e+02
3.786916689872741699e+02
3.787504873275756836e+02
3.788027331829071045e+02
3.788639245033264160e+02
3.789157669544219971e+02
3.789749722480773926e+02
3.790250532627105713e+02
3.790866553783416748e+02
3.791389670372009277e+02
3.792010569572448730e+02
3.792532122135162354e+02
3.793130981922149658e+02
3.793609557151794434e+02
3.794225845336914062e+02
3.794748146533966064e+02
3.795349833965301514e+02
3.795829892158508301e+02
3.796487212181091309e+02
3.797006587982177734e+02
3.797611076831817627e+02
3.798102049827575684e+02
3.798715672492980957e+02
3.799215121269226074e+02
3.799889011383056641e+02
3.800337042808532715e+02
3.800944375991821289e+02
3.801468269824981689e+02
3.802099125385284424e+02
3.805911819934844971e+02
3.806541759967803955e+02
3.807051444053649902e+02
3.807540678977966309e+02
3.808147580623626709e+02
3.808644530773162842e+02
3.809309382438659668e+02
3.809804346561431885e+02
3.810400588512420654e+02
3.810936810970306396e+02
3.811513874530792236e+02
3.812032628059387207e+02
3.812646212577819824e+02
3.813174116611480713e+02
3.813783226013183594e+02
3.814281053543090820e+02
3.814949166774749756e+02
3.815380663871765137e+02
3.815986897945404053e+02
3.816477391719818115e+02
3.817117872238159180e+02
3.817658541202545166e+02
3.818258805274963379e+02
3.818751306533813477e+02
3.819341802597045898e+02
3.819843432903289795e+02
3.820466861724853516e+02
3.820975818634033203e+02
3.821622300148010254e+02
3.822120392322540283e+02
3.822716338634490967e+02
3.823244428634643555e+02
3.823832726478576660e+02
3.824351527690887451e+02
3.824949166774749756e+02
3.825462288856506348e+02
3.826119589805603027e+02
3.826625776290893555e+02
3.827223322391510010e+02
3.827725486755371094e+02
3.828308906555175781e+02
3.828797686100006104e+02
3.829439001083374023e+02
3.829938743114471436e+02
3.830544707775115967e+02
3.831053113937377930e+02
3.831678814888000488e+02
3.832182259559631348e+02
3.832785210609436035e+02
3.833285496234893799e+02
3.833917944431304932e+02
3.834419877529144287e+02
3.835052726268768311e+02
3.835512437820434570e+02
3.836159646511077881e+02
3.836668117046356201e+02
3.837283928394317627e+02
3.837776291370391846e+02
3.838489942550659180e+02
3.838923115730285645e+02
3.839515538215637207e+02
3.840030505657196045e+02
3.840688748359680176e+02
3.841188113689422607e+02
3.841766972541809082e+02
3.842255177497863770e+02
3.842876348495483398e+02
3.843440077304840088e+02
3.844001760482788086e+02
3.844530956745147705e+02
3.845124766826629639e+02
3.845639858245849609e+02
3.846233661174774170e+02
3.846720263957977295e+02
3.847343716621398926e+02
3.847840297222137451e+02
3.848325476646423340e+02
3.848953888416290283e+02
3.849462161064147949e+02
3.850076806545257568e+02
3.850607156753540039e+02
3.851699719429016113e+02
3.852308585643768311e+02
3.852783133983612061e+02
3.853424868583679199e+02
3.853919913768768311e+02
3.854558813571929932e+02
3.855076179504394531e+02
3.855682330131530762e+02
3.856196718215942383e+02
3.856801600456237793e+02
3.857945616245269775e+02
3.858463056087493896e+02
3.859053294658660889e+02
3.859571514129638672e+02
3.860154492855072021e+02
3.860656459331512451e+02
3.861284525394439697e+02
3.861779179573059082e+02
3.862937176227569580e+02
3.863501009941101074e+02
3.864020333290100098e+02
3.864638397693634033e+02
3.865135626792907715e+02
3.865768518447875977e+02
3.866287183761596680e+02
3.866868093013763428e+02
3.867435383796691895e+02
3.868001782894134521e+02
3.868499419689178467e+02
3.869598526954650879e+02
3.870227527618408203e+02
3.870737752914428711e+02
3.871370227336883545e+02
3.871921546459197998e+02
3.872477667331695557e+02
3.872979817390441895e+02
3.874709863662719727e+02
3.875211663246154785e+02
3.875829329490661621e+02
3.876365020275115967e+02
3.877458884716033936e+02
3.878077905178070068e+02
3.878555521965026855e+02
3.879188690185546875e+02
3.879686524868011475e+02
3.880320971012115479e+02
3.880822033882141113e+02
3.881434562206268311e+02
3.881957552433013916e+02
3.882558979988098145e+02
3.883049015998840332e+02
3.883673768043518066e+02
3.884176666736602783e+02
3.884782671928405762e+02
3.885310552120208740e+02
3.885916233062744141e+02
3.886383602619171143e+02
3.887061853408813477e+02
3.887570028305053711e+02
3.888180994987487793e+02
3.888677830696105957e+02
3.889148554801940918e+02
3.889746925830841064e+02
3.890280592441558838e+02
3.890888411998748779e+02
3.891411349773406982e+02
3.892000463008880615e+02
3.892481079101562500e+02
3.893101539611816406e+02
3.893581342697143555e+02
3.894241111278533936e+02
3.894737184047698975e+02
3.895373961925506592e+02
3.895899102687835693e+02
3.896483469009399414e+02
3.896982650756835938e+02
3.897605524063110352e+02
3.898101081848144531e+02
3.898722193241119385e+02
3.899200813770294189e+02
3.899828240871429443e+02
3.900324711799621582e+02
3.900979175567626953e+02
3.901474115848541260e+02
3.902089955806732178e+02
3.902579181194305420e+02
3.903212718963623047e+02
3.903682048320770264e+02
3.904301397800445557e+02
3.904818923473358154e+02
3.905446944236755371e+02
3.905967216491699219e+02
3.906558635234832764e+02
3.907047977447509766e+02
3.907667131423950195e+02
3.908181736469268799e+02
3.908832402229309082e+02
3.909340736865997314e+02
3.909939103126525879e+02
3.910410740375518799e+02
3.911025297641754150e+02
3.911527404785156250e+02
3.912153782844543457e+02
3.912643134593963623e+02
3.913277363777160645e+02
3.913812866210937500e+02
3.914433193206787109e+02
3.914960484504699707e+02
3.915509200096130371e+02
3.916018280982971191e+02
3.916640160083770752e+02
3.917224600315093994e+02
3.917812178134918213e+02
3.918286442756652832e+02
3.918860421180725098e+02
3.919388065338134766e+02
3.919980616569519043e+02
3.920482857227325439e+02
3.921117255687713623e+02
3.921629354953765869e+02
3.922229521274566650e+02
3.922728035449981689e+02
3.923373808860778809e+02
3.923906600475311279e+02
3.924480206966400146e+02
3.924970898628234863e+02
3.925609099864959717e+02
3.926123433113098145e+02
3.926739234924316406e+02
3.927277393341064453e+02
3.927843589782714844e+02
3.928343679904937744e+02
3.928966343402862549e+02
3.929459571838378906e+02
3.929959545135498047e+02
3.930550630092620850e+02
3.931060183048248291e+02
3.931668374538421631e+02
3.932212307453155518e+02
3.932812259197235107e+02
3.933295674324035645e+02
3.933915507793426514e+02
3.934441530704498291e+02
3.935030059814453125e+02
3.935522942543029785e+02
3.936151521205902100e+02
3.936651060581207275e+02
3.937258274555206299e+02
3.937822184562683105e+02
3.938431131839752197e+02
3.938922867774963379e+02
3.939532654285430908e+02
3.940018298625946045e+02
3.940631330013275146e+02
3.941161446571350098e+02
3.941782572269439697e+02
3.942297019958496094e+02
3.942877459526062012e+02
3.943369328975677490e+02
3.944021854400634766e+02
3.944485166072845459e+02
3.945171716213226318e+02
3.945665879249572754e+02
3.946248672008514404e+02
3.946749179363250732e+02
3.947355096340179443e+02
3.947834684848785400e+02
3.948483600616455078e+02
3.948985650539398193e+02
3.949598226547241211e+02
3.950098268985748291e+02
3.950748717784881592e+02
3.951276443004608154e+02
3.951914935111999512e+02
3.952399160861968994e+02
3.953018593788146973e+02
3.953515224456787109e+02
3.954153892993927002e+02
3.954623343944549561e+02
3.955215177536010742e+02
3.955685145854949951e+02
3.956309959888458252e+02
3.956813395023345947e+02
3.957438461780548096e+02
3.957940046787261963e+02
3.958565635681152344e+02
3.959066045284271240e+02
3.959669430255889893e+02
3.960163793563842773e+02
3.960787484645843506e+02
3.961283061504364014e+02
3.961940841674804688e+02
3.962415196895599365e+02
3.963034014701843262e+02
3.963536365032196045e+02
3.964142851829528809e+02
3.964630081653594971e+02
3.965258529186248779e+02
3.965759987831115723e+02
3.966445562839508057e+02
3.966961243152618408e+02
3.967526917457580566e+02
3.967997269630432129e+02
3.968630385398864746e+02
3.969131798744201660e+02
3.969771347045898438e+02
3.970276863574981689e+02
3.970744895935058594e+02
3.971359658241271973e+02
3.971850199699401855e+02
3.972478101253509521e+02
3.972970340251922607e+02
3.973588211536407471e+02
3.974150500297546387e+02
3.974711971282958984e+02
3.975240733623504639e+02
3.975845558643341064e+02
3.976338016986846924e+02
3.976960530281066895e+02
3.977459514141082764e+02
3.978069612979888916e+02
3.978581724166870117e+02
3.979196996688842773e+02
3.979697818756103516e+02
3.980324437618255615e+02
3.980836129188537598e+02
3.981427958011627197e+02
3.981960761547088623e+02
3.982564179897308350e+02
3.983049104213714600e+02
3.983677840232849121e+02
3.984183557033538818e+02
3.984803898334503174e+02
3.985299735069274902e+02
3.985934350490570068e+02
3.986440768241882324e+02
3.987073488235473633e+02
3.987537887096405029e+02
3.988152792453765869e+02
3.988680300712585449e+02
3.989288437366485596e+02
3.989809474945068359e+02
3.990403990745544434e+02
3.990892083644866943e+02
3.991504299640655518e+02
3.992018907070159912e+02
3.992688047885894775e+02
3.993170082569122314e+02
3.993782138824462891e+02
3.994252552986145020e+02
3.994941289424896240e+02
3.995390317440032959e+02
3.995987834930419922e+02
3.996477327346801758e+02
3.997116000652313232e+02
3.997660315036773682e+02
3.998266441822052002e+02
3.998817281723022461e+02
3.999347763061523438e+02
3.999847545623779297e+02
4.000463712215423584e+02
4.001013569831848145e+02
4.001622388362884521e+02
4.002127466201782227e+02
4.002702820301055908e+02
4.003239912986755371e+02
4.003827693462371826e+02
4.004321167469024658e+02
4.004968779087066650e+02
4.005529510974884033e+02
4.006138534545898438e+02
4.006609938144683838e+02
4.007202658653259277e+02
4.007683322429656982e+02
4.008312513828277588e+02
4.008802275657653809e+02
4.009449651241302490e+02
4.009963998794555664e+02
4.010605542659759521e+02
4.011117949485778809e+02
4.011702845096588135e+02
4.012171502113342285e+02
4.012641825675964355e+02
4.013253746032714844e+02
4.013767044544219971e+02
4.014418501853942871e+02
4.014879009723663330e+02
4.015518894195556641e+02
4.016004891395568848e+02
4.016634106636047363e+02
4.017181844711303711e+02
4.017777013778686523e+02
4.018284747600555420e+02
4.018897712230682373e+02
4.019411664009094238e+02
4.019987473487854004e+02
4.020476908683776855e+02
4.021122610569000244e+02
4.021588320732116699e+02
4.022236018180847168e+02
4.022727451324462891e+02
4.023356945514678955e+02
4.023860087394714355e+02
4.024580681324005127e+02
4.025061974525451660e+02
4.025673034191131592e+02
4.026145036220550537e+02
4.026717731952667236e+02
4.027184143066406250e+02
4.027833762168884277e+02
4.028321683406829834e+02
4.028965628147125244e+02
4.029446318149566650e+02
4.030069491863250732e+02
4.030569982528686523e+02
4.031243019104003906e+02
4.031699752807617188e+02
4.032298152446746826e+02
4.032876861095428467e+02
4.033517479896545410e+02
4.033978636264801025e+02
4.034544024467468262e+02
4.035048093795776367e+02
4.035675039291381836e+02
4.036212964057922363e+02
4.036803898811340332e+02
4.037278532981872559e+02
4.037910697460174561e+02
4.038387417793273926e+02
4.039020578861236572e+02
4.039541125297546387e+02
4.040169255733489990e+02
4.040661075115203857e+02
4.041269865036010742e+02
4.041803660392761230e+02
4.042429363727569580e+02
4.042951986789703369e+02
4.043534138202667236e+02
4.044018175601959229e+02
4.044616909027099609e+02
4.045169425010681152e+02
4.045810441970825195e+02
4.046297986507415771e+02
4.046858456134796143e+02
4.047365736961364746e+02
4.048004117012023926e+02
4.048513350486755371e+02
4.049139337539672852e+02
4.049624528884887695e+02
4.050242502689361572e+02
4.050733923912048340e+02
4.051358993053436279e+02
4.051909441947937012e+02
4.052500202655792236e+02
4.052982137203216553e+02
4.053483319282531738e+02
4.054084863662719727e+02
4.054597153663635254e+02
4.055188205242156982e+02
4.055669047832489014e+02
4.056313788890838623e+02
4.056831667423248291e+02
4.057435739040374756e+02
4.057948212623596191e+02
4.058567483425140381e+02
4.059071350097656250e+02
4.059707829952239990e+02
4.060218253135681152e+02
4.060795607566833496e+02
4.061282432079315186e+02
4.061960623264312744e+02
4.062430760860443115e+02
4.063028409481048584e+02
4.063536593914031982e+02
4.064158697128295898e+02
4.064659280776977539e+02
4.065253264904022217e+02
4.065762808322906494e+02
4.066416702270507812e+02
4.066911029815673828e+02
4.067516307830810547e+02
4.068018834590911865e+02
4.068654327392578125e+02
4.069200410842895508e+02
4.069759051799774170e+02
4.070255808830261230e+02
4.070861730575561523e+02
4.071354210376739502e+02
4.072010781764984131e+02
4.072486526966094971e+02
4.073131537437438965e+02
4.073626577854156494e+02
4.074276087284088135e+02
4.074736785888671875e+02
4.075359859466552734e+02
4.075878298282623291e+02
4.076530365943908691e+02
4.076985704898834229e+02
4.077590341567993164e+02
4.078071053028106689e+02
4.078724422454833984e+02
4.079221928119659424e+02
4.079847702980041504e+02
4.080324380397796631e+02
4.080936353206634521e+02
4.081465897560119629e+02
4.082088813781738281e+02
4.082575359344482422e+02
4.083197920322418213e+02
4.083705637454986572e+02
4.084316277503967285e+02
4.084812014102935791e+02
4.085466518402099609e+02
4.085980837345123291e+02
4.086604232788085938e+02
4.087098257541656494e+02
4.087674496173858643e+02
4.088165957927703857e+02
4.088789544105529785e+02
4.089350783824920654e+02
4.089953041076660156e+02
4.090443332195281982e+02
4.091037628650665283e+02
4.091547880172729492e+02
4.092147479057312012e+02
4.092673490047454834e+02
4.093283383846282959e+02
4.093759133815765381e+02
4.094276957511901855e+02
4.094868326187133789e+02
4.095365927219390869e+02
4.095988497734069824e+02
4.096515531539916992e+02
4.097133700847625732e+02
4.097644050121307373e+02
4.098269498348236084e+02
4.098738152980804443e+02
4.099344851970672607e+02
4.099838652610778809e+02
4.100503401756286621e+02
4.101015686988830566e+02
4.101653652191162109e+02
4.102109813690185547e+02
4.102720243930816650e+02
4.103198738098144531e+02
4.103848145008087158e+02
4.104336676597595215e+02
4.104983363151550293e+02
4.105459570884704590e+02
4.106079661846160889e+02
4.106585648059844971e+02
4.107180316448211670e+02
4.107698550224304199e+02
4.108313901424407959e+02
4.108819320201873779e+02
4.109432449340820312e+02
4.109918472766876221e+02
4.110574796199798584e+02
4.111099708080291748e+02
4.111719577312469482e+02
4.112209961414337158e+02
4.112849512100219727e+02
4.113924899101257324e+02
4.114424879550933838e+02
4.115029137134552002e+02
4.115526349544525146e+02
4.116149411201477051e+02
4.116659729480743408e+02
4.117279620170593262e+02
4.117782270908355713e+02
4.118420791625976562e+02
4.118911092281341553e+02
4.119500942230224609e+02
4.120008058547973633e+02
4.120632309913635254e+02
4.121136429309844971e+02
4.121763291358947754e+02
4.122284429073333740e+02
4.122877819538116455e+02
4.123356385231018066e+02
4.123997092247009277e+02
4.124522314071655273e+02
4.125124468803405762e+02
4.125632116794586182e+02
4.126268796920776367e+02
4.126784327030181885e+02
4.127382493019104004e+02
4.127864336967468262e+02
4.128477773666381836e+02
4.128999416828155518e+02
4.129613144397735596e+02
4.130101294517517090e+02
4.130711121559143066e+02
4.131204206943511963e+02
4.131826083660125732e+02
4.132307937145233154e+02
4.132978217601776123e+02
4.133461453914642334e+02
4.134078719615936279e+02
4.134604737758636475e+02
4.135084443092346191e+02
4.135681705474853516e+02
4.136187384128570557e+02
4.136840021610260010e+02
4.137331759929656982e+02
4.137952811717987061e+02
4.138430266380310059e+02
4.139079642295837402e+02
4.139584469795227051e+02
4.140162847042083740e+02
4.140659632682800293e+02
4.141275794506072998e+02
4.141779615879058838e+02
4.142427644729614258e+02
4.142962517738342285e+02
4.143541538715362549e+02
4.144030032157897949e+02
4.144626665115356445e+02
4.145124173164367676e+02
4.145749061107635498e+02
4.146244122982025146e+02
4.146910004615783691e+02
4.147406256198883057e+02
4.148019018173217773e+02
4.148503737449645996e+02
4.149160687923431396e+02
4.149678335189819336e+02
4.150254182815551758e+02
4.150763673782348633e+02
4.151345293521881104e+02
4.151864998340606689e+02
4.152486331462860107e+02
4.153008570671081543e+02
4.153625206947326660e+02
4.154133975505828857e+02
4.154710466861724854e+02
4.155198137760162354e+02
4.155839953422546387e+02
4.156332023143768311e+02
4.156959474086761475e+02
4.157486305236816406e+02
4.158069961071014404e+02
4.158568561077117920e+02
4.159199128150939941e+02
4.159696407318115234e+02
4.160365679264068604e+02
4.160833110809326172e+02
4.161452066898345947e+02
4.161972701549530029e+02
4.162556204795837402e+02
4.163027226924896240e+02
4.163671479225158691e+02
4.164213588237762451e+02
4.164799795150756836e+02
4.165298798084259033e+02
4.165928220748901367e+02
4.166427557468414307e+02
4.167023804187774658e+02
4.167544195652008057e+02
4.168159852027893066e+02
4.168723287582397461e+02
4.169388482570648193e+02
4.169847385883331299e+02
4.170399277210235596e+02
4.170888574123382568e+02
4.171530621051788330e+02
4.172012157440185547e+02
4.172624652385711670e+02
4.173128728866577148e+02
4.173759956359863281e+02
4.174283125400543213e+02
4.174939763545989990e+02
4.175368497371673584e+02
4.175991163253784180e+02
4.176480259895324707e+02
4.176976766586303711e+02
4.177601900100708008e+02
4.178099913597106934e+02
4.178725945949554443e+02
4.179243721961975098e+02
4.179857909679412842e+02
4.180340330600738525e+02
4.180979270935058594e+02
4.181462728977203369e+02
4.182078859806060791e+02
4.182567451000213623e+02
4.183186554908752441e+02
4.183677921295166016e+02
4.184331018924713135e+02
4.184808986186981201e+02
4.185437695980072021e+02
4.185926783084869385e+02
4.186550049781799316e+02
4.187055521011352539e+02
4.187677915096282959e+02
4.188167774677276611e+02
4.188808228969573975e+02
4.189300005435943604e+02
4.189939081668853760e+02
4.190457382202148438e+02
4.191019966602325439e+02
4.191525883674621582e+02
4.192158348560333252e+02
4.192666358947753906e+02
4.193328063488006592e+02
4.193813118934631348e+02
4.194389817714691162e+02
4.194888987541198730e+02
4.195511455535888672e+02
4.196007702350616455e+02
4.196644847393035889e+02
4.197157320976257324e+02
4.197781839370727539e+02
4.198268549442291260e+02
4.198904724121093750e+02
4.199397206306457520e+02
4.199977903366088867e+02
4.200482313632965088e+02
4.201121134757995605e+02
4.201618309020996094e+02
4.202230546474456787e+02
4.202798597812652588e+02
4.203370664119720459e+02
4.203861980438232422e+02
4.204482986927032471e+02
4.204974596500396729e+02
4.205585083961486816e+02
4.206138811111450195e+02
4.206731438636779785e+02
4.207222709655761719e+02
4.207820656299591064e+02
4.208314273357391357e+02
4.208947119712829590e+02
4.209469225406646729e+02
4.210127093791961670e+02
4.210616381168365479e+02
4.211209235191345215e+02
4.211699559688568115e+02
4.212320418357849121e+02
4.212800123691558838e+02
4.213499488830566406e+02
4.214011399745941162e+02
4.214599804878234863e+02
4.215059242248535156e+02
4.215677435398101807e+02
4.216188428401947021e+02
4.216784102916717529e+02
4.217283570766448975e+02
4.217785792350769043e+02
4.218416011333465576e+02
4.218931105136871338e+02
4.219498193264007568e+02
4.220001087188720703e+02
4.220640726089477539e+02
4.221162867546081543e+02
4.221765172481536865e+02
4.222253055572509766e+02
4.222888932228088379e+02
4.223386199474334717e+02
4.223978953361511230e+02
4.224541585445404053e+02
4.225110642910003662e+02
4.225605518817901611e+02
4.226233153343200684e+02
4.226841266155242920e+02
4.227368192672729492e+02
4.227872104644775391e+02
4.228487336635589600e+02
4.228968718051910400e+02
4.229588980674743652e+02
4.230065720081329346e+02
4.230735905170440674e+02
4.231208899021148682e+02
4.231865487098693848e+02
4.232327568531036377e+02
4.232949402332305908e+02
4.233439419269561768e+02
4.234071936607360840e+02
4.234585280418395996e+02
4.235197098255157471e+02
4.235680127143859863e+02
4.236318428516387939e+02
4.236781988143920898e+02
4.237431330680847168e+02
4.237961037158966064e+02
4.238585357666015625e+02
4.239067692756652832e+02
4.239671921730041504e+02
4.240157682895660400e+02
4.240783607959747314e+02
4.241281106472015381e+02
4.241939084529876709e+02
4.242440321445465088e+02
4.243039610385894775e+02
4.243527066707611084e+02
4.244153296947479248e+02
4.244670324325561523e+02
4.245262274742126465e+02
4.245774345397949219e+02
4.246410605907440186e+02
4.246928992271423340e+02
4.247524363994598389e+02
4.248017756938934326e+02
4.248632888793945312e+02
4.249145889282226562e+02
4.249753799438476562e+02
4.250268795490264893e+02
4.250883519649505615e+02
4.251404924392700195e+02
4.251999309062957764e+02
4.252534701824188232e+02
4.253103423118591309e+02
4.253597049713134766e+02
4.254247708320617676e+02
4.254723920822143555e+02
4.255347485542297363e+02
4.255859768390655518e+02
4.256497938632965088e+02
4.256990838050842285e+02
4.257596001625061035e+02
4.258101375102996826e+02
4.258607742786407471e+02
4.259206135272979736e+02
4.259715416431427002e+02
4.260337402820587158e+02
4.260901253223419189e+02
4.261435525417327881e+02
4.261959640979766846e+02
4.262597515583038330e+02
4.263182151317596436e+02
4.263703625202178955e+02
4.264174132347106934e+02
4.264786522388458252e+02
4.265270445346832275e+02
4.265931231975555420e+02
4.266448307037353516e+02
4.267046744823455811e+02
4.267577848434448242e+02
4.268172287940979004e+02
4.268662409782409668e+02
4.269269218444824219e+02
4.269767611026763916e+02
4.270399992465972900e+02
4.270899910926818848e+02
4.271553561687469482e+02
4.272025542259216309e+02
4.272619116306304932e+02
4.273121523857116699e+02
4.273759016990661621e+02
4.274271721839904785e+02
4.274917242527008057e+02
4.275396993160247803e+02
4.276014974117279053e+02
4.276518781185150146e+02
4.277122271060943604e+02
4.277605113983154297e+02
4.278226084709167480e+02
4.278801209926605225e+02
4.279357252120971680e+02
4.279853279590606689e+02
4.280464477539062500e+02
4.280967772006988525e+02
4.281607875823974609e+02
4.282081007957458496e+02
4.282727344036102295e+02
4.283197014331817627e+02
4.283833291530609131e+02
4.284311418533325195e+02
4.284960346221923828e+02
4.285455541610717773e+02
4.286088380813598633e+02
4.286599316596984863e+02
4.287220566272735596e+02
4.287704362869262695e+02
4.288318018913269043e+02
4.288837494850158691e+02
4.289432086944580078e+02
4.289947900772094727e+02
4.290569183826446533e+02
4.291031987667083740e+02
4.291687605381011963e+02
4.292208328247070312e+02
4.292800986766815186e+02
4.293322615623474121e+02
4.293902938365936279e+02
4.294430029392242432e+02
4.295039727687835693e+02
4.295521745681762695e+02
4.296179680824279785e+02
4.296711683273315430e+02
4.297286958694458008e+02
4.297790145874023438e+02
4.298396682739257812e+02
4.298911471366882324e+02
4.299362390041351318e+02
4.299996473789215088e+02
4.300516407489776611e+02
4.301202425956726074e+02
4.301645309925079346e+02
4.302272043228149414e+02
4.302758824825286865e+02
4.303377161026000977e+02
4.303878540992736816e+02
4.304481844902038574e+02
4.305000190734863281e+02
4.305604107379913330e+02
4.306144628524780273e+02
4.306699383258819580e+02
4.307216622829437256e+02
4.307841968536376953e+02
4.308336114883422852e+02
4.308974218368530273e+02
4.309499938488006592e+02
4.310086710453033447e+02
4.310602011680603027e+02
4.311181614398956299e+02
4.311673920154571533e+02
4.312312877178192139e+02
4.312811546325683594e+02
4.313436183929443359e+02
4.313935313224792480e+02
4.314577741622924805e+02
4.315055959224700928e+02
4.315676152706146240e+02
4.316179611682891846e+02
4.316787822246551514e+02
4.317282836437225342e+02
4.317940661907196045e+02
4.318456044197082520e+02
4.319045078754425049e+02
4.319524011611938477e+02
4.320156433582305908e+02
4.320671160221099854e+02
4.321277749538421631e+02
4.321776063442230225e+02
4.322397391796112061e+02
4.322889254093170166e+02
4.323514568805694580e+02
4.324057805538177490e+02
4.324656970500946045e+02
4.325136966705322266e+02
4.325740778446197510e+02
4.326238882541656494e+02
4.326875138282775879e+02
4.327381281852722168e+02
4.328029108047485352e+02
4.328527352809906006e+02
4.329132881164550781e+02
4.329605777263641357e+02
4.330241959095001221e+02
4.330784106254577637e+02
4.331351180076599121e+02
4.331865124702453613e+02
4.332464792728424072e+02
4.332974205017089844e+02
4.333613431453704834e+02
4.334099881649017334e+02
4.334703738689422607e+02
4.335204041004180908e+02
4.335864906311035156e+02
4.336361534595489502e+02
4.336952636241912842e+02
4.337427606582641602e+02
4.338074796199798584e+02
4.338568782806396484e+02
4.339200353622436523e+02
4.339718668460845947e+02
4.340330777168273926e+02
4.340820260047912598e+02
4.341300199031829834e+02
4.341928710937500000e+02
4.342429203987121582e+02
4.343048000335693359e+02
4.343560378551483154e+02
4.344164967536926270e+02
4.344663181304931641e+02
4.345279262065887451e+02
4.345758001804351807e+02
4.346397099494934082e+02
4.346908044815063477e+02
4.347540769577026367e+02
4.348068897724151611e+02
4.348644673824310303e+02
4.349127314090728760e+02
4.349744770526885986e+02
4.350244526863098145e+02
4.350874817371368408e+02
4.351364827156066895e+02
4.351980223655700684e+02
4.352500257492065430e+02
4.353147687911987305e+02
4.353638842105865479e+02
4.354245815277099609e+02
4.354742283821105957e+02
4.355370197296142578e+02
4.355856928825378418e+02
4.356488380432128906e+02
4.356989345550537109e+02
4.357600212097167969e+02
4.358082938194274902e+02
4.358725481033325195e+02
4.359221611022949219e+02
4.359856309890747070e+02
4.360364043712615967e+02
4.360978713035583496e+02
4.361485321521759033e+02
4.362088556289672852e+02
4.362582769393920898e+02
4.363230466842651367e+02
4.363700168132781982e+02
4.364304840564727783e+02
4.364804375171661377e+02
4.365427520275115967e+02
4.365924909114837646e+02
4.366546747684478760e+02
4.367063200473785400e+02
4.367687842845916748e+02
4.368200788497924805e+02
4.368843164443969727e+02
4.369328303337097168e+02
4.369926235675811768e+02
4.370434529781341553e+02
4.371013960838317871e+02
4.371519894599914551e+02
4.372170679569244385e+02
4.372655885219573975e+02
4.373272762298583984e+02
4.373774855136871338e+02
4.374434776306152344e+02
4.374932286739349365e+02
4.375516519546508789e+02
4.375984251499176025e+02
4.376629111766815186e+02
4.377172467708587646e+02
4.377782328128814697e+02
4.378297431468963623e+02
4.378870692253112793e+02
4.379371676445007324e+02
4.380009472370147705e+02
4.380481534004211426e+02
4.381129157543182373e+02
4.381599438190460205e+02
4.382119715213775635e+02
4.382713353633880615e+02
4.383249895572662354e+02
4.383839159011840820e+02
4.384339756965637207e+02
4.384982578754425049e+02
4.385451176166534424e+02
4.386073780059814453e+02
4.386579859256744385e+02
4.387182886600494385e+02
4.387718679904937744e+02
4.388344492912292480e+02
4.388850784301757812e+02
4.389445455074310303e+02
4.389964609146118164e+02
4.390556728839874268e+02
4.391078512668609619e+02
4.391690328121185303e+02
4.392191193103790283e+02
4.392788407802581787e+02
4.393272738456726074e+02
4.393934228420257568e+02
4.394439845085144043e+02
4.395044503211975098e+02
4.395580866336822510e+02
4.396183557510375977e+02
4.396669926643371582e+02
4.397269663810729980e+02
4.397762312889099121e+02
4.398399391174316406e+02
4.398901040554046631e+02
4.399518010616302490e+02
4.400010566711425781e+02
4.400636980533599854e+02
4.401173837184906006e+02
4.401763913631439209e+02
4.402290489673614502e+02
4.402876195907592773e+02
4.403384103775024414e+02
4.404002184867858887e+02
4.404498569965362549e+02
4.405111725330352783e+02
4.405585875511169434e+02
4.406229314804077148e+02
4.406756703853607178e+02
4.407348873615264893e+02
4.407835528850555420e+02
4.408501715660095215e+02
4.409019589424133301e+02
4.409637615680694580e+02
4.410099477767944336e+02
4.410712616443634033e+02
4.411218400001525879e+02
4.411857252120971680e+02
4.412363598346710205e+02
4.412947096824645996e+02
4.413530662059783936e+02
4.414079403877258301e+02
4.414626727104187012e+02
4.415277943611145020e+02
4.415782461166381836e+02
4.416339802742004395e+02
4.416869640350341797e+02
4.417500960826873779e+02
4.417953791618347168e+02
4.418546154499053955e+02
4.419090015888214111e+02
4.419682292938232422e+02
4.420176942348480225e+02
4.420799939632415771e+02
4.421303877830505371e+02
4.421926558017730713e+02
4.422440633773803711e+02
4.422899246215820312e+02
4.423528280258178711e+02
4.424007282257080078e+02
4.424643948078155518e+02
4.425166385173797607e+02
4.425765671730041504e+02
4.426245942115783691e+02
4.426909253597259521e+02
4.427448563575744629e+02
4.428032367229461670e+02
4.428511166572570801e+02
4.429117538928985596e+02
4.429620437622070312e+02
4.430249571800231934e+02
4.430752701759338379e+02
4.431357834339141846e+02
4.431907551288604736e+02
4.432457020282745361e+02
4.432950620651245117e+02
4.433600983619689941e+02
4.434108083248138428e+02
4.434713208675384521e+02
4.435258986949920654e+02
4.435851888656616211e+02
4.436382229328155518e+02
4.436964178085327148e+02
4.437482898235321045e+02
4.438138701915740967e+02
4.438622980117797852e+02
4.439187810420989990e+02
4.439718029499053955e+02
4.440330371856689453e+02
4.440867106914520264e+02
4.441463499069213867e+02
4.441966707706451416e+02
4.442563128471374512e+02
4.443056466579437256e+02
4.443675947189331055e+02
4.444177424907684326e+02
4.444804196357727051e+02
4.445329344272613525e+02
4.445936772823333740e+02
4.446448833942413330e+02
4.447031278610229492e+02
4.447516107559204102e+02
4.448164689540863037e+02
4.448645827770233154e+02
4.449290382862091064e+02
4.449796586036682129e+02
4.450382974147796631e+02
4.450945563316345215e+02
4.451526420116424561e+02
4.452062976360321045e+02
4.452642500400543213e+02
4.453129436969757080e+02
4.453756160736083984e+02
4.454252762794494629e+02
4.454872326850891113e+02
4.455350835323333740e+02
4.455987067222595215e+02
4.456486542224884033e+02
4.457118599414825439e+02
4.457599999904632568e+02
4.460987939834594727e+02
4.461581897735595703e+02
4.462144687175750732e+02
4.462716200351715088e+02
4.463201160430908203e+02
4.463699944019317627e+02
4.464316730499267578e+02
4.464808743000030518e+02
4.465482738018035889e+02
4.465960807800292969e+02
4.466602587699890137e+02
4.467090578079223633e+02
4.467712967395782471e+02
4.468213677406311035e+02
4.468782551288604736e+02
4.469272675514221191e+02
4.469937427043914795e+02
4.470426402091979980e+02
4.471044147014617920e+02
4.471522715091705322e+02
4.472142131328582764e+02
4.472165381908416748e+02
4.473905122280120850e+02
4.474352536201477051e+02
4.474750638008117676e+02
4.475138175487518311e+02
4.475568797588348389e+02
4.476161556243896484e+02
4.476697161197662354e+02
4.477246766090393066e+02
4.477725889682769775e+02
4.478341596126556396e+02
4.478827166557312012e+02
4.479459743499755859e+02
4.479923419952392578e+02
4.480591325759887695e+02
4.481094343662261963e+02
4.481696884632110596e+02
4.482128806114196777e+02
4.482712914943695068e+02
4.483215360641479492e+02
4.483732080459594727e+02
4.484313237667083740e+02
4.484845962524414062e+02
4.485486917495727539e+02
4.485965428352355957e+02
4.486554422378540039e+02
4.487060403823852539e+02
4.487674515247344971e+02
4.488195664882659912e+02
4.488810646533966064e+02
4.489305999279022217e+02
4.489939446449279785e+02
4.490445804595947266e+02
4.491062264442443848e+02
4.491548097133636475e+02
4.492164452075958252e+02
4.492675585746765137e+02
4.493273739814758301e+02
4.493789041042327881e+02
4.494394781589508057e+02
4.494884479045867920e+02
4.495546526908874512e+02
4.496057584285736084e+02
4.496728837490081787e+02
4.497167303562164307e+02
4.497811999320983887e+02
4.498274049758911133e+02
4.498893253803253174e+02
4.499376714229583740e+02
4.499971711635589600e+02
4.500490663051605225e+02
4.501116285324096680e+02
4.501629486083984375e+02
4.502262823581695557e+02
4.502771470546722412e+02
4.503417589664459229e+02
4.503912458419799805e+02
4.504496974945068359e+02
4.504986207485198975e+02
4.505592203140258789e+02
4.506104722023010254e+02
4.506724298000335693e+02
4.507225205898284912e+02
4.507845840454101562e+02
4.508368890285491943e+02
4.508991484642028809e+02
4.509510116577148438e+02
4.510129246711730957e+02
4.510628161430358887e+02
4.511260669231414795e+02
4.511714923381805420e+02
4.512332601547241211e+02
4.512846021652221680e+02
4.513466331958770752e+02
4.513959012031555176e+02
4.514569849967956543e+02
4.515077710151672363e+02
4.515676369667053223e+02
4.516210978031158447e+02
4.516815443038940430e+02
4.517338821887969971e+02
4.517920508384704590e+02
4.518444654941558838e+02
4.519068026542663574e+02
4.519586367607116699e+02
4.520186243057250977e+02
4.520645725727081299e+02
4.521275770664215088e+02
4.521809954643249512e+02
4.522399725914001465e+02
4.522922556400299072e+02
4.523547685146331787e+02
4.523998386859893799e+02
4.524616603851318359e+02
4.525133535861968994e+02
4.525638790130615234e+02
4.526254746913909912e+02
4.526724438667297363e+02
4.527353506088256836e+02
4.527840216159820557e+02
4.528499288558959961e+02
4.529069993495941162e+02
4.529642293453216553e+02
4.530130281448364258e+02
4.530711295604705811e+02
4.531206154823303223e+02
4.531843526363372803e+02
4.532376074790954590e+02
4.532986712455749512e+02
4.533493478298187256e+02
4.534129350185394287e+02
4.534638102054595947e+02
4.535276846885681152e+02
4.535768115520477295e+02
4.536380460262298584e+02
4.536920716762542725e+02
4.537541370391845703e+02
4.538011474609375000e+02
4.538617484569549561e+02
4.539101994037628174e+02
4.539717242717742920e+02
4.540274512767791748e+02
4.540804879665374756e+02
4.541291208267211914e+02
4.541925663948059082e+02
4.542448093891143799e+02
4.543031167984008789e+02
4.543551030158996582e+02
4.544160037040710449e+02
4.544646317958831787e+02
4.545287611484527588e+02
4.545837163925170898e+02
4.546399161815643311e+02
4.546913290023803711e+02
4.547555334568023682e+02
4.548089842796325684e+02
4.548680229187011719e+02
4.549161038398742676e+02
4.549746851921081543e+02
4.550237178802490234e+02
4.550891118049621582e+02
4.551389358043670654e+02
4.552008204460144043e+02
4.552504100799560547e+02
4.553118457794189453e+02
4.553618235588073730e+02
4.554216830730438232e+02
4.554725778102874756e+02
4.555378763675689697e+02
4.555878200531005859e+02
4.556487309932708740e+02
4.556986944675445557e+02
4.557602908611297607e+02
4.558088626861572266e+02
4.558706719875335693e+02
4.559231095314025879e+02
4.559834852218627930e+02
4.560312144756317139e+02
4.560976710319519043e+02
4.561459000110626221e+02
4.562077214717864990e+02
4.562587404251098633e+02
4.563189709186553955e+02
4.563701870441436768e+02
4.564318058490753174e+02
4.564829022884368896e+02
4.565478122234344482e+02
4.565967228412628174e+02
4.566455516815185547e+02
4.567024166584014893e+02
4.567538650035858154e+02
4.568204648494720459e+02
4.568654921054840088e+02
4.569248995780944824e+02
4.569770789146423340e+02
4.570394611358642578e+02
4.570899322032928467e+02
4.571504995822906494e+02
4.572023952007293701e+02
4.572621116638183594e+02
4.573115353584289551e+02
4.573761191368103027e+02
4.574256207942962646e+02
4.574879205226898193e+02
4.575386674404144287e+02
4.576007018089294434e+02
4.576518540382385254e+02
4.577148497104644775e+02
4.577619330883026123e+02
4.578260643482208252e+02
4.584358634948730469e+02
4.584977481365203857e+02
4.585487945079803467e+02
4.586071698665618896e+02
4.586568720340728760e+02
4.587190537452697754e+02
4.587699420452117920e+02
4.589457252025604248e+02
4.589967830181121826e+02
4.590572025775909424e+02
4.591076319217681885e+02
4.591686539649963379e+02
4.592157537937164307e+02
4.592774083614349365e+02
4.593279962539672852e+02
4.593949937820434570e+02
4.594440631866455078e+02
4.595032618045806885e+02
4.595557363033294678e+02
4.596156766414642334e+02
4.596666114330291748e+02
4.597308692932128906e+02
4.597839426994323730e+02
4.598435916900634766e+02
4.598899037837982178e+02
4.599508922100067139e+02
4.600019316673278809e+02
4.600634212493896484e+02
4.601131908893585205e+02
4.601763360500335693e+02
4.602243876457214355e+02
4.602869744300842285e+02
4.603423345088958740e+02
4.604039831161499023e+02
4.604531581401824951e+02
4.605154080390930176e+02
4.605653660297393799e+02
4.606279268264770508e+02
4.606780197620391846e+02
4.607241768836975098e+02
4.607845151424407959e+02
4.608378832340240479e+02
4.608961348533630371e+02
4.609449956417083740e+02
4.610100831985473633e+02
4.610616099834442139e+02
4.611224763393402100e+02
4.611731977462768555e+02
4.612313547134399414e+02
4.612822103500366211e+02
4.613472814559936523e+02
4.613995549678802490e+02
4.614543654918670654e+02
4.615050818920135498e+02
4.615729815959930420e+02
4.616221768856048584e+02
4.616865866184234619e+02
4.617335669994354248e+02
4.617950370311737061e+02
4.618457398414611816e+02
4.619085707664489746e+02
4.619590985774993896e+02
4.620188648700714111e+02
4.620710642337799072e+02
4.621329779624938965e+02
4.621831476688385010e+02
4.622437522411346436e+02
4.622941467761993408e+02
4.623544313907623291e+02
4.624054961204528809e+02
4.624697024822235107e+02
4.625175726413726807e+02
4.625778260231018066e+02
4.626327822208404541e+02
4.626926546096801758e+02
4.627433247566223145e+02
4.627999157905578613e+02
4.628521044254302979e+02
4.629130268096923828e+02
4.629649918079376221e+02
4.630246903896331787e+02
4.630741312503814697e+02
4.631344239711761475e+02
4.631875896453857422e+02
4.632488067150115967e+02
4.633037939071655273e+02
4.633612532615661621e+02
4.634736719131469727e+02
4.635235021114349365e+02
4.635826301574707031e+02
4.636338315010070801e+02
4.636970560550689697e+02
4.637504978179931641e+02
4.638062043190002441e+02
4.638558621406555176e+02
4.639192984104156494e+02
4.639714250564575195e+02
4.640362520217895508e+02
4.640873103141784668e+02
4.641429009437561035e+02
4.641936228275299072e+02
4.642564163208007812e+02
4.643042926788330078e+02
4.643666927814483643e+02
4.644177517890930176e+02
4.644831740856170654e+02
4.645302989482879639e+02
4.645919721126556396e+02
4.646459393501281738e+02
4.647049176692962646e+02
4.647552285194396973e+02
4.648039975166320801e+02
4.648637242317199707e+02
4.649156293869018555e+02
4.649769470691680908e+02
4.650325925350189209e+02
4.650871002674102783e+02
4.651371228694915771e+02
4.651995263099670410e+02
4.652489640712738037e+02
4.653124537467956543e+02
4.653639726638793945e+02
4.654236786365509033e+02
4.654745876789093018e+02
4.655399389266967773e+02
4.655889329910278320e+02
4.656460640430450439e+02
4.656967940330505371e+02
4.657629559040069580e+02
4.658092913627624512e+02
4.658715660572052002e+02
4.659222304821014404e+02
4.659846377372741699e+02
4.660351376533508301e+02
4.661031703948974609e+02
4.661458992958068848e+02
4.662090322971343994e+02
4.662580235004425049e+02
4.663202636241912842e+02
4.663730030059814453e+02
4.664337081909179688e+02
4.664826910495758057e+02
4.665437853336334229e+02
4.665948445796966553e+02
4.666553907394409180e+02
4.667049245834350586e+02
4.667679140567779541e+02
4.668191523551940918e+02
4.668801231384277344e+02
4.669299058914184570e+02
4.669915487766265869e+02
4.670433042049407959e+02
4.671057984828948975e+02
4.671535747051239014e+02
4.672149493694305420e+02
4.672662498950958252e+02
4.673277823925018311e+02
4.673765456676483154e+02
4.674411723613739014e+02
4.674919409751892090e+02
4.675530426502227783e+02
4.676041500568389893e+02
4.676639733314514160e+02
4.677131676673889160e+02
4.677764954566955566e+02
4.678280978202819824e+02
4.678910725116729736e+02
4.679429938793182373e+02
4.679997627735137939e+02
4.680503983497619629e+02
4.681110963821411133e+02
4.681652417182922363e+02
4.682260563373565674e+02
4.682788627147674561e+02
4.683390111923217773e+02
4.683851222991943359e+02
4.684458048343658447e+02
4.685075771808624268e+02
4.685591902732849121e+02
4.686094543933868408e+02
4.686707174777984619e+02
4.687214376926422119e+02
4.687898790836334229e+02
4.688350853919982910e+02
4.688971712589263916e+02
4.689489884376525879e+02
4.689959192276000977e+02
4.691047267913818359e+02
4.691709156036376953e+02
4.692190401554107666e+02
4.692793288230895996e+02
4.693320763111114502e+02
4.693997457027435303e+02
4.694453232288360596e+02
4.695059189796447754e+02
4.695534417629241943e+02
4.696192212104797363e+02
4.696699929237365723e+02
4.697305428981781006e+02
4.697774765491485596e+02
4.698421475887298584e+02
4.698975749015808105e+02
4.699550483226776123e+02
4.700068528652191162e+02
4.700694384574890137e+02
4.701185891628265381e+02
4.701877369880676270e+02
4.702300760746002197e+02
4.702877614498138428e+02
4.703359923362731934e+02
4.703992860317230225e+02
4.704522936344146729e+02
4.705125029087066650e+02
4.705627155303955078e+02
4.706270875930786133e+02
4.706719698905944824e+02
4.707351136207580566e+02
4.707869603633880615e+02
4.708489608764648438e+02
4.709001727104187012e+02
4.709589910507202148e+02
4.710071623325347900e+02
4.710726218223571777e+02
4.711241471767425537e+02
4.711828215122222900e+02
4.712312729358673096e+02
4.712953956127166748e+02
4.713490962982177734e+02
4.714078638553619385e+02
4.714600474834442139e+02
4.715175924301147461e+02
4.715713362693786621e+02
4.716323356628417969e+02
4.716803925037384033e+02
4.717437856197357178e+02
4.717967824935913086e+02
4.718569920063018799e+02
4.719046208858489990e+02
4.719688324928283691e+02
4.720172126293182373e+02
4.720794291496276855e+02
4.721290404796600342e+02
4.721932842731475830e+02
4.722431015968322754e+02
4.723056609630584717e+02
4.723542723655700684e+02
4.724145948886871338e+02
4.724674901962280273e+02
4.725279729366302490e+02
4.725791277885437012e+02
4.726387736797332764e+02
4.726879305839538574e+02
4.727517833709716797e+02
4.727998256683349609e+02
4.728629021644592285e+02
4.729152586460113525e+02
4.729745168685913086e+02
4.730261502265930176e+02
4.730760476589202881e+02
4.731355347633361816e+02
4.731849274635314941e+02
4.732471363544464111e+02
4.732991766929626465e+02
4.733600943088531494e+02
4.734117748737335205e+02
4.734725329875946045e+02
4.735222444534301758e+02
4.735827786922454834e+02
4.736336338520050049e+02
4.736950862407684326e+02
4.737478029727935791e+02
4.738577826023101807e+02
4.739209234714508057e+02
4.739718775749206543e+02
4.740325090885162354e+02
4.740838708877563477e+02
4.741440906524658203e+02
4.741955292224884033e+02
4.742555489540100098e+02
4.743063371181488037e+02
4.743694739341735840e+02
4.744159650802612305e+02
4.744776158332824707e+02
4.745276634693145752e+02
4.745906214714050293e+02
4.746408591270446777e+02
4.747033381462097168e+02
4.747550582885742188e+02
4.748155715465545654e+02
4.748669233322143555e+02
4.749268288612365723e+02
4.749790441989898682e+02
4.750438385009765625e+02
4.750918354988098145e+02
4.751532015800476074e+02
4.752066767215728760e+02
4.752666261196136475e+02
4.753145666122436523e+02
4.753761084079742432e+02
4.754241762161254883e+02
4.754859519004821777e+02
4.755407452583312988e+02
4.756019656658172607e+02
4.756508986949920654e+02
4.757114565372467041e+02
4.757649519443511963e+02
4.758245093822479248e+02
4.758749537467956543e+02
4.759364891052246094e+02
4.759878289699554443e+02
4.760474257469177246e+02
4.761058547496795654e+02
4.761639273166656494e+02
4.762142739295959473e+02
4.762757966518402100e+02
4.763273613452911377e+02
4.763869285583496094e+02
4.764368410110473633e+02
4.765018503665924072e+02
4.765524225234985352e+02
4.766159286499023438e+02
4.766627693176269531e+02
4.767238848209381104e+02
4.767765307426452637e+02
4.768343667984008789e+02
4.768850708007812500e+02
4.769439413547515869e+02
4.769916357994079590e+02
4.770545487403869629e+02
4.771048688888549805e+02
4.771526789665222168e+02
4.772152955532073975e+02
4.772674386501312256e+02
4.773268203735351562e+02
4.773763797283172607e+02
4.774425032138824463e+02
4.774873833656311035e+02
4.775509345531463623e+02
4.776018755435943604e+02
4.776648523807525635e+02
4.777165827751159668e+02
4.777748982906341553e+02
4.778246161937713623e+02
4.778896245956420898e+02
4.779379463195800781e+02
4.779971148967742920e+02
4.780475404262542725e+02
4.781103444099426270e+02
4.781600482463836670e+02
4.782237720489501953e+02
4.782729039192199707e+02
4.783373811244964600e+02
4.783866062164306641e+02
4.784464366436004639e+02
4.785018632411956787e+02
4.785607070922851562e+02
4.786089119911193848e+02
4.786700646877288818e+02
4.787213556766510010e+02
4.787842748165130615e+02
4.788328318595886230e+02
4.788958649635314941e+02
4.789471518993377686e+02
4.790078825950622559e+02
4.790579147338867188e+02
4.791176965236663818e+02
4.791687953472137451e+02
4.792297646999359131e+02
4.792787957191467285e+02
4.793435921669006348e+02
4.793940985202789307e+02
4.794564664363861084e+02
4.795053462982177734e+02
4.795668141841888428e+02
4.796178517341613770e+02
4.796820316314697266e+02
4.797292232513427734e+02
4.797917506694793701e+02
4.798420569896697998e+02
4.799036207199096680e+02
4.799519143104553223e+02
4.800148313045501709e+02
4.800706086158752441e+02
4.801267657279968262e+02
4.801809668540954590e+02
4.802387578487396240e+02
4.802902441024780273e+02
4.803507351875305176e+02
4.804007163047790527e+02
4.804638912677764893e+02
4.805143020153045654e+02
4.805764052867889404e+02
4.806317298412322998e+02
4.806867065429687500e+02
4.807363283634185791e+02
4.808018786907196045e+02
4.808540976047515869e+02
4.809115216732025146e+02
4.809592196941375732e+02
4.810237331390380859e+02
4.810720448493957520e+02
4.811349167823791504e+02
4.811865415573120117e+02
4.812330317497253418e+02
4.812954134941101074e+02
4.813458454608917236e+02
4.814080133438110352e+02
4.814588088989257812e+02
4.815180268287658691e+02
4.815699737071990967e+02
4.816299750804901123e+02
4.816795880794525146e+02
4.817436125278472900e+02
4.817924787998199463e+02
4.818566920757293701e+02
4.819062469005584717e+02
4.819660806655883789e+02
4.820171270370483398e+02
4.820798728466033936e+02
4.821288797855377197e+02
4.821915173530578613e+02
4.822420401573181152e+02
4.823020129203796387e+02
4.823531849384307861e+02
4.824161028861999512e+02
4.824658904075622559e+02
4.825269906520843506e+02
4.825771718025207520e+02
4.826393413543701172e+02
4.826873848438262939e+02
4.827501752376556396e+02
4.828018701076507568e+02
4.828651053905487061e+02
4.829137258529663086e+02
4.829757039546966553e+02
4.830248270034790039e+02
4.830861980915069580e+02
4.831366474628448486e+02
4.831993877887725830e+02
4.832486872673034668e+02
4.833144631385803223e+02
4.833598530292510986e+02
4.834241316318511963e+02
4.834735121726989746e+02
4.835377943515777588e+02
4.835868544578552246e+02
4.836475923061370850e+02
4.836970107555389404e+02
4.837592780590057373e+02
4.838075599670410156e+02
4.838722524642944336e+02
4.839229731559753418e+02
4.839845480918884277e+02
4.840330228805541992e+02
4.840968556404113770e+02
4.841467294692993164e+02
4.842094445228576660e+02
4.842571189403533936e+02
4.843177223205566406e+02
4.843689534664154053e+02
4.844316992759704590e+02
4.844817860126495361e+02
4.845439062118530273e+02
4.845932335853576660e+02
4.846561198234558105e+02
4.847049264907836914e+02
4.847709875106811523e+02
4.848208291530609131e+02
4.848825170993804932e+02
4.849352705478668213e+02
4.850010893344879150e+02
4.850493614673614502e+02
4.851038770675659180e+02
4.851516723632812500e+02
4.852159571647644043e+02
4.852647900581359863e+02
4.853269076347351074e+02
4.853769981861114502e+02
4.854244878292083740e+02
4.854866991043090820e+02
4.855400121212005615e+02
4.856008923053741455e+02
4.856471250057220459e+02
4.857112834453582764e+02
4.857590613365173340e+02
4.858249497413635254e+02
4.858732397556304932e+02
4.859356846809387207e+02
4.859844024181365967e+02
4.860473563671112061e+02
4.860972690582275391e+02
4.861585974693298340e+02
4.862073214054107666e+02
4.862732253074645996e+02
4.863218560218811035e+02
4.863844368457794189e+02
4.864366583824157715e+02
4.864963688850402832e+02
4.865433180332183838e+02
4.866071395874023438e+02
4.866573731899261475e+02
4.867204546928405762e+02
4.867686972618103027e+02
4.868310201168060303e+02
4.868790419101715088e+02
4.869431414604187012e+02
4.869942517280578613e+02
4.870555307865142822e+02
4.871056046485900879e+02
4.871673948764801025e+02
4.872276964187622070e+02
4.872813031673431396e+02
4.873315839767456055e+02
4.873904292583465576e+02
4.874393129348754883e+02
4.875032372474670410e+02
4.875524699687957764e+02
4.876145129203796387e+02
4.876654477119445801e+02
4.877268867492675781e+02
4.877777819633483887e+02
4.878391563892364502e+02
4.878889284133911133e+02
4.879511656761169434e+02
4.879998636245727539e+02
4.880662186145782471e+02
4.881136479377746582e+02
4.881749806404113770e+02
4.882235627174377441e+02
4.882867708206176758e+02
4.883359620571136475e+02
4.884009983539581299e+02
4.884500565528869629e+02
4.885121116638183594e+02
4.885608842372894287e+02
4.886219618320465088e+02
4.886726946830749512e+02
4.887366518974304199e+02
4.887845568656921387e+02
4.888471295833587646e+02
4.888992583751678467e+02
4.889597122669219971e+02
4.890104672908782959e+02
4.890711655616760254e+02
4.891215627193450928e+02
4.891828808784484863e+02
4.892362778186798096e+02
4.892951726913452148e+02
4.893449330329895020e+02
4.894076256752014160e+02
4.894588646888732910e+02
4.895078043937683105e+02
4.895667784214019775e+02
4.896171183586120605e+02
4.896803727149963379e+02
4.897296516895294189e+02
4.897910146713256836e+02
4.898407294750213623e+02
4.899032595157623291e+02
4.899515125751495361e+02
4.900189030170440674e+02
4.900686187744140625e+02
4.901274447441101074e+02
4.901764650344848633e+02
4.902389543056488037e+02
4.902896802425384521e+02
4.903531012535095215e+02
4.904006712436676025e+02
4.904641797542572021e+02
4.905129086971282959e+02
4.905796644687652588e+02
4.906255698204040527e+02
4.906864037513732910e+02
4.907360911369323730e+02
4.907998607158660889e+02
4.908495550155639648e+02
4.909120593070983887e+02
4.909635107517242432e+02
4.910232589244842529e+02
4.910719175338745117e+02
4.911336770057678223e+02
4.911829235553741455e+02
4.912462019920349121e+02
4.912974305152893066e+02
4.913594484329223633e+02
4.914095945358276367e+02
4.914708728790283203e+02
4.915215291976928711e+02
4.915835773944854736e+02
4.916331782341003418e+02
4.916952168941497803e+02
4.917447338104248047e+02
4.918072562217712402e+02
4.918569829463958740e+02
4.919172556400299072e+02
4.919708056449890137e+02
4.920335490703582764e+02
4.920817496776580811e+02
4.921429617404937744e+02
4.921934378147125244e+02
4.922575581073760986e+02
4.923051567077636719e+02
4.923679208755493164e+02
4.924193794727325439e+02
4.924805033206939697e+02
4.925329890251159668e+02
4.925907542705535889e+02
4.926415011882781982e+02
4.927042725086212158e+02
4.927525033950805664e+02
4.928145730495452881e+02
4.928668065071105957e+02
4.929271416664123535e+02
4.929770939350128174e+02
4.930407614707946777e+02
4.930897831916809082e+02
4.931504456996917725e+02
4.932007324695587158e+02
4.932649955749511719e+02
4.933145916461944580e+02
4.933754115104675293e+02
4.934247214794158936e+02
4.934870047569274902e+02
4.935371527671813965e+02
4.935839126110076904e+02
4.936471288204193115e+02
4.936962711811065674e+02
4.937595963478088379e+02
4.938117318153381348e+02
4.938703649044036865e+02
4.939229342937469482e+02
4.939841005802154541e+02
4.940346696376800537e+02
4.940960955619812012e+02
4.941455171108245850e+02
4.942071628570556641e+02
4.942585093975067139e+02
4.943188986778259277e+02
4.943691291809082031e+02
4.944317085742950439e+02
4.944840548038482666e+02
4.945449509620666504e+02
4.945950131416320801e+02
4.946565117835998535e+02
4.947053353786468506e+02
4.947673459053039551e+02
4.948219399452209473e+02
4.948861651420593262e+02
4.949326250553131104e+02
4.949908974170684814e+02
4.950405485630035400e+02
4.951031804084777832e+02
4.951525096893310547e+02
4.952148389816284180e+02
4.952652888298034668e+02
4.953257331848144531e+02
4.953780109882354736e+02
4.954403798580169678e+02
4.954898829460144043e+02
4.955530803203582764e+02
4.956013505458831787e+02
4.956619994640350342e+02
4.957147228717803955e+02
4.957754981517791748e+02
4.958240334987640381e+02
4.958868515491485596e+02
4.959351563453674316e+02
4.960004234313964844e+02
4.960480239391326904e+02
4.961141870021820068e+02
4.961620790958404541e+02
4.962241523265838623e+02
4.962733740806579590e+02
4.963368749618530273e+02
4.963852171897888184e+02
4.964509232044219971e+02
4.964976973533630371e+02
4.965595448017120361e+02
4.966116371154785156e+02
4.966715533733367920e+02
4.967209744453430176e+02
4.967828142642974854e+02
4.968315119743347168e+02
4.968955445289611816e+02
4.969461252689361572e+02
4.970081858634948730e+02
4.970579152107238770e+02
4.971190025806427002e+02
4.971674640178680420e+02
4.972328832149505615e+02
4.972821562290191650e+02
4.973431320190429688e+02
4.973957550525665283e+02
4.974560081958770752e+02
4.975037167072296143e+02
4.975711839199066162e+02
4.976199901103973389e+02
4.976666131019592285e+02
4.977267625331878662e+02
4.977780478000640869e+02
4.978389916419982910e+02
4.978874692916870117e+02
4.979510996341705322e+02
4.980016994476318359e+02
4.980638635158538818e+02
4.981157770156860352e+02
4.981760947704315186e+02
4.982259294986724854e+02
4.982877430915832520e+02
4.983355634212493896e+02
4.983979363441467285e+02
4.984488513469696045e+02
4.985136120319366455e+02
4.985646898746490479e+02
4.986236708164215088e+02
4.986738932132720947e+02
4.987352683544158936e+02
4.987839474678039551e+02
4.988476247787475586e+02
4.988995165824890137e+02
4.989576749801635742e+02
4.990107030868530273e+02
4.990709331035614014e+02
4.991238582134246826e+02
4.991829693317413330e+02
4.992327206134796143e+02
4.992952854633331299e+02
4.993441658020019531e+02
4.994067168235778809e+02
4.994564490318298340e+02
4.995188899040222168e+02
4.995719118118286133e+02
4.996317446231842041e+02
4.996867101192474365e+02
4.997449383735656738e+02
4.997928862571716309e+02
4.998558106422424316e+02
4.999039492607116699e+02
4.999665949344635010e+02
5.000172367095947266e+02
5.000836904048919678e+02
5.001313602924346924e+02
5.001913127899169922e+02
5.002416586875915527e+02
5.003028755187988281e+02
5.003516573905944824e+02
5.004174664020538330e+02
5.004643952846527100e+02
5.005265030860900879e+02
5.005789532661437988e+02
5.006431436538696289e+02
5.006937556266784668e+02
5.007538344860076904e+02
5.008033463954925537e+02
5.008696959018707275e+02
5.009222741127014160e+02
5.009838786125183105e+02
5.010331597328186035e+02
5.010936386585235596e+02
5.011389305591583252e+02
5.011991534233093262e+02
5.012489514350891113e+02
5.014240174293518066e+02
5.014738783836364746e+02
5.015363395214080811e+02
5.015835633277893066e+02
5.016480376720428467e+02
5.016972379684448242e+02
5.017589569091796875e+02
5.018093528747558594e+02
5.018572442531585693e+02
5.019210822582244873e+02
5.019690268039703369e+02
5.020313117504119873e+02
5.020804035663604736e+02
5.021433966159820557e+02
5.021932485103607178e+02
5.022552537918090820e+02
5.023037366867065430e+02
5.023654284477233887e+02
5.024173400402069092e+02
5.024792075157165527e+02
5.025265882015228271e+02
5.025894145965576172e+02
5.026425697803497314e+02
5.027036428451538086e+02
5.027513134479522705e+02
5.028157203197479248e+02
5.028653993606567383e+02
5.029265658855438232e+02
5.029759626388549805e+02
5.030428283214569092e+02
5.030910773277282715e+02
5.031515288352966309e+02
5.032010889053344727e+02
5.032641298770904541e+02
5.033125481605529785e+02
5.033763525485992432e+02
5.034245357513427734e+02
5.034866931438446045e+02
5.035388982295989990e+02
5.035993995666503906e+02
5.036475105285644531e+02
5.037109694480895996e+02
5.037613470554351807e+02
5.038232948780059814e+02
5.038717343807220459e+02
5.039358031749725342e+02
5.039838261604309082e+02
5.040460047721862793e+02
5.040968549251556396e+02
5.041610462665557861e+02
5.042101931571960449e+02
5.042719774246215820e+02
5.043246340751647949e+02
5.043835606575012207e+02
5.044338285923004150e+02
5.044962000846862793e+02
5.045462267398834229e+02
5.046071383953094482e+02
5.046576318740844727e+02
5.047197802066802979e+02
5.047689659595489502e+02
5.048315441608428955e+02
5.048850605487823486e+02
5.049428503513336182e+02
5.049929773807525635e+02
5.050546984672546387e+02
5.051073482036590576e+02
5.051666538715362549e+02
5.052171359062194824e+02
5.052788333892822266e+02
5.053269801139831543e+02
5.053911800384521484e+02
5.054417438507080078e+02
5.055037894248962402e+02
5.055543715953826904e+02
5.056151471138000488e+02
5.056688175201416016e+02
5.057276730537414551e+02
5.057762014865875244e+02
5.058389561176300049e+02
5.058878092765808105e+02
5.059367990493774414e+02
5.060012342929840088e+02
5.060505499839782715e+02
5.061120302677154541e+02
5.061612136363983154e+02
5.062228012084960938e+02
5.062722682952880859e+02
5.063357830047607422e+02
5.063863527774810791e+02
5.064471793174743652e+02
5.064970965385437012e+02
5.065579771995544434e+02
5.066093227863311768e+02
5.066712458133697510e+02
5.067200963497161865e+02
5.067829716205596924e+02
5.068311276435852051e+02
5.068946142196655273e+02
5.069446535110473633e+02
5.070079052448272705e+02
5.070569026470184326e+02
5.071202626228332520e+02
5.071701960563659668e+02
5.072332096099853516e+02
5.072807431221008301e+02
5.073432910442352295e+02
5.073942327499389648e+02
5.074551060199737549e+02
5.075054509639739990e+02
5.075675008296966553e+02
5.076171789169311523e+02
5.076775279045104980e+02
5.077278749942779541e+02
5.077907433509826660e+02
5.078414874076843262e+02
5.079034016132354736e+02
5.079523499011993408e+02
5.080153625011444092e+02
5.080675106048583984e+02
5.081279304027557373e+02
5.081768786907196045e+02
5.082393863201141357e+02
5.082903757095336914e+02
5.083538062572479248e+02
5.084042847156524658e+02
5.084628994464874268e+02
5.085128180980682373e+02
5.085749356746673584e+02
5.086245148181915283e+02
5.086879277229309082e+02
5.087386977672576904e+02
5.088023662567138672e+02
5.088501994609832764e+02
5.089122643470764160e+02
5.089616091251373291e+02
5.090242402553558350e+02
5.090720853805541992e+02
5.091357545852661133e+02
5.091828975677490234e+02
5.092459301948547363e+02
5.092975220680236816e+02
5.093602004051208496e+02
5.094094517230987549e+02
5.094723234176635742e+02
5.095213184356689453e+02
5.095820791721343994e+02
5.096322150230407715e+02
5.096948771476745605e+02
5.097454335689544678e+02
5.098071799278259277e+02
5.098605570793151855e+02
5.099179868698120117e+02
5.099667148590087891e+02
5.100191576480865479e+02
5.100860340595245361e+02
5.101344156265258789e+02
5.101908271312713623e+02
5.102403726577758789e+02
5.103027975559234619e+02
5.103525898456573486e+02
5.104146647453308105e+02
5.104649965763092041e+02
5.105275068283081055e+02
5.105759055614471436e+02
5.106400046348571777e+02
5.106907510757446289e+02
5.107521195411682129e+02
5.108004770278930664e+02
5.108638346195220947e+02
5.109131598472595215e+02
5.109749498367309570e+02
5.110238168239593506e+02
5.110869240760803223e+02
5.111389725208282471e+02
5.112018401622772217e+02
5.112479038238525391e+02
5.113113892078399658e+02
5.113612165451049805e+02
5.114244430065155029e+02
5.114744577407836914e+02
5.115355904102325439e+02
5.115852494239807129e+02
5.116475038528442383e+02
5.116970806121826172e+02
5.117572622299194336e+02
5.118075661659240723e+02
5.118721678256988525e+02
5.119210693836212158e+02
5.119837510585784912e+02
5.120334620475769043e+02
5.120940890312194824e+02
5.121445791721343994e+02
5.122078316211700439e+02
5.122546844482421875e+02
5.123191165924072266e+02
5.123688793182373047e+02
5.124319241046905518e+02
5.124816861152648926e+02
5.125426702499389648e+02
5.125953249931335449e+02
5.126559879779815674e+02
5.127054040431976318e+02
5.127667191028594971e+02
5.128176369667053223e+02
5.128799099922180176e+02
5.129280645847320557e+02
5.129901912212371826e+02
5.130410091876983643e+02
5.131059589385986328e+02
5.131515324115753174e+02
5.132151987552642822e+02
5.132660791873931885e+02
5.133268907070159912e+02
5.133760340213775635e+02
5.134402110576629639e+02
5.134889354705810547e+02
5.135514919757843018e+02
5.135990612506866455e+02
5.136646542549133301e+02
5.137133965492248535e+02
5.137743682861328125e+02
5.138294332027435303e+02
5.138870427608489990e+02
5.139360361099243164e+02
5.140005207061767578e+02
5.140510792732238770e+02
5.140999894142150879e+02
5.141589860916137695e+02
5.142114558219909668e+02
5.142734096050262451e+02
5.143266198635101318e+02
5.143842890262603760e+02
5.144354362487792969e+02
5.144947168827056885e+02
5.145435285568237305e+02
5.146124734878540039e+02
5.146628487110137939e+02
5.147207851409912109e+02
5.147707064151763916e+02
5.148313579559326172e+02
5.148818037509918213e+02
5.149427838325500488e+02
5.149989397525787354e+02
5.150604531764984131e+02
5.151111652851104736e+02
5.151663873195648193e+02
5.152157807350158691e+02
5.152795119285583496e+02
5.153331880569458008e+02
5.153910603523254395e+02
5.154418525695800781e+02
5.155054147243499756e+02
5.155562386512756348e+02
5.156188783645629883e+02
5.156670012474060059e+02
5.157278363704681396e+02
5.157767286300659180e+02
5.158405723571777344e+02
5.158898825645446777e+02
5.159504227638244629e+02
5.160003561973571777e+02
5.160646710395812988e+02
5.161145131587982178e+02
5.161773052215576172e+02
5.162302966117858887e+02
5.162878978252410889e+02
5.163405587673187256e+02
5.163998782634735107e+02
5.164470434188842773e+02
5.165114264488220215e+02
5.165603692531585693e+02
5.166229372024536133e+02
5.166742622852325439e+02
5.167362241744995117e+02
5.167850532531738281e+02
5.168489205837249756e+02
5.169035251140594482e+02
5.169628269672393799e+02
5.170140085220336914e+02
5.170705361366271973e+02
5.171193888187408447e+02
5.171831426620483398e+02
5.172329187393188477e+02
5.172959079742431641e+02
5.173451387882232666e+02
5.174078612327575684e+02
5.174573614597320557e+02
5.175177376270294189e+02
5.175697104930877686e+02
5.176312377452850342e+02
5.176823995113372803e+02
5.177489721775054932e+02
5.177988810539245605e+02
5.178566935062408447e+02
5.179053721427917480e+02
5.179679663181304932e+02
5.180174465179443359e+02
5.180831954479217529e+02
5.181344654560089111e+02
5.181938509941101074e+02
5.182416343688964844e+02
5.182893235683441162e+02
5.183509020805358887e+02
5.183990685939788818e+02
5.184675931930541992e+02
5.185173456668853760e+02
5.185802905559539795e+02
5.186250066757202148e+02
5.186875936985015869e+02
5.187375955581665039e+02
5.187972702980041504e+02
5.188477084636688232e+02
5.189125885963439941e+02
5.189660706520080566e+02
5.190266997814178467e+02
5.190778496265411377e+02
5.191357469558715820e+02
5.191852507591247559e+02
5.192467341423034668e+02
5.192969245910644531e+02
5.193575890064239502e+02
5.194074587821960449e+02
5.194714705944061279e+02
5.195221924781799316e+02
5.195850355625152588e+02
5.196366019248962402e+02
5.196948621273040771e+02
5.197457010746002197e+02
5.198077964782714844e+02
5.198570868968963623e+02
5.199208307266235352e+02
5.199703638553619385e+02
5.200333290100097656e+02
5.200799763202667236e+02
5.201449401378631592e+02
5.201931200027465820e+02
5.202558774948120117e+02
5.203047688007354736e+02
5.203679096698760986e+02
5.204187810420989990e+02
5.204789929389953613e+02
5.205297937393188477e+02
5.205943100452423096e+02
5.206466524600982666e+02
5.207047219276428223e+02
5.207534458637237549e+02
5.208145639896392822e+02
5.208660762310028076e+02
5.209286899566650391e+02
5.209791717529296875e+02
5.210394763946533203e+02
5.210890560150146484e+02
5.211503291130065918e+02
5.211998238563537598e+02
5.212640805244445801e+02
5.213140909671783447e+02
5.213768632411956787e+02
5.214262342453002930e+02
5.214877915382385254e+02
5.215392863750457764e+02
5.215990784168243408e+02
5.216471123695373535e+02
5.217107968330383301e+02
5.217637147903442383e+02
5.218247938156127930e+02
5.218726396560668945e+02
5.219355874061584473e+02
5.219851007461547852e+02
5.220454933643341064e+02
5.220961048603057861e+02
5.221589789390563965e+02
5.222093911170959473e+02
5.222703671455383301e+02
5.223210995197296143e+02
5.223688385486602783e+02
5.224327590465545654e+02
5.224790356159210205e+02
5.225425434112548828e+02
5.225932829380035400e+02
5.226560006141662598e+02
5.227069792747497559e+02
5.227671141624450684e+02
5.228195025920867920e+02
5.228793685436248779e+02
5.229277346134185791e+02
5.229928817749023438e+02
5.230405311584472656e+02
5.231030125617980957e+02
5.231509470939636230e+02
5.232169868946075439e+02
5.232667660713195801e+02
5.233275339603424072e+02
5.233757197856903076e+02
5.234390130043029785e+02
5.234891660213470459e+02
5.235513055324554443e+02
5.235994036197662354e+02
5.236636812686920166e+02
5.237134206295013428e+02
5.237760488986968994e+02
5.238255062103271484e+02
5.238876276016235352e+02
5.239398138523101807e+02
5.239993882179260254e+02
5.240491130352020264e+02
5.241114802360534668e+02
5.241627252101898193e+02
5.242237873077392578e+02
5.242781057357788086e+02
5.243364970684051514e+02
5.243849818706512451e+02
5.244463307857513428e+02
5.244966506958007812e+02
5.245573868751525879e+02
5.246072394847869873e+02
5.246718490123748779e+02
5.247202010154724121e+02
5.247855300903320312e+02
5.248327653408050537e+02
5.248936779499053955e+02
5.249450058937072754e+02
5.250081410408020020e+02
5.250553193092346191e+02
5.251200125217437744e+02
5.251689560413360596e+02
5.252311925888061523e+02
5.252789165973663330e+02
5.253450002670288086e+02
5.253941557407379150e+02
5.254562535285949707e+02
5.255057711601257324e+02
5.255686602592468262e+02
5.256161315441131592e+02
5.256800668239593506e+02
5.257271907329559326e+02
5.257910325527191162e+02
5.258396060466766357e+02
5.259042057991027832e+02
5.259534580707550049e+02
5.260148811340332031e+02
5.260662894248962402e+02
5.261274733543395996e+02
5.261758487224578857e+02
5.262379338741302490e+02
5.262930488586425781e+02
5.263511426448822021e+02
5.263997304439544678e+02
5.264473543167114258e+02
5.265106842517852783e+02
5.265578286647796631e+02
5.266236124038696289e+02
5.266724791526794434e+02
5.267338442802429199e+02
5.267828259468078613e+02
5.268477733135223389e+02
5.269027154445648193e+02
5.269645848274230957e+02
5.270094051361083984e+02
5.270700621604919434e+02
5.271200225353240967e+02
5.271847012042999268e+02
5.272322390079498291e+02
5.272935218811035156e+02
5.273435790538787842e+02
5.274067499637603760e+02
5.274590311050415039e+02
5.275213842391967773e+02
5.275680830478668213e+02
5.276297955513000488e+02
5.276773805618286133e+02
5.277427034378051758e+02
5.277914404869079590e+02
5.278549265861511230e+02
5.279046952724456787e+02
5.279659304618835449e+02
5.280165209770202637e+02
5.280788111686706543e+02
5.281278278827667236e+02
5.281913070678710938e+02
5.282391338348388672e+02
5.283037714958190918e+02
5.283508734703063965e+02
5.284155611991882324e+02
5.284659082889556885e+02
5.285267415046691895e+02
5.285771758556365967e+02
5.286392710208892822e+02
5.286868927478790283e+02
5.287502939701080322e+02
5.287987153530120850e+02
5.288630180358886719e+02
5.289121367931365967e+02
5.289757435321807861e+02
5.290230953693389893e+02
5.290898318290710449e+02
5.291375033855438232e+02
5.291987116336822510e+02
5.292492833137512207e+02
5.293117234706878662e+02
5.293606605529785156e+02
5.294246001243591309e+02
5.294721062183380127e+02
5.295349497795104980e+02
5.295831367969512939e+02
5.296458363533020020e+02
5.296965553760528564e+02
5.297610533237457275e+02
5.298097615242004395e+02
5.298723132610321045e+02
5.299202613830566406e+02
5.299836027622222900e+02
5.300327808856964111e+02
5.300952894687652588e+02
5.301445608139038086e+02
5.302072989940643311e+02
5.302562944889068604e+02
5.303179426193237305e+02
5.303756093978881836e+02
5.304368607997894287e+02
5.304815678596496582e+02
5.305297191143035889e+02
5.305954375267028809e+02
5.306496520042419434e+02
5.307036910057067871e+02
5.307532949447631836e+02
5.308148486614227295e+02
5.308700807094573975e+02
5.309270880222320557e+02
5.309756574630737305e+02
5.310405118465423584e+02
5.310909383296966553e+02
5.311507675647735596e+02
5.311988060474395752e+02
5.312623674869537354e+02
5.313139467239379883e+02
5.313753356933593750e+02
5.314227869510650635e+02
5.314905660152435303e+02
5.315377273559570312e+02
5.316005423069000244e+02
5.316527757644653320e+02
5.317119004726409912e+02
5.317606496810913086e+02
5.318219211101531982e+02
5.318740303516387939e+02
5.319346854686737061e+02
5.319858386516571045e+02
5.320466730594635010e+02
5.320968902111053467e+02
5.321590015888214111e+02
5.322076058387756348e+02
5.322709980010986328e+02
5.323211693763732910e+02
5.323833556175231934e+02
5.324311244487762451e+02
5.324940130710601807e+02
5.325432796478271484e+02
5.326079857349395752e+02
5.326569249629974365e+02
5.327187111377716064e+02
5.327707812786102295e+02
5.328309729099273682e+02
5.328771510124206543e+02
5.329429554939270020e+02
5.329923648834228516e+02
5.330542697906494141e+02
5.331037170886993408e+02
5.331679317951202393e+02
5.332180049419403076e+02
5.332787301540374756e+02
5.333266994953155518e+02
5.333899645805358887e+02
5.334407529830932617e+02
5.335037579536437988e+02
5.335522093772888184e+02
5.336148414611816406e+02
5.336646149158477783e+02
5.337262003421783447e+02
5.337750134468078613e+02
5.338393590450286865e+02
5.338890745639801025e+02
5.339509236812591553e+02
5.339992840290069580e+02
5.340637726783752441e+02
5.341137952804565430e+02
5.341741044521331787e+02
5.342257916927337646e+02
5.342864131927490234e+02
5.343358530998229980e+02
5.344003088474273682e+02
5.344490735530853271e+02
5.345107543468475342e+02
5.345595192909240723e+02
5.346089699268341064e+02
5.346694419384002686e+02
5.347199997901916504e+02
5.347823388576507568e+02
5.348309173583984375e+02
5.348946962356567383e+02
5.349444332122802734e+02
5.350071227550506592e+02
5.350577373504638672e+02
5.351171889305114746e+02
5.351672964096069336e+02
5.352307412624359131e+02
5.352788901329040527e+02
5.353441531658172607e+02
5.353990602493286133e+02
5.354564342498779297e+02
5.355049281120300293e+02
5.355665588378906250e+02
5.356179983615875244e+02
5.356796371936798096e+02
5.357280037403106689e+02
5.357899079322814941e+02
5.358428678512573242e+02
5.359033448696136475e+02
5.359508898258209229e+02
5.360164656639099121e+02
5.360694007873535156e+02
5.361270134449005127e+02
5.361765813827514648e+02
5.362401747703552246e+02
5.362875154018402100e+02
5.363510608673095703e+02
5.364001903533935547e+02
5.364626603126525879e+02
5.365126454830169678e+02
5.365750877857208252e+02
5.366233766078948975e+02
5.366871924400329590e+02
5.367398514747619629e+02
5.367975332736968994e+02
5.368479557037353516e+02
5.369118344783782959e+02
5.369605979919433594e+02
5.370212788581848145e+02
5.370725808143615723e+02
5.371356415748596191e+02
5.371845157146453857e+02
5.372475001811981201e+02
5.372955939769744873e+02
5.373580367565155029e+02
5.374087877273559570e+02
5.374717030525207520e+02
5.375229537487030029e+02
5.375823724269866943e+02
5.376316068172454834e+02
5.376959526538848877e+02
5.377443962097167969e+02
5.378076987266540527e+02
5.378564925193786621e+02
5.379190719127655029e+02
5.379694714546203613e+02
5.380305442810058594e+02
5.380790531635284424e+02
5.381423101425170898e+02
5.381927971839904785e+02
5.382555613517761230e+02
5.383064115047454834e+02
5.383667194843292236e+02
5.384159026145935059e+02
5.384788668155670166e+02
5.385266540050506592e+02
5.385899350643157959e+02
5.386410493850708008e+02
5.387038490772247314e+02
5.387545075416564941e+02
5.390896151065826416e+02
5.391376585960388184e+02
5.391973445415496826e+02
5.392469904422760010e+02
5.393105473518371582e+02
5.393572645187377930e+02
5.394238429069519043e+02
5.394727621078491211e+02
5.395868265628814697e+02
5.397624108791351318e+02
5.398120520114898682e+02
5.398699016571044922e+02
5.399210588932037354e+02
5.399836847782135010e+02
5.400324506759643555e+02
5.400962936878204346e+02
5.401436018943786621e+02
5.402070362567901611e+02
5.402551746368408203e+02
5.403178589344024658e+02
5.403693044185638428e+02
5.404307112693786621e+02
5.404788954257965088e+02
5.405437841415405273e+02
5.405910789966583252e+02
5.406544032096862793e+02
5.407043426036834717e+02
5.407659320831298828e+02
5.408162956237792969e+02
5.408795347213745117e+02
5.409270937442779541e+02
5.409920413494110107e+02
5.410423378944396973e+02
5.411030876636505127e+02
5.411533713340759277e+02
5.412154047489166260e+02
5.412719805240631104e+02
5.413260357379913330e+02
5.413758037090301514e+02
5.414409186840057373e+02
5.414893250465393066e+02
5.415513012409210205e+02
5.416028094291687012e+02
5.416655063629150391e+02
5.417132685184478760e+02
5.417756290435791016e+02
5.418234884738922119e+02
5.418865733146667480e+02
5.419375317096710205e+02
5.419991540908813477e+02
5.420477149486541748e+02
5.421130568981170654e+02
5.421627368927001953e+02
5.422252223491668701e+02
5.422739121913909912e+02
5.423360450267791748e+02
5.423857645988464355e+02
5.424465730190277100e+02
5.424966289997100830e+02
5.425602002143859863e+02
5.426074304580688477e+02
5.426710264682769775e+02
5.427209336757659912e+02
5.427866928577423096e+02
5.428349106311798096e+02
5.428845460414886475e+02
5.429441795349121094e+02
5.429925022125244141e+02
5.430556564331054688e+02
5.431057577133178711e+02
5.431655597686767578e+02
5.432156691551208496e+02
5.432777495384216309e+02
5.433264276981353760e+02
5.433921587467193604e+02
5.434417295455932617e+02
5.435017545223236084e+02
5.435511174201965332e+02
5.436151132583618164e+02
5.436635019779205322e+02
5.437261652946472168e+02
5.437777380943298340e+02
5.438415615558624268e+02
5.438879611492156982e+02
5.439520246982574463e+02
5.439989373683929443e+02
5.440641510486602783e+02
5.441135442256927490e+02
5.441760170459747314e+02
5.442238006591796875e+02
5.442867386341094971e+02
5.443368675708770752e+02
5.443993992805480957e+02
5.444471156597137451e+02
5.445108463764190674e+02
5.445611639022827148e+02
5.446243677139282227e+02
5.446717269420623779e+02
5.447369372844696045e+02
5.447892065048217773e+02
5.448533906936645508e+02
5.449046618938446045e+02
5.449593882560729980e+02
5.450091087818145752e+02
5.450713438987731934e+02
5.451212842464447021e+02
5.451830737590789795e+02
5.452326612472534180e+02
5.452941200733184814e+02
5.453444373607635498e+02
5.454106028079986572e+02
5.454564924240112305e+02
5.455172259807586670e+02
5.455676863193511963e+02
5.456310253143310547e+02
5.456790444850921631e+02
5.457459073066711426e+02
5.457938783168792725e+02
5.458548679351806641e+02
5.459048531055450439e+02
5.459659771919250488e+02
5.460154752731323242e+02
5.460791900157928467e+02
5.461263384819030762e+02
5.461899328231811523e+02
5.462398784160614014e+02
5.463045401573181152e+02
5.463514275550842285e+02
5.464143567085266113e+02
5.464664738178253174e+02
5.465260400772094727e+02
5.465768935680389404e+02
5.466871094703674316e+02
5.467516939640045166e+02
5.467993810176849365e+02
5.468648853302001953e+02
5.469126045703887939e+02
5.469606926441192627e+02
5.470233559608459473e+02
5.470716371536254883e+02
5.471350584030151367e+02
5.471895914077758789e+02
5.472471694946289062e+02
5.472959110736846924e+02
5.473591945171356201e+02
5.474069700241088867e+02
5.474700074195861816e+02
5.475199604034423828e+02
5.475841071605682373e+02
5.476326432228088379e+02
5.476947035789489746e+02
5.477448804378509521e+02
5.478070778846740723e+02
5.478618834018707275e+02
5.479222669601440430e+02
5.479694063663482666e+02
5.480316596031188965e+02
5.480802199840545654e+02
5.481433861255645752e+02
5.481947433948516846e+02
5.482559936046600342e+02
5.483055264949798584e+02
5.483671224117279053e+02
5.484173922538757324e+02
5.484789583683013916e+02
5.485274314880371094e+02
5.485915102958679199e+02
5.486421260833740234e+02
5.487061815261840820e+02
5.487543365955352783e+02
5.488148214817047119e+02
5.488636438846588135e+02
5.489291768074035645e+02
5.489774363040924072e+02
5.490405242443084717e+02
5.490890748500823975e+02
5.491516451835632324e+02
5.492004868984222412e+02
5.492637336254119873e+02
5.493127734661102295e+02
5.493742954730987549e+02
5.494229464530944824e+02
5.494865813255310059e+02
5.495352878570556641e+02
5.495990176200866699e+02
5.496479897499084473e+02
5.497109966278076172e+02
5.497588140964508057e+02
5.498235497474670410e+02
5.498776462078094482e+02
5.499348196983337402e+02
5.499843044281005859e+02
5.500461373329162598e+02
5.500976450443267822e+02
5.501596534252166748e+02
5.502092854976654053e+02
5.502727563381195068e+02
5.503198893070220947e+02
5.503846988677978516e+02
5.504370574951171875e+02
5.504941148757934570e+02
5.505443880558013916e+02
5.506073164939880371e+02
5.506591978073120117e+02
5.507215561866760254e+02
5.507693536281585693e+02
5.508319702148437500e+02
5.508803930282592773e+02
5.509436964988708496e+02
5.509919497966766357e+02
5.510418903827667236e+02
5.511023297309875488e+02
5.511522367000579834e+02
5.512146577835083008e+02
5.512652192115783691e+02
5.513269801139831543e+02
5.513775000572204590e+02
5.514380800724029541e+02
5.514866595268249512e+02
5.515505778789520264e+02
5.515988998413085938e+02
5.516635251045227051e+02
5.517142946720123291e+02
5.517744753360748291e+02
5.518239483833312988e+02
5.518864421844482422e+02
5.519357483386993408e+02
5.519986977577209473e+02
5.520470433235168457e+02
5.521106626987457275e+02
5.521615099906921387e+02
5.522242214679718018e+02
5.522735438346862793e+02
5.523346741199493408e+02
5.523852705955505371e+02
5.524460415840148926e+02
5.524962868690490723e+02
5.525629270076751709e+02
5.526111149787902832e+02
5.526787910461425781e+02
5.527291259765625000e+02
5.527898645401000977e+02
5.528444056510925293e+02
5.529055354595184326e+02
5.529589974880218506e+02
5.530193130970001221e+02
5.530705299377441406e+02
5.531328897476196289e+02
5.531874840259552002e+02
5.532528908252716064e+02
5.533062276840209961e+02
5.533598797321319580e+02
5.534027578830718994e+02
5.534677109718322754e+02
5.535175867080688477e+02
5.535808794498443604e+02
5.536316831111907959e+02
5.537009468078613281e+02
5.537499532699584961e+02
5.538050539493560791e+02
5.538583419322967529e+02
5.539169273376464844e+02
5.539660189151763916e+02
5.540290443897247314e+02
5.541367285251617432e+02
5.541900634765625000e+02
5.542486340999603271e+02
5.543029990196228027e+02
5.543678061962127686e+02
5.544177660942077637e+02
5.544802062511444092e+02
5.545310621261596680e+02
5.545912151336669922e+02
5.546390333175659180e+02
5.547008986473083496e+02
5.547521653175354004e+02
5.548123586177825928e+02
5.548652975559234619e+02
5.549274559020996094e+02
5.549863951206207275e+02
5.550462191104888916e+02
5.550937972068786621e+02
5.551566724777221680e+02
5.552056303024291992e+02
5.552473142147064209e+02
5.553086400032043457e+02
5.553561117649078369e+02
5.554205164909362793e+02
5.554672787189483643e+02
5.555272386074066162e+02
5.555870029926300049e+02
5.556402182579040527e+02
5.556948974132537842e+02
5.557560796737670898e+02
5.558066256046295166e+02
5.558656306266784668e+02
5.559138150215148926e+02
5.559758276939392090e+02
5.560276002883911133e+02
5.560903503894805908e+02
5.561388301849365234e+02
5.561991069316864014e+02
5.562570807933807373e+02
5.563175299167633057e+02
5.563666653633117676e+02
5.564271392822265625e+02
5.564766688346862793e+02
5.565373797416687012e+02
5.565891187191009521e+02
5.566459052562713623e+02
5.566989784240722656e+02
5.567604167461395264e+02
5.568106434345245361e+02
5.568746743202209473e+02
5.569233143329620361e+02
5.569870836734771729e+02
5.570378880500793457e+02
5.570990943908691406e+02
5.571523952484130859e+02
5.572118051052093506e+02
5.572631919384002686e+02
5.573222608566284180e+02
5.573728680610656738e+02
5.574273004531860352e+02
5.574763195514678955e+02
5.575403800010681152e+02
5.575880861282348633e+02
5.576472380161285400e+02
5.577008705139160156e+02
5.577632274627685547e+02
5.578162918090820312e+02
5.578777546882629395e+02
5.579239304065704346e+02
5.579863424301147461e+02
5.580402729511260986e+02
5.580975215435028076e+02
5.581490681171417236e+02
5.582075576782226562e+02
5.582610933780670166e+02
5.583219912052154541e+02
5.583711261749267578e+02
5.584339940547943115e+02
5.584848151206970215e+02
5.585474460124969482e+02
5.585952076911926270e+02
5.586551136970520020e+02
5.587044501304626465e+02
5.587707359790802002e+02
5.588172183036804199e+02
5.588813023567199707e+02
5.589315159320831299e+02
5.589919826984405518e+02
5.590440504550933838e+02
5.591062681674957275e+02
5.591534726619720459e+02
5.592141189575195312e+02
5.592673237323760986e+02
5.593148026466369629e+02
5.593753550052642822e+02
5.594274253845214844e+02
5.594887471199035645e+02
5.595396516323089600e+02
5.596037158966064453e+02
5.596533882617950439e+02
5.597132277488708496e+02
5.597648642063140869e+02
5.598231947422027588e+02
5.598799021244049072e+02
5.599349608421325684e+02
5.599860672950744629e+02
5.600492873191833496e+02
5.600971915721893311e+02
5.601598691940307617e+02
5.602103042602539062e+02
5.602715375423431396e+02
5.603217296600341797e+02
5.603880562782287598e+02
5.604418683052062988e+02
5.604980247020721436e+02
5.605446805953979492e+02
5.606077384948730469e+02
5.606601881980895996e+02
5.607204892635345459e+02
5.607716674804687500e+02
5.608325052261352539e+02
5.608820278644561768e+02
5.609439668655395508e+02
5.609947929382324219e+02
5.610589871406555176e+02
5.611059334278106689e+02
5.611669821739196777e+02
5.612165226936340332e+02
5.612887930870056152e+02
5.613328518867492676e+02
5.613931720256805420e+02
5.614430687427520752e+02
5.615033779144287109e+02
5.615517385005950928e+02
5.616138079166412354e+02
5.616633076667785645e+02
5.617267336845397949e+02
5.617760684490203857e+02
5.618393707275390625e+02
5.618893718719482422e+02
5.619514436721801758e+02
5.619993767738342285e+02
5.620650279521942139e+02
5.621124837398529053e+02
5.621746478080749512e+02
5.622232310771942139e+02
5.622888844013214111e+02
5.623401746749877930e+02
5.624007995128631592e+02
5.624498753547668457e+02
5.625136721134185791e+02
5.625625581741333008e+02
5.626230418682098389e+02
5.626749699115753174e+02
5.627371385097503662e+02
5.627857525348663330e+02
5.628503463268280029e+02
5.628993113040924072e+02
5.629604132175445557e+02
5.630090565681457520e+02
5.630712068080902100e+02
5.631211802959442139e+02
5.631827356815338135e+02
5.632310075759887695e+02
5.632948780059814453e+02
5.633428978919982910e+02
5.633931038379669189e+02
5.634568443298339844e+02
5.635068306922912598e+02
5.635679702758789062e+02
5.636171274185180664e+02
5.636776623725891113e+02
5.637257280349731445e+02
5.637927517890930176e+02
5.638411004543304443e+02
5.639030506610870361e+02
5.639552471637725830e+02
5.640169968605041504e+02
5.640689315795898438e+02
5.641259062290191650e+02
5.641765704154968262e+02
5.642373492717742920e+02
5.642913415431976318e+02
5.643554141521453857e+02
5.644088134765625000e+02
5.644651508331298828e+02
5.645164947509765625e+02
5.645795133113861084e+02
5.646299746036529541e+02
5.646911637783050537e+02
5.647445952892303467e+02
5.648003277778625488e+02
5.648524925708770752e+02
5.649132382869720459e+02
5.649657413959503174e+02
5.650275015830993652e+02
5.650770633220672607e+02
5.651381950378417969e+02
5.651930890083312988e+02
5.652503342628479004e+02
5.653052349090576172e+02
5.653679337501525879e+02
5.654195666313171387e+02
5.654801466464996338e+02
5.655259420871734619e+02
5.655822865962982178e+02
5.656418380737304688e+02
5.656988945007324219e+02
5.657523765563964844e+02
5.658089315891265869e+02
5.658593857288360596e+02
5.659217221736907959e+02
5.659744656085968018e+02
5.660354313850402832e+02
5.660873677730560303e+02
5.661467537879943848e+02
5.661956408023834229e+02
5.662563593387603760e+02
5.663072299957275391e+02
5.663711221218109131e+02
5.664238083362579346e+02
5.664816937446594238e+02
5.665375549793243408e+02
5.665943770408630371e+02
5.666455037593841553e+02
5.667037148475646973e+02
5.667538437843322754e+02
5.668178467750549316e+02
5.668729009628295898e+02
5.669358990192413330e+02
5.669872188568115234e+02
5.670493407249450684e+02
5.671042232513427734e+02
5.671591825485229492e+02
5.672076117992401123e+02
5.672754442691802979e+02
5.673238523006439209e+02
5.673769564628601074e+02
5.674309458732604980e+02
5.674902522563934326e+02
5.675648756027221680e+02
5.676042687892913818e+02
5.676687958240509033e+02
5.677175631523132324e+02
5.677800099849700928e+02
5.678268699645996094e+02
5.678873527050018311e+02
5.679367268085479736e+02
5.679893810749053955e+02
5.680409963130950928e+02
5.681031293869018555e+02
5.681604659557342529e+02
5.682200076580047607e+02
5.682706241607666016e+02
5.683314495086669922e+02
5.683812229633331299e+02
5.684423203468322754e+02
5.684925622940063477e+02
5.685537905693054199e+02
5.686060271263122559e+02
5.686615910530090332e+02
5.687111902236938477e+02
5.687750937938690186e+02
5.688259158134460449e+02
5.688874931335449219e+02
5.689398250579833984e+02
5.690043804645538330e+02
5.690817017555236816e+02
5.691233012676239014e+02
5.691659057140350342e+02
5.692307205200195312e+02
5.692867350578308105e+02
5.693447668552398682e+02
5.693912084102630615e+02
5.694498040676116943e+02
5.695041489601135254e+02
5.695780251026153564e+02
5.696220829486846924e+02
5.696793010234832764e+02
5.697252519130706787e+02
5.697913508415222168e+02
5.698359432220458984e+02
5.698990938663482666e+02
5.699455318450927734e+02
5.700133528709411621e+02
5.700621695518493652e+02
5.701235010623931885e+02
5.701803913116455078e+02
5.702272617816925049e+02
5.702854206562042236e+02
5.703503894805908203e+02
5.703978843688964844e+02
5.704595828056335449e+02
5.705119800567626953e+02
5.705661466121673584e+02
5.706221761703491211e+02
5.706856558322906494e+02
5.707326836585998535e+02
5.707979397773742676e+02
5.708476052284240723e+02
5.708991796970367432e+02
5.709498765468597412e+02
5.710105638504028320e+02
5.710603597164154053e+02
5.711238250732421875e+02
5.711747984886169434e+02
5.712347650527954102e+02
5.712901411056518555e+02
5.713472878932952881e+02
5.713969664573669434e+02
5.714673874378204346e+02
5.715115437507629395e+02
5.715773711204528809e+02
5.716289868354797363e+02
5.716756975650787354e+02
5.717403368949890137e+02
5.717894451618194580e+02
5.718430433273315430e+02
5.718928158283233643e+02
5.719565057754516602e+02
5.720079882144927979e+02
5.720652849674224854e+02
5.721250894069671631e+02
5.721882076263427734e+02
5.722345261573791504e+02
5.723017244338989258e+02
5.723474934101104736e+02
5.724094879627227783e+02
5.724620463848114014e+02
5.725172677040100098e+02
5.725643413066864014e+02
5.726277601718902588e+02
5.726839590072631836e+02
5.727491827011108398e+02
5.728150610923767090e+02
5.728560428619384766e+02
5.728975803852081299e+02
5.729575815200805664e+02
5.730121128559112549e+02
5.730708346366882324e+02
5.731196866035461426e+02
5.731841220855712891e+02
5.732361404895782471e+02
5.732978074550628662e+02
5.733522500991821289e+02
5.734096591472625732e+02
5.734578087329864502e+02
5.735189423561096191e+02
5.735738601684570312e+02
5.736352467536926270e+02
5.736866984367370605e+02
5.737454581260681152e+02
5.737946736812591553e+02
5.738547549247741699e+02
5.739067809581756592e+02
5.739672291278839111e+02
5.740173373222351074e+02
5.740824069976806641e+02
5.741329441070556641e+02
5.741924142837524414e+02
5.742407689094543457e+02
5.743047327995300293e+02
5.743551685810089111e+02
5.744159920215606689e+02
5.744673311710357666e+02
5.745279519557952881e+02
5.745841109752655029e+02
5.746475217342376709e+02
5.746959426403045654e+02
5.747530918121337891e+02
5.748053696155548096e+02
5.748660962581634521e+02
5.749173152446746826e+02
5.749746778011322021e+02
5.750242552757263184e+02
5.750899753570556641e+02
5.751417684555053711e+02
5.751988394260406494e+02
5.752478463649749756e+02
5.753138253688812256e+02
5.753623559474945068e+02
5.754244761466979980e+02
5.754773750305175781e+02
5.755412869453430176e+02
5.755866451263427734e+02
5.756512436866760254e+02
5.756978750228881836e+02
5.757496776580810547e+02
5.758132741451263428e+02
5.758631083965301514e+02
5.759242427349090576e+02
5.759713206291198730e+02
5.760391685962677002e+02
5.760911495685577393e+02
5.761505167484283447e+02
5.761995499134063721e+02
5.762615721225738525e+02
5.763108227252960205e+02
5.763707954883575439e+02
5.764233102798461914e+02
5.764834177494049072e+02
5.765359628200531006e+02
5.765991597175598145e+02
5.766464953422546387e+02
5.767099845409393311e+02
5.767588996887207031e+02
5.768231179714202881e+02
5.768847351074218750e+02
5.769375019073486328e+02
5.769790313243865967e+02
5.770376827716827393e+02
5.770923473834991455e+02
5.771545996665954590e+02
5.772094619274139404e+02
5.772737891674041748e+02
5.773193187713623047e+02
5.773747806549072266e+02
5.774243321418762207e+02
5.774894902706146240e+02
5.775428533554077148e+02
5.776029632091522217e+02
5.776534488201141357e+02
5.777121737003326416e+02
5.777652323246002197e+02
5.778242740631103516e+02
5.778775007724761963e+02
5.779398300647735596e+02
5.779894540309906006e+02
5.780469667911529541e+02
5.780974609851837158e+02
5.781620790958404541e+02
5.782135062217712402e+02
5.782727913856506348e+02
5.783232278823852539e+02
5.783876371383666992e+02
5.784369220733642578e+02
5.784970927238464355e+02
5.785451099872589111e+02
5.786106939315795898e+02
5.786620678901672363e+02
5.787189402580261230e+02
5.787679932117462158e+02
5.788316800594329834e+02
5.788823230266571045e+02
5.789475715160369873e+02
5.789988422393798828e+02
5.790594263076782227e+02
5.791060492992401123e+02
5.791667187213897705e+02
5.792176401615142822e+02
5.792792320251464844e+02
5.793299615383148193e+02
5.793917922973632812e+02
5.794421722888946533e+02
5.795046160221099854e+02
5.795519809722900391e+02
5.796177580356597900e+02
5.796671018600463867e+02
5.797301230430603027e+02
5.797831828594207764e+02
5.798307490348815918e+02
5.798929207324981689e+02
5.799376845359802246e+02
5.800000731945037842e+02
5.800561306476593018e+02
5.801149349212646484e+02
5.801668691635131836e+02
5.802240114212036133e+02
5.802727358341217041e+02
5.803372762203216553e+02
5.803880615234375000e+02
5.804521934986114502e+02
5.805040485858917236e+02
5.805641496181488037e+02
5.806112554073333740e+02
5.806746289730072021e+02
5.807244794368743896e+02
5.807874104976654053e+02
5.808375568389892578e+02
5.808966422080993652e+02
5.809474358558654785e+02
5.810109345912933350e+02
5.810638902187347412e+02
5.811241173744201660e+02
5.811748416423797607e+02
5.812310454845428467e+02
5.812819161415100098e+02
5.813445167541503906e+02
5.813936927318572998e+02
5.814574210643768311e+02
5.815077385902404785e+02
5.815730226039886475e+02
5.816190798282623291e+02
5.816793477535247803e+02
5.817338826656341553e+02
5.817949588298797607e+02
5.818439700603485107e+02
5.819026868343353271e+02
5.819534697532653809e+02
5.820157046318054199e+02
5.820663039684295654e+02
5.821307520866394043e+02
5.821772267818450928e+02
5.822659034729003906e+02
5.823109157085418701e+02
5.823697350025177002e+02
5.824079482555389404e+02
5.824643712043762207e+02
5.825137891769409180e+02
5.825788600444793701e+02
5.826299681663513184e+02
5.826971104145050049e+02
5.827434382438659668e+02
5.827992947101593018e+02
5.828550343513488770e+02
5.829162645339965820e+02
5.829689917564392090e+02
5.830232608318328857e+02
5.830733003616333008e+02
5.831377172470092773e+02
5.831921889781951904e+02
5.832511236667633057e+02
5.832975778579711914e+02
5.833573398590087891e+02
5.834072124958038330e+02
5.834735774993896484e+02
5.835241155624389648e+02
5.835877387523651123e+02
5.836393361091613770e+02
5.836987538337707520e+02
5.837454345226287842e+02
5.838079023361206055e+02
5.838555347919464111e+02
5.839075512886047363e+02
5.839699923992156982e+02
5.840237481594085693e+02
5.840872898101806641e+02
5.841378846168518066e+02
5.842028486728668213e+02
5.842442300319671631e+02
5.843052127361297607e+02
5.843553833961486816e+02
5.844137287139892578e+02
5.844653439521789551e+02
5.845292971134185791e+02
5.845814430713653564e+02
5.846394705772399902e+02
5.846928782463073730e+02
5.847526452541351318e+02
5.848093833923339844e+02
5.848651623725891113e+02
5.849220001697540283e+02
5.849840683937072754e+02
5.850315504074096680e+02
5.850906279087066650e+02
5.851402959823608398e+02
5.852013843059539795e+02
5.852506611347198486e+02
5.853111629486083984e+02
5.853622939586639404e+02
5.854256772994995117e+02
5.854737758636474609e+02
5.855400180816650391e+02
5.855914759635925293e+02
5.856524806022644043e+02
5.856990292072296143e+02
5.857591795921325684e+02
5.858118298053741455e+02
5.858712165355682373e+02
5.859216153621673584e+02
5.859872674942016602e+02
5.860349435806274414e+02
5.860960233211517334e+02
5.861495893001556396e+02
5.862070064544677734e+02
5.862566080093383789e+02
5.863205401897430420e+02
5.863698658943176270e+02
5.864318203926086426e+02
5.864828729629516602e+02
5.865468111038208008e+02
5.865975401401519775e+02
5.866568276882171631e+02
5.867074513435363770e+02
5.867674367427825928e+02
5.868180084228515625e+02
5.869310932159423828e+02
5.869976866245269775e+02
5.870520360469818115e+02
5.871095523834228516e+02
5.871544144153594971e+02
5.872175726890563965e+02
5.872694718837738037e+02
5.873272082805633545e+02
5.873786485195159912e+02
5.874374730587005615e+02
5.874901964664459229e+02
5.875544092655181885e+02
5.876048641204833984e+02
5.876662275791168213e+02
5.877188169956207275e+02
5.877761962413787842e+02
5.878258366584777832e+02
5.878879644870758057e+02
5.879430396556854248e+02
5.880030405521392822e+02
5.880546705722808838e+02
5.881013765335083008e+02
5.881615219116210938e+02
5.882123935222625732e+02
5.882725884914398193e+02
5.883205299377441406e+02
5.883865146636962891e+02
5.884366381168365479e+02
5.884989538192749023e+02
5.885530228614807129e+02
5.886090006828308105e+02
5.886577436923980713e+02
5.887209379673004150e+02
5.887739455699920654e+02
5.888310937881469727e+02
5.888848705291748047e+02
5.889443454742431641e+02
5.890004734992980957e+02
5.890572230815887451e+02
5.891068432331085205e+02
5.891662604808807373e+02
5.892196083068847656e+02
5.892795698642730713e+02
5.893301975727081299e+02
5.893919003009796143e+02
5.894441845417022705e+02
5.895047595500946045e+02
5.895533170700073242e+02
5.896199669837951660e+02
5.896651680469512939e+02
5.897296609878540039e+02
5.897821497917175293e+02
5.898419034481048584e+02
5.898913137912750244e+02
5.899521510601043701e+02
5.900004539489746094e+02
5.900670614242553711e+02
5.901135573387145996e+02
5.901778540611267090e+02
5.902262742519378662e+02
5.902867648601531982e+02
5.903380415439605713e+02
5.903990597724914551e+02
5.904489011764526367e+02
5.905143692493438721e+02
5.905634055137634277e+02
5.906261379718780518e+02
5.906832945346832275e+02
5.907401437759399414e+02
5.907888379096984863e+02
5.908499987125396729e+02
5.909038515090942383e+02
5.909614932537078857e+02
5.910121212005615234e+02
5.910845332145690918e+02
5.911301271915435791e+02
5.911836490631103516e+02
5.912341194152832031e+02
5.912952175140380859e+02
5.913474118709564209e+02
5.914090757369995117e+02
5.914603166580200195e+02
5.915186955928802490e+02
5.915705926418304443e+02
5.916314382553100586e+02
5.916860380172729492e+02
5.917458260059356689e+02
5.917992334365844727e+02
5.919050314426422119e+02
5.919666037559509277e+02
5.920168943405151367e+02
5.920835504531860352e+02
5.921333112716674805e+02
5.921796138286590576e+02
5.922405412197113037e+02
5.922936861515045166e+02
5.923506803512573242e+02
5.923994793891906738e+02
5.924654209613800049e+02
5.925146825313568115e+02
5.925789523124694824e+02
5.926289486885070801e+02
5.926874432563781738e+02
5.927376971244812012e+02
5.927993507385253906e+02
5.928553228378295898e+02
5.929125647544860840e+02
5.929668729305267334e+02
5.930235435962677002e+02
5.930743739604949951e+02
5.931350963115692139e+02
5.931912732124328613e+02
5.932472486495971680e+02
5.933077733516693115e+02
5.933642871379852295e+02
5.934170072078704834e+02
5.934727535247802734e+02
5.935221362113952637e+02
5.935831995010375977e+02
5.936329782009124756e+02
5.936993398666381836e+02
5.937493538856506348e+02
5.938094575405120850e+02
5.938602879047393799e+02
5.939190847873687744e+02
5.939701099395751953e+02
5.940317432880401611e+02
5.940819664001464844e+02
5.941436104774475098e+02
5.941966059207916260e+02
5.942621197700500488e+02
5.943087029457092285e+02
5.943691380023956299e+02
5.944239068031311035e+02
5.944821069240570068e+02
5.945287530422210693e+02
5.945928890705108643e+02
5.946439328193664551e+02
5.947055044174194336e+02
5.947548463344573975e+02
5.948187804222106934e+02
5.948671030998229980e+02
5.949324202537536621e+02
5.950431451797485352e+02
5.950928163528442383e+02
5.951550569534301758e+02
5.952042422294616699e+02
5.952697317600250244e+02
5.953196871280670166e+02
5.953757765293121338e+02
5.954252612590789795e+02
5.954871785640716553e+02
5.955388205051422119e+02
5.956013419628143311e+02
5.956548383235931396e+02
5.957108631134033203e+02
5.957604656219482422e+02
5.958248169422149658e+02
5.958755342960357666e+02
5.959346616268157959e+02
5.959863049983978271e+02
5.960491528511047363e+02
5.961032469272613525e+02
5.961614999771118164e+02
5.962149453163146973e+02
5.962628428936004639e+02
5.963231875896453857e+02
5.963752315044403076e+02
5.964318919181823730e+02
5.964825587272644043e+02
5.965444731712341309e+02
5.965975615978240967e+02
5.966569902896881104e+02
5.967070703506469727e+02
5.967672986984252930e+02
5.968162739276885986e+02
5.968801636695861816e+02
5.969307413101196289e+02
5.969920215606689453e+02
5.970432274341583252e+02
5.971051380634307861e+02
5.972658333778381348e+02
5.973288033008575439e+02
5.973789641857147217e+02
5.974452416896820068e+02
5.974895489215850830e+02
5.975561542510986328e+02
5.976047759056091309e+02
5.976637403964996338e+02
5.977136490345001221e+02
5.977745852470397949e+02
5.978243281841278076e+02
5.978893609046936035e+02
5.979411098957061768e+02
5.979999878406524658e+02
5.980489170551300049e+02
5.981137406826019287e+02
5.981617317199707031e+02
5.982278501987457275e+02
5.982775859832763672e+02
5.983391926288604736e+02
5.983868160247802734e+02
5.984603078365325928e+02
5.985005023479461670e+02
5.985587298870086670e+02
5.986090824604034424e+02
5.986787214279174805e+02
5.987262597084045410e+02
5.987860684394836426e+02
5.988355295658111572e+02
5.988963823318481445e+02
5.989435632228851318e+02
5.990071387290954590e+02
5.990567362308502197e+02
5.991253795623779297e+02
5.991750559806823730e+02
5.992334055900573730e+02
5.992830903530120850e+02
5.993463914394378662e+02
5.993941094875335693e+02
5.994584379196166992e+02
5.995064146518707275e+02
5.995696611404418945e+02
5.996171355247497559e+02
5.996840887069702148e+02
5.997356286048889160e+02
5.997973225116729736e+02
5.998439610004425049e+02
5.999038188457489014e+02
5.999623389244079590e+02
6.000161895751953125e+02
6.000698184967041016e+02
6.001288394927978516e+02
6.001771941184997559e+02
6.002397818565368652e+02
6.002896976470947266e+02
6.003394107818603516e+02
6.004021151065826416e+02
6.004552996158599854e+02
6.005146508216857910e+02
6.005662193298339844e+02
6.006262774467468262e+02
6.006779122352600098e+02
6.007368123531341553e+02
6.007880802154541016e+02
6.008490333557128906e+02
6.008986372947692871e+02
6.009607830047607422e+02
6.010107583999633789e+02
6.010723228454589844e+02
6.011250422000885010e+02
6.011861643791198730e+02
6.012381339073181152e+02
6.012968418598175049e+02
6.013522727489471436e+02
6.014108366966247559e+02
6.014625961780548096e+02
6.015194461345672607e+02
6.015763368606567383e+02
6.016431140899658203e+02
6.016895277500152588e+02
6.017437646389007568e+02
6.017939107418060303e+02
6.018560991287231445e+02
6.019052052497863770e+02
6.019693937301635742e+02
6.020209324359893799e+02
6.020794138908386230e+02
6.021331136226654053e+02
6.021921076774597168e+02
6.022432448863983154e+02
6.023040637969970703e+02
6.023569805622100830e+02
6.024190673828125000e+02
6.024674286842346191e+02
6.025278651714324951e+02
6.025822539329528809e+02
6.026418762207031250e+02
6.026966309547424316e+02
6.027522935867309570e+02
6.028018753528594971e+02
6.028655431270599365e+02
6.029191863536834717e+02
6.029781672954559326e+02
6.030288128852844238e+02
6.030900490283966064e+02
6.033603630065917969e+02
6.034234921932220459e+02
6.034724316596984863e+02
6.035373706817626953e+02
6.035908463001251221e+02
6.036603240966796875e+02
6.037035994529724121e+02
6.037616252899169922e+02
6.038152759075164795e+02
6.038708117008209229e+02
6.039223310947418213e+02
6.039840533733367920e+02
6.040340838432312012e+02
6.040992910861968994e+02
6.041461434364318848e+02
6.042079434394836426e+02
6.042572624683380127e+02
6.043243451118469238e+02
6.043736836910247803e+02
6.044304664134979248e+02
6.044849948883056641e+02
6.045372099876403809e+02
6.045937032699584961e+02
6.046432461738586426e+02
6.047075750827789307e+02
6.047576284408569336e+02
6.048197748661041260e+02
6.048733999729156494e+02
6.049342622756958008e+02
6.049817974567413330e+02
6.050390784740447998e+02
6.050932211875915527e+02
6.051552236080169678e+02
6.052666723728179932e+02
6.053157222270965576e+02
6.053760287761688232e+02
6.054253540039062500e+02
6.054870586395263672e+02
6.055378100872039795e+02
6.056000883579254150e+02
6.056514716148376465e+02
6.057106478214263916e+02
6.057623481750488281e+02
6.059356813430786133e+02
6.059867346286773682e+02
6.060518991947174072e+02
6.061021597385406494e+02
6.062109193801879883e+02
6.062725579738616943e+02
6.063229494094848633e+02
6.063844089508056641e+02
6.064342360496520996e+02
6.064974133968353271e+02
6.065497708320617676e+02
6.066069190502166748e+02
6.066588768959045410e+02
6.067213404178619385e+02
6.067728710174560547e+02
6.068311033248901367e+02
6.068825623989105225e+02
6.069440498352050781e+02
6.069939088821411133e+02
6.070569117069244385e+02
6.071038849353790283e+02
6.071694469451904297e+02
6.072270376682281494e+02
6.072802503108978271e+02
6.073315851688385010e+02
6.073922963142395020e+02
6.074462430477142334e+02
6.075036354064941406e+02
6.075543012619018555e+02
6.076167621612548828e+02
6.076710469722747803e+02
6.077277426719665527e+02
6.077803254127502441e+02
6.078398025035858154e+02
6.078897862434387207e+02
6.079527871608734131e+02
6.080028531551361084e+02
6.080632481575012207e+02
6.081148278713226318e+02
6.081773850917816162e+02
6.082244722843170166e+02
6.082943220138549805e+02
6.083450996875762939e+02
6.084043936729431152e+02
6.084509897232055664e+02
6.085122041702270508e+02
6.085616302490234375e+02
6.086138527393341064e+02
6.086742732524871826e+02
6.087243950366973877e+02
6.087844295501708984e+02
6.088349537849426270e+02
6.088960349559783936e+02
6.089458572864532471e+02
6.090120158195495605e+02
6.090625884532928467e+02
6.091224989891052246e+02
6.091794965267181396e+02
6.092387771606445312e+02
6.092845880985260010e+02
6.093464343547821045e+02
6.093947846889495850e+02
6.094568247795104980e+02
6.095070791244506836e+02
6.095679485797882080e+02
6.096168835163116455e+02
6.096792085170745850e+02
6.097348570823669434e+02
6.097941277027130127e+02
6.098448615074157715e+02
6.099061117172241211e+02
6.099596366882324219e+02
6.100149435997009277e+02
6.100646407604217529e+02
6.101289751529693604e+02
6.101790566444396973e+02
6.102394661903381348e+02
6.102876896858215332e+02
6.103574461936950684e+02
6.104048447608947754e+02
6.104650580883026123e+02
6.105172877311706543e+02
6.105775611400604248e+02
6.106256160736083984e+02
6.106914381980895996e+02
6.107430355548858643e+02
6.108023622035980225e+02
6.108534815311431885e+02
6.109162101745605469e+02
6.109646632671356201e+02
6.110252978801727295e+02
6.110753805637359619e+02
6.111347343921661377e+02
6.111846704483032227e+02
6.112518646717071533e+02
6.113010754585266113e+02
6.113605670928955078e+02
6.114121801853179932e+02
6.114729514122009277e+02
6.115237841606140137e+02
6.115849659442901611e+02
6.116316437721252441e+02
6.116950855255126953e+02
6.117458927631378174e+02
6.118079001903533936e+02
6.118575699329376221e+02
6.119205448627471924e+02
6.119703936576843262e+02
6.120353760719299316e+02
6.120843858718872070e+02
6.121429078578948975e+02
6.121931464672088623e+02
6.122579154968261719e+02
6.123074610233306885e+02
6.123678276538848877e+02
6.124229884147644043e+02
6.124840080738067627e+02
6.125323805809020996e+02
6.125931658744812012e+02
6.126406197547912598e+02
6.126929121017456055e+02
6.127505257129669189e+02
6.128031845092773438e+02
6.128661992549896240e+02
6.129142777919769287e+02
6.129776260852813721e+02
6.130260212421417236e+02
6.130868494510650635e+02
6.131370949745178223e+02
6.131992926597595215e+02
6.132521512508392334e+02
6.133121118545532227e+02
6.133678760528564453e+02
6.134243507385253906e+02
6.134729595184326172e+02
6.135369820594787598e+02
6.135872144699096680e+02
6.136489846706390381e+02
6.137028267383575439e+02
6.137577533721923828e+02
6.138121471405029297e+02
6.138734743595123291e+02
6.139188592433929443e+02
6.139880473613739014e+02
6.140387542247772217e+02
6.141044757366180420e+02
6.141474964618682861e+02
6.142067925930023193e+02
6.142580835819244385e+02
6.143177065849304199e+02
6.143687334060668945e+02
6.144336650371551514e+02
6.144845528602600098e+02
6.145447609424591064e+02
6.145953485965728760e+02
6.147065355777740479e+02
6.147698411941528320e+02
6.148213570117950439e+02
6.148793542385101318e+02
6.149333491325378418e+02
6.149932081699371338e+02
6.150427925586700439e+02
6.151071484088897705e+02
6.151594998836517334e+02
6.152163207530975342e+02
6.152668209075927734e+02
6.153264617919921875e+02
6.153824210166931152e+02
6.154406039714813232e+02
6.154961121082305908e+02
6.155532934665679932e+02
6.156050612926483154e+02
6.156661610603332520e+02
6.157162663936614990e+02
6.157766690254211426e+02
6.158275420665740967e+02
6.158890769481658936e+02
6.159434418678283691e+02
6.160017483234405518e+02
6.160514464378356934e+02
6.161115276813507080e+02
6.161622581481933594e+02
6.162247138023376465e+02
6.162749183177947998e+02
6.163356909751892090e+02
6.163852567672729492e+02
6.164477472305297852e+02
6.164992766380310059e+02
6.165572924613952637e+02
6.166072335243225098e+02
6.166736330986022949e+02
6.167263519763946533e+02
6.167731890678405762e+02
6.168310699462890625e+02
6.168810255527496338e+02
6.169451065063476562e+02
6.170000023841857910e+02
6.170613079071044922e+02
6.171100511550903320e+02
6.171688954830169678e+02
6.172173540592193604e+02
6.172790198326110840e+02
6.173279926776885986e+02
6.173920152187347412e+02
6.174416811466217041e+02
6.175057656764984131e+02
6.175568788051605225e+02
6.176161885261535645e+02
6.176658425331115723e+02
6.177291986942291260e+02
6.177790491580963135e+02
6.178441574573516846e+02
6.178927044868469238e+02
6.179536151885986328e+02
6.179995923042297363e+02
6.180640733242034912e+02
6.181126892566680908e+02
6.181773521900177002e+02
6.182319839000701904e+02
6.182903184890747070e+02
6.183423912525177002e+02
6.184003367424011230e+02
6.184480576515197754e+02
6.185105137825012207e+02
6.185632398128509521e+02
6.186242189407348633e+02
6.186772596836090088e+02
6.187390873432159424e+02
6.187880725860595703e+02
6.188489718437194824e+02
6.188947920799255371e+02
6.189612741470336914e+02
6.190107891559600830e+02
6.190722675323486328e+02
6.191217734813690186e+02
6.191871333122253418e+02
6.192359712123870850e+02
6.192979612350463867e+02
6.193468115329742432e+02
6.194119505882263184e+02
6.194619293212890625e+02
6.195204782485961914e+02
6.195740482807159424e+02
6.196348476409912109e+02
6.196838216781616211e+02
6.197430057525634766e+02
6.197946052551269531e+02
6.198586182594299316e+02
6.199074134826660156e+02
6.199688668251037598e+02
6.200190441608428955e+02
6.200819282531738281e+02
6.201333038806915283e+02
6.201957583427429199e+02
6.202427697181701660e+02
6.203042969703674316e+02
6.203536031246185303e+02
6.204276132583618164e+02
6.204749801158905029e+02
6.205313870906829834e+02
6.205822556018829346e+02
6.206399669647216797e+02
6.206947996616363525e+02
6.207549695968627930e+02
6.208040816783905029e+02
6.208647365570068359e+02
6.209138355255126953e+02
6.209693276882171631e+02
6.210262930393218994e+02
6.210771763324737549e+02
6.211413769721984863e+02
6.211889772415161133e+02
6.212473025321960449e+02
6.212981727123260498e+02
6.213642094135284424e+02
6.214108159542083740e+02
6.214717173576354980e+02
6.215266206264495850e+02
6.215858051776885986e+02
6.216369376182556152e+02
6.216964945793151855e+02
6.217474987506866455e+02
6.218089978694915771e+02
6.218601391315460205e+02
6.219191365242004395e+02
6.219709866046905518e+02
6.220324444770812988e+02
6.220839509963989258e+02
6.221446206569671631e+02
6.221965878009796143e+02
6.222596142292022705e+02
6.223079645633697510e+02
6.223718988895416260e+02
6.224218008518218994e+02
6.224809796810150146e+02
6.225287902355194092e+02
6.225934026241302490e+02
6.226413052082061768e+02
6.227051506042480469e+02
6.227556307315826416e+02
6.228166418075561523e+02
6.228657562732696533e+02
6.229343445301055908e+02
6.229797782897949219e+02
6.230398976802825928e+02
6.230903189182281494e+02
6.231532022953033447e+02
6.232024683952331543e+02
6.232669870853424072e+02
6.233187708854675293e+02
6.233811249732971191e+02
6.234276056289672852e+02
6.234900398254394531e+02
6.235446431636810303e+02
6.236046404838562012e+02
6.236511662006378174e+02
6.237134060859680176e+02
6.237661960124969482e+02
6.238261783123016357e+02
6.238776843547821045e+02
6.239368331432342529e+02
6.239873127937316895e+02
6.240512437820434570e+02
6.241009042263031006e+02
6.241611394882202148e+02
6.242119100093841553e+02
6.242738664150238037e+02
6.243247771263122559e+02
6.243872079849243164e+02
6.244359240531921387e+02
6.245005650520324707e+02
6.245499863624572754e+02
6.246118783950805664e+02
6.246598265171051025e+02
6.247208535671234131e+02
6.247694103717803955e+02
6.248354716300964355e+02
6.248830287456512451e+02
6.249432473182678223e+02
6.249958047866821289e+02
6.250439763069152832e+02
6.251042087078094482e+02
6.251562104225158691e+02
6.252224483489990234e+02
6.252709054946899414e+02
6.253292462825775146e+02
6.253820848464965820e+02
6.254391016960144043e+02
6.254906501770019531e+02
6.255539460182189941e+02
6.256068656444549561e+02
6.256649372577667236e+02
6.257163550853729248e+02
6.257759418487548828e+02
6.258255784511566162e+02
6.258872644901275635e+02
6.259391598701477051e+02
6.260097856521606445e+02
6.260589177608489990e+02
6.261191983222961426e+02
6.261709890365600586e+02
6.262260293960571289e+02
6.262770993709564209e+02
6.263343358039855957e+02
6.263869585990905762e+02
6.264489281177520752e+02
6.265013310909271240e+02
6.265623133182525635e+02
6.266120567321777344e+02
6.266750357151031494e+02
6.267249524593353271e+02
6.267828643321990967e+02
6.268358149528503418e+02
6.269003238677978516e+02
6.269528596401214600e+02
6.270114474296569824e+02
6.270609707832336426e+02
6.271181957721710205e+02
6.271679682731628418e+02
6.272338624000549316e+02
6.272819936275482178e+02
6.273446025848388672e+02
6.273933002948760986e+02
6.274559338092803955e+02
6.275069355964660645e+02
6.275702979564666748e+02
6.276217322349548340e+02
6.276777985095977783e+02
6.277313203811645508e+02
6.277941696643829346e+02
6.278434369564056396e+02
6.279042162895202637e+02
6.279537575244903564e+02
6.280171129703521729e+02
6.280690302848815918e+02
6.281290299892425537e+02
6.281772902011871338e+02
6.282388107776641846e+02
6.282892313003540039e+02
6.283545751571655273e+02
6.284043331146240234e+02
6.284643292427062988e+02
6.285118153095245361e+02
6.286266076564788818e+02
6.286875152587890625e+02
6.287373993396759033e+02
6.287996840476989746e+02
6.288552842140197754e+02
6.289148037433624268e+02
6.289657630920410156e+02
6.290238156318664551e+02
6.290727875232696533e+02
6.291248400211334229e+02
6.291827301979064941e+02
6.292362163066864014e+02
6.292976634502410889e+02
6.293492119312286377e+02
6.294093017578125000e+02
6.294620714187622070e+02
6.295223913192749023e+02
6.295689685344696045e+02
6.296320478916168213e+02
6.296919586658477783e+02
6.297444255352020264e+02
6.297958114147186279e+02
6.298566727638244629e+02
6.299067919254302979e+02
6.299672739505767822e+02
6.300194563865661621e+02
6.300805172920227051e+02
6.301309802532196045e+02
6.301970248222351074e+02
6.302431929111480713e+02
6.303053107261657715e+02
6.303538374900817871e+02
6.304176297187805176e+02
6.304704418182373047e+02
6.305275881290435791e+02
6.305803439617156982e+02
6.306409115791320801e+02
6.306949005126953125e+02
6.307525637149810791e+02
6.308006801605224609e+02
6.308641676902770996e+02
6.309125905036926270e+02
6.309796524047851562e+02
6.310275108814239502e+02
6.310890460014343262e+02
6.311421093940734863e+02
6.312036211490631104e+02
6.312535512447357178e+02
6.313134036064147949e+02
6.313604927062988281e+02
6.314233472347259521e+02
6.314757745265960693e+02
6.315356116294860840e+02
6.315858061313629150e+02
6.316487624645233154e+02
6.316996507644653320e+02
6.317647252082824707e+02
6.318151934146881104e+02
6.318726928234100342e+02
6.319212615489959717e+02
6.319840383529663086e+02
6.320346524715423584e+02
6.320965237617492676e+02
6.321487605571746826e+02
6.322090620994567871e+02
6.322665703296661377e+02
6.323217463493347168e+02
6.323701281547546387e+02
6.324333591461181641e+02
6.324818613529205322e+02
6.325424902439117432e+02
6.325946638584136963e+02
6.326589665412902832e+02
6.327077317237854004e+02
6.327688112258911133e+02
6.328181550502777100e+02
6.328856313228607178e+02
6.329313571453094482e+02
6.329938838481903076e+02
6.330427629947662354e+02
6.331023375988006592e+02
6.331539664268493652e+02
6.332016599178314209e+02
6.332620172500610352e+02
6.333198990821838379e+02
6.333813230991363525e+02
6.334330940246582031e+02
6.334856636524200439e+02
6.335365791320800781e+02
6.336019508838653564e+02
6.336494464874267578e+02
6.337141778469085693e+02
6.337664134502410889e+02
6.338237771987915039e+02
6.338738017082214355e+02
6.339344024658203125e+02
6.339858479499816895e+02
6.340467896461486816e+02
6.341004667282104492e+02
6.341677076816558838e+02
6.342142500877380371e+02
6.342744295597076416e+02
6.343214600086212158e+02
6.343826780319213867e+02
6.344307627677917480e+02
6.344966216087341309e+02
6.345457513332366943e+02
6.346121866703033447e+02
6.346595356464385986e+02
6.347218744754791260e+02
6.347695705890655518e+02
6.348350164890289307e+02
6.348933300971984863e+02
6.349479074478149414e+02
6.349939022064208984e+02
6.350567739009857178e+02
6.351064896583557129e+02
6.351673822402954102e+02
6.352165710926055908e+02
6.352789578437805176e+02
6.353274784088134766e+02
6.353934869766235352e+02
6.354426965713500977e+02
6.355052452087402344e+02
6.355560839176177979e+02
6.356160774230957031e+02
6.356687443256378174e+02
6.357271456718444824e+02
6.357793083190917969e+02
6.358406310081481934e+02
6.358893318176269531e+02
6.359513196945190430e+02
6.360097537040710449e+02
6.360654654502868652e+02
6.361135828495025635e+02
6.361764433383941650e+02
6.362261226177215576e+02
6.362874970436096191e+02
6.363418989181518555e+02
6.364006426334381104e+02
6.364487140178680420e+02
6.365159950256347656e+02
6.365657742023468018e+02
6.366279356479644775e+02
6.366760399341583252e+02
6.367366309165954590e+02
6.367848415374755859e+02
6.368492712974548340e+02
6.368974862098693848e+02
6.369576544761657715e+02
6.370114216804504395e+02
6.370721197128295898e+02
6.371220004558563232e+02
6.371862401962280273e+02
6.372339148521423340e+02
6.372992286682128906e+02
6.373500642776489258e+02
6.373928866386413574e+02
6.374551987648010254e+02
6.375057456493377686e+02
6.375701291561126709e+02
6.376214427947998047e+02
6.376822352409362793e+02
6.377293715476989746e+02
6.377916340827941895e+02
6.378458371162414551e+02
6.379090986251831055e+02
6.379591922760009766e+02
6.380201203823089600e+02
6.380678732395172119e+02
6.381272046566009521e+02
6.381769163608551025e+02
6.382415606975555420e+02
6.382960972785949707e+02
6.383560531139373779e+02
6.384157330989837646e+02
6.384688131809234619e+02
6.385137577056884766e+02
6.385762631893157959e+02
6.386276941299438477e+02
6.386869060993194580e+02
6.387391285896301270e+02
6.387990670204162598e+02
6.388503329753875732e+02
6.389138131141662598e+02
6.389617526531219482e+02
6.390250396728515625e+02
6.390779981613159180e+02
6.391397547721862793e+02
6.391874425411224365e+02
6.392511892318725586e+02
6.392989382743835449e+02
6.393575506210327148e+02
6.394091150760650635e+02
6.394728524684906006e+02
6.395250306129455566e+02
6.395894584655761719e+02
6.396347975730895996e+02
6.396988334655761719e+02
6.397527346611022949e+02
6.398113234043121338e+02
6.398629555702209473e+02
6.399224369525909424e+02
6.399704356193542480e+02
6.400362334251403809e+02
6.400857241153717041e+02
6.401443450450897217e+02
6.401969606876373291e+02
6.402589154243469238e+02
6.403091058731079102e+02
6.403695344924926758e+02
6.404221067428588867e+02
6.404816062450408936e+02
6.405333900451660156e+02
6.405909450054168701e+02
6.406461107730865479e+02
6.407064585685729980e+02
6.407613677978515625e+02
6.408158876895904541e+02
6.408653302192687988e+02
6.409326851367950439e+02
6.409856367111206055e+02
6.410410885810852051e+02
6.410890271663665771e+02
6.411526966094970703e+02
6.412035400867462158e+02
6.412626886367797852e+02
6.413150253295898438e+02
6.413751611709594727e+02
6.414259979724884033e+02
6.414762299060821533e+02
6.415364458560943604e+02
6.415864682197570801e+02
6.416470599174499512e+02
6.417002816200256348e+02
6.417617764472961426e+02
6.418169248104095459e+02
6.418717980384826660e+02
6.419250085353851318e+02
6.419860873222351074e+02
6.420353920459747314e+02
6.420955939292907715e+02
6.421446433067321777e+02
6.422077383995056152e+02
6.422581794261932373e+02
6.423192842006683350e+02
6.423712360858917236e+02
6.424348556995391846e+02
6.424820053577423096e+02
6.425430223941802979e+02
6.425921039581298828e+02
6.426568517684936523e+02
6.427054479122161865e+02
6.427692923545837402e+02
6.428222997188568115e+02
6.428833088874816895e+02
6.429355711936950684e+02
6.429941971302032471e+02
6.430409564971923828e+02
6.431051981449127197e+02
6.431555366516113281e+02
6.432162876129150391e+02
6.432681488990783691e+02
6.433315248489379883e+02
6.433778021335601807e+02
6.434395208358764648e+02
6.434913091659545898e+02
6.435505909919738770e+02
6.436060898303985596e+02
6.436643791198730469e+02
6.437180142402648926e+02
6.437757956981658936e+02
6.438286044597625732e+02
6.438865001201629639e+02
6.439368464946746826e+02
6.439995334148406982e+02
6.440522677898406982e+02
6.441115801334381104e+02
6.441671612262725830e+02
6.442253820896148682e+02
6.442736320495605469e+02
6.443365299701690674e+02
6.443894951343536377e+02
6.444512665271759033e+02
6.445000393390655518e+02
6.445587141513824463e+02
6.446089391708374023e+02
6.446734530925750732e+02
6.447223846912384033e+02
6.447831642627716064e+02
6.448347666263580322e+02
6.448971927165985107e+02
6.449459834098815918e+02
6.450081157684326172e+02
6.450577919483184814e+02
6.451222944259643555e+02
6.451739253997802734e+02
6.452420418262481689e+02
6.452852125167846680e+02
6.453431992530822754e+02
6.453971288204193115e+02
6.454543750286102295e+02
6.455056836605072021e+02
6.455536730289459229e+02
6.456197373867034912e+02
6.456665873527526855e+02
6.457304987907409668e+02
6.457788915634155273e+02
6.458424520492553711e+02
6.458894400596618652e+02
6.459517805576324463e+02
6.460091695785522461e+02
6.460701622962951660e+02
6.461192536354064941e+02
6.461765251159667969e+02
6.462268638610839844e+02
6.462890727519989014e+02
6.463406271934509277e+02
6.463988537788391113e+02
6.464491205215454102e+02
6.465128083229064941e+02
6.465623610019683838e+02
6.466233346462249756e+02
6.466726841926574707e+02
6.467368891239166260e+02
6.467864146232604980e+02
6.468494718074798584e+02
6.469010200500488281e+02
6.469608879089355469e+02
6.470158057212829590e+02
6.470759644508361816e+02
6.471278023719787598e+02
6.471852085590362549e+02
6.472326445579528809e+02
6.472967185974121094e+02
6.473460865020751953e+02
6.474070889949798584e+02
6.474641611576080322e+02
6.475195741653442383e+02
6.475705976486206055e+02
6.476316092014312744e+02
6.476815781593322754e+02
6.477453622817993164e+02
6.477975559234619141e+02
6.478561348915100098e+02
6.479042234420776367e+02
6.479706468582153320e+02
6.480202627182006836e+02
6.480799150466918945e+02
6.481375696659088135e+02
6.481961462497711182e+02
6.482443916797637939e+02
6.483040232658386230e+02
6.483553876876831055e+02
6.484189348220825195e+02
6.484720938205718994e+02
6.485338151454925537e+02
6.490892043113708496e+02
6.491375646591186523e+02
6.492026939392089844e+02
6.492474234104156494e+02
6.493107032775878906e+02
6.493624262809753418e+02
6.494258246421813965e+02
6.494772617816925049e+02
6.495381526947021484e+02
6.495869178771972656e+02
6.496341242790222168e+02
6.497053811550140381e+02
6.497518386840820312e+02
6.498141777515411377e+02
6.498574872016906738e+02
6.499195842742919922e+02
6.499679644107818604e+02
6.500382213592529297e+02
6.500849766731262207e+02
6.501461081504821777e+02
6.501948044300079346e+02
6.502563445568084717e+02
6.503028779029846191e+02
6.503706591129302979e+02
6.504168841838836670e+02
6.504838585853576660e+02
6.505342776775360107e+02
6.505948882102966309e+02
6.506487650871276855e+02
6.507031168937683105e+02
6.507547290325164795e+02
6.508169534206390381e+02
6.508672096729278564e+02
6.509272108078002930e+02
6.509799413681030273e+02
6.510422790050506592e+02
6.510951423645019531e+02
6.511545467376708984e+02
6.512045767307281494e+02
6.512700028419494629e+02
6.513159377574920654e+02
6.513767354488372803e+02
6.514252810478210449e+02
6.514950323104858398e+02
6.515468611717224121e+02
6.516053445339202881e+02
6.516514596939086914e+02
6.517120749950408936e+02
6.517629241943359375e+02
6.518235735893249512e+02
6.518773970603942871e+02
6.519368715286254883e+02
6.519877998828887939e+02
6.520463411808013916e+02
6.520975320339202881e+02
6.521604635715484619e+02
6.522119672298431396e+02
6.522723987102508545e+02
6.523230080604553223e+02
6.523852210044860840e+02
6.524327764511108398e+02
6.524950211048126221e+02
6.525454852581024170e+02
6.526109988689422607e+02
6.526587259769439697e+02
6.527214505672454834e+02
6.527708830833435059e+02
6.528394699096679688e+02
6.528849165439605713e+02
6.529447026252746582e+02
6.529970996379852295e+02
6.530576243400573730e+02
6.531080036163330078e+02
6.531691226959228516e+02
6.532189986705780029e+02
6.532797584533691406e+02
6.533269662857055664e+02
6.533936185836791992e+02
6.534442355632781982e+02
6.535050592422485352e+02
6.535547695159912109e+02
6.536176495552062988e+02
6.536678042411804199e+02
6.537301666736602783e+02
6.537774028778076172e+02
6.538260831832885742e+02
6.538871145248413086e+02
6.539370021820068359e+02
6.540044486522674561e+02
6.540534367561340332e+02
6.541134874820709229e+02
6.541671872138977051e+02
6.542245330810546875e+02
6.542766892910003662e+02
6.543407931327819824e+02
6.543876888751983643e+02
6.544476661682128906e+02
6.545018539428710938e+02
6.545601963996887207e+02
6.546125268936157227e+02
6.546728334426879883e+02
6.547226247787475586e+02
6.547840952873229980e+02
6.548319952487945557e+02
6.548956899642944336e+02
6.549473016262054443e+02
6.550069906711578369e+02
6.550580542087554932e+02
6.551213979721069336e+02
6.551761496067047119e+02
6.552329761981964111e+02
6.552880361080169678e+02
6.553449838161468506e+02
6.553933510780334473e+02
6.554560747146606445e+02
6.555038373470306396e+02
6.555677456855773926e+02
6.556162829399108887e+02
6.556847627162933350e+02
6.557327361106872559e+02
6.557914483547210693e+02
6.558420238494873047e+02
6.559042840003967285e+02
6.559550330638885498e+02
6.560214021205902100e+02
6.560696864128112793e+02
6.561334629058837891e+02
6.561816167831420898e+02
6.562379255294799805e+02
6.562913014888763428e+02
6.563521380424499512e+02
6.564029145240783691e+02
6.564659895896911621e+02
6.565149524211883545e+02
6.565770251750946045e+02
6.566257808208465576e+02
6.566887993812561035e+02
6.567392740249633789e+02
6.568034293651580811e+02
6.568525421619415283e+02
6.569129462242126465e+02
6.569629015922546387e+02
6.570254333019256592e+02
6.570732052326202393e+02
6.571368870735168457e+02
6.571892104148864746e+02
6.572492165565490723e+02
6.572957069873809814e+02
6.573612091541290283e+02
6.574117627143859863e+02
6.574718348979949951e+02
6.575225436687469482e+02
6.575838060379028320e+02
6.576355617046356201e+02
6.576956574916839600e+02
6.577432754039764404e+02
6.578072926998138428e+02
6.578575043678283691e+02
6.579100627899169922e+02
6.579680557250976562e+02
6.580172903537750244e+02
6.580790424346923828e+02
6.581299893856048584e+02
6.581909544467926025e+02
6.582426478862762451e+02
6.583064780235290527e+02
6.583558878898620605e+02
6.584163370132446289e+02
6.584658763408660889e+02
6.585282127857208252e+02
6.585788028240203857e+02
6.586434125900268555e+02
6.586957359313964844e+02
6.587543835639953613e+02
6.588038094043731689e+02
6.588650155067443848e+02
6.589142954349517822e+02
6.589767444133758545e+02
6.590338499546051025e+02
6.590879907608032227e+02
6.591423342227935791e+02
6.592051463127136230e+02
6.592544343471527100e+02
6.593123576641082764e+02
6.593594479560852051e+02
6.594244389533996582e+02
6.594800176620483398e+02
6.595375170707702637e+02
6.595899703502655029e+02
6.596490175724029541e+02
6.596977980136871338e+02
6.597603850364685059e+02
6.598110516071319580e+02
6.598820328712463379e+02
6.599312102794647217e+02
6.599849359989166260e+02
6.600352077484130859e+02
6.600959661006927490e+02
6.601454718112945557e+02
6.602095150947570801e+02
6.602579534053802490e+02
6.603190944194793701e+02
6.603711571693420410e+02
6.604350006580352783e+02
6.604857993125915527e+02
6.605459656715393066e+02
6.605968210697174072e+02
6.606569979190826416e+02
6.607073600292205811e+02
6.607702138423919678e+02
6.608166306018829346e+02
6.608840701580047607e+02
6.609329791069030762e+02
6.609924314022064209e+02
6.610451772212982178e+02
6.611057894229888916e+02
6.611551473140716553e+02
6.612179689407348633e+02
6.612691235542297363e+02
6.613315227031707764e+02
6.613773810863494873e+02
6.614401271343231201e+02
6.614921150207519531e+02
6.615506834983825684e+02
6.616048765182495117e+02
6.616644730567932129e+02
6.617139301300048828e+02
6.617789051532745361e+02
6.618267548084259033e+02
6.618888914585113525e+02
6.619398231506347656e+02
6.619875237941741943e+02
6.620472321510314941e+02
6.620976438522338867e+02
6.621635022163391113e+02
6.622140376567840576e+02
6.622712287902832031e+02
6.623215632438659668e+02
6.623834259510040283e+02
6.624395189285278320e+02
6.624970998764038086e+02
6.625456955432891846e+02
6.626062223911285400e+02
6.626581442356109619e+02
6.627197923660278320e+02
6.627715661525726318e+02
6.628335590362548828e+02
6.628819162845611572e+02
6.629449949264526367e+02
6.629944374561309814e+02
6.630577056407928467e+02
6.631070706844329834e+02
6.631694600582122803e+02
6.632227625846862793e+02
6.632826535701751709e+02
6.633332173824310303e+02
6.633918941020965576e+02
6.634419679641723633e+02
6.635046660900115967e+02
6.635575346946716309e+02
6.636190204620361328e+02
6.636701209545135498e+02
6.637291228771209717e+02
6.637804358005523682e+02
6.638391587734222412e+02
6.638893430233001709e+02
6.639521203041076660e+02
6.640016844272613525e+02
6.640662758350372314e+02
6.641141591072082520e+02
6.641769058704376221e+02
6.642274363040924072e+02
6.642892811298370361e+02
6.643403384685516357e+02
6.643997895717620850e+02
6.644534261226654053e+02
6.645118446350097656e+02
6.645649628639221191e+02
6.646240360736846924e+02
6.646741895675659180e+02
6.647440054416656494e+02
6.647895412445068359e+02
6.648505287170410156e+02
6.648998813629150391e+02
6.650811309814453125e+02
6.651247501373291016e+02
6.651834940910339355e+02
6.652349188327789307e+02
6.653012342453002930e+02
6.653475093841552734e+02
6.654081058502197266e+02
6.654608287811279297e+02
6.655209932327270508e+02
6.655774540901184082e+02
6.656333599090576172e+02
6.656832225322723389e+02
6.657456197738647461e+02
6.657998924255371094e+02
6.658553254604339600e+02
6.659054007530212402e+02
6.659709258079528809e+02
6.660171680450439453e+02
6.660768010616302490e+02
6.661311302185058594e+02
6.661771121025085449e+02
6.662411262989044189e+02
6.662907645702362061e+02
6.663569905757904053e+02
6.664094705581665039e+02
6.664638884067535400e+02
6.665151844024658203e+02
6.665773377418518066e+02
6.666242492198944092e+02
6.666888942718505859e+02
6.667370991706848145e+02
6.668001763820648193e+02
6.668523907661437988e+02
6.669140946865081787e+02
6.669639461040496826e+02
6.670246055126190186e+02
6.670740387439727783e+02
6.671370353698730469e+02
6.671878266334533691e+02
6.672480413913726807e+02
6.672988066673278809e+02
6.673576996326446533e+02
6.674112751483917236e+02
6.674776484966278076e+02
6.675266296863555908e+02
6.675844404697418213e+02
6.676392378807067871e+02
6.676981329917907715e+02
6.677467925548553467e+02
6.678083410263061523e+02
6.678573884963989258e+02
6.679212653636932373e+02
6.679691374301910400e+02
6.680315434932708740e+02
6.680841338634490967e+02
6.681452660560607910e+02
6.681964609622955322e+02
6.682563326358795166e+02
6.683040184974670410e+02
6.683697247505187988e+02
6.684173691272735596e+02
6.684792098999023438e+02
6.685303940773010254e+02
6.685914845466613770e+02
6.686408822536468506e+02
6.687065644264221191e+02
6.687600514888763428e+02
6.688177373409271240e+02
6.688642537593841553e+02
6.689289040565490723e+02
6.689773213863372803e+02
6.690387439727783203e+02
6.690887811183929443e+02
6.691547293663024902e+02
6.692052252292633057e+02
6.692648944854736328e+02
6.693158364295959473e+02
6.693789305686950684e+02
6.694286787509918213e+02
6.694903581142425537e+02
6.695390305519104004e+02
6.695989742279052734e+02
6.696511437892913818e+02
6.697128932476043701e+02
6.697653515338897705e+02
6.698250944614410400e+02
6.698746869564056396e+02
6.699369208812713623e+02
6.699852411746978760e+02
6.700479955673217773e+02
6.701005775928497314e+02
6.701624786853790283e+02
6.702139055728912354e+02
6.702633411884307861e+02
6.703218672275543213e+02
6.703699634075164795e+02
6.704303936958312988e+02
6.704810543060302734e+02
6.705438532829284668e+02
6.705920798778533936e+02
6.706552631855010986e+02
6.707062051296234131e+02
6.707692465782165527e+02
6.707715590000152588e+02
6.709646828174591064e+02
6.710127282142639160e+02
6.710576956272125244e+02
6.711059896945953369e+02
6.711625740528106689e+02
6.712142007350921631e+02
6.712773175239562988e+02
6.713281054496765137e+02
6.713865363597869873e+02
6.714392609596252441e+02
6.715003530979156494e+02
6.715510027408599854e+02
6.716145145893096924e+02
6.716624782085418701e+02
6.717214891910552979e+02
6.717670350074768066e+02
6.718283431529998779e+02
6.718764772415161133e+02
6.719388620853424072e+02
6.719887361526489258e+02
6.720501370429992676e+02
6.720997130870819092e+02
6.721633076667785645e+02
6.722130286693572998e+02
6.722752380371093750e+02
6.723265526294708252e+02
6.723861083984375000e+02
6.724353713989257812e+02
6.724976198673248291e+02
6.725501630306243896e+02
6.726112616062164307e+02
6.727272140979766846e+02
6.727722048759460449e+02
6.728207123279571533e+02
6.728847014904022217e+02
6.729346294403076172e+02
6.729944379329681396e+02
6.730463109016418457e+02
6.731078238487243652e+02
6.731581110954284668e+02
6.732195892333984375e+02
6.732692608833312988e+02
6.733288061618804932e+02
6.733788940906524658e+02
6.734436357021331787e+02
6.734923851490020752e+02
6.735547013282775879e+02
6.736045033931732178e+02
6.736672091484069824e+02
6.737188038825988770e+02
6.737792785167694092e+02
6.738337559700012207e+02
6.738918893337249756e+02
6.739483387470245361e+02
6.740072376728057861e+02
6.740520167350769043e+02
6.741142308712005615e+02
6.741644299030303955e+02
6.742326464653015137e+02
6.742788820266723633e+02
6.743376400470733643e+02
6.743867690563201904e+02
6.744502801895141602e+02
6.744990646839141846e+02
6.745622990131378174e+02
6.746144442558288574e+02
6.746812512874603271e+02
6.747262244224548340e+02
6.747905166149139404e+02
6.748428788185119629e+02
6.749023389816284180e+02
6.749533407688140869e+02
6.750110111236572266e+02
6.750612325668334961e+02
6.751252069473266602e+02
6.751785707473754883e+02
6.752374644279479980e+02
6.752835457324981689e+02
6.753450729846954346e+02
6.753946080207824707e+02
6.754590234756469727e+02
6.755122580528259277e+02
6.755719347000122070e+02
6.756252660751342773e+02
6.756831214427947998e+02
6.757309834957122803e+02
6.757976486682891846e+02
6.758472268581390381e+02
6.759051623344421387e+02
6.759565045833587646e+02
6.760178306102752686e+02
6.760672631263732910e+02
6.761336095333099365e+02
6.761843650341033936e+02
6.762492549419403076e+02
6.762945120334625244e+02
6.763614182472229004e+02
6.764088914394378662e+02
6.764726679325103760e+02
6.765187222957611084e+02
6.765768437385559082e+02
6.766258916854858398e+02
6.766893982887268066e+02
6.767371490001678467e+02
6.768045623302459717e+02
6.768540065288543701e+02
6.769020380973815918e+02
6.769628906250000000e+02
6.770179526805877686e+02
6.770776443481445312e+02
6.771248772144317627e+02
6.771850981712341309e+02
6.772385277748107910e+02
6.772971892356872559e+02
6.773489627838134766e+02
6.774123475551605225e+02
6.774623198509216309e+02
6.775222308635711670e+02
6.775726144313812256e+02
6.776363322734832764e+02
6.776893773078918457e+02
6.777472577095031738e+02
6.777966990470886230e+02
6.778579120635986328e+02
6.779079215526580811e+02
6.779720559120178223e+02
6.780205879211425781e+02
6.780819239616394043e+02
6.781297502517700195e+02
6.781977334022521973e+02
6.782446482181549072e+02
6.783093605041503906e+02
6.783595397472381592e+02
6.784177734851837158e+02
6.784671831130981445e+02
6.785321640968322754e+02
6.785858776569366455e+02
6.786460926532745361e+02
6.786967909336090088e+02
6.787550528049468994e+02
6.788040859699249268e+02
6.788681001663208008e+02
6.789196341037750244e+02
6.789769825935363770e+02
6.790265784263610840e+02
6.790995936393737793e+02
6.791463806629180908e+02
6.792006971836090088e+02
6.792500970363616943e+02
6.793148508071899414e+02
6.793653035163879395e+02
6.794246749877929688e+02
6.794747462272644043e+02
6.795423710346221924e+02
6.795950748920440674e+02
6.796512303352355957e+02
6.796969132423400879e+02
6.797609846591949463e+02
6.798096256256103516e+02
6.798729650974273682e+02
6.799263381958007812e+02
6.799899964332580566e+02
6.800363764762878418e+02
6.800989663600921631e+02
6.801481492519378662e+02
6.802094862461090088e+02
6.802572228908538818e+02
6.803221423625946045e+02
6.803727908134460449e+02
6.804340586662292480e+02
6.804828588962554932e+02
6.805468652248382568e+02
6.805969319343566895e+02
6.806635441780090332e+02
6.807116193771362305e+02
6.807727873325347900e+02
6.808218340873718262e+02
6.808823530673980713e+02
6.809298653602600098e+02
6.809788959026336670e+02
6.810511889457702637e+02
6.810952873229980469e+02
6.811535329818725586e+02
6.812052602767944336e+02
6.812654216289520264e+02
6.813161854743957520e+02
6.813788921833038330e+02
6.814295043945312500e+02
6.814894099235534668e+02
6.815405545234680176e+02
6.816051237583160400e+02
6.816524770259857178e+02
6.817134995460510254e+02
6.817642493247985840e+02
6.818288712501525879e+02
6.818840322494506836e+02
6.819403774738311768e+02
6.819891984462738037e+02
6.820531182289123535e+02
6.821044204235076904e+02
6.821633350849151611e+02
6.822101030349731445e+02
6.822763333320617676e+02
6.823248925209045410e+02
6.823852510452270508e+02
6.824349820613861084e+02
6.824976959228515625e+02
6.825481426715850830e+02
6.826127347946166992e+02
6.826597108840942383e+02
6.827200849056243896e+02
6.827708306312561035e+02
6.828346757888793945e+02
6.828843612670898438e+02
6.829466373920440674e+02
6.829994583129882812e+02
6.830644874572753906e+02
6.831134209632873535e+02
6.831712102890014648e+02
6.832215447425842285e+02
6.832815463542938232e+02
6.833352267742156982e+02
6.833941895961761475e+02
6.834419918060302734e+02
6.835061919689178467e+02
6.835546271800994873e+02
6.836170294284820557e+02
6.836677536964416504e+02
6.837299146652221680e+02
6.837793638706207275e+02
6.838404998779296875e+02
6.838909423351287842e+02
6.839591937065124512e+02
6.840032060146331787e+02
6.840687401294708252e+02
6.841166172027587891e+02
6.841804156303405762e+02
6.842338540554046631e+02
6.842900917530059814e+02
6.843387322425842285e+02
6.844010641574859619e+02
6.844512550830841064e+02
6.845142323970794678e+02
6.845646712779998779e+02
6.846262300014495850e+02
6.846763002872467041e+02
6.847382204532623291e+02
6.847876870632171631e+02
6.848504126071929932e+02
6.849021422863006592e+02
6.849616649150848389e+02
6.850117876529693604e+02
6.850618560314178467e+02
6.851352245807647705e+02
6.851763350963592529e+02
6.852334251403808594e+02
6.852847676277160645e+02
6.853495502471923828e+02
6.853993771076202393e+02
6.854639244079589844e+02
6.855073871612548828e+02
6.855678753852844238e+02
6.856199510097503662e+02
6.856840250492095947e+02
6.857372841835021973e+02
6.857937150001525879e+02
6.858506119251251221e+02
6.859064862728118896e+02
6.859547059535980225e+02
6.860173871517181396e+02
6.860674448013305664e+02
6.861300446987152100e+02
6.861831965446472168e+02
6.862474808692932129e+02
6.862976529598236084e+02
6.863564801216125488e+02
6.864090597629547119e+02
6.864666106700897217e+02
6.865175387859344482e+02
6.865770788192749023e+02
6.866282212734222412e+02
6.866887540817260742e+02
6.867382321357727051e+02
6.868031029701232910e+02
6.868526482582092285e+02
6.869144849777221680e+02
6.869635138511657715e+02
6.870266270637512207e+02
6.870749471187591553e+02
6.871390039920806885e+02
6.871886725425720215e+02
6.872485682964324951e+02
6.872994253635406494e+02
6.873624203205108643e+02
6.874120323657989502e+02
6.874735672473907471e+02
6.875269272327423096e+02
6.875906965732574463e+02
6.876431341171264648e+02
6.876999394893646240e+02
6.877467484474182129e+02
6.878089456558227539e+02
6.878575458526611328e+02
6.879219176769256592e+02
6.879716846942901611e+02
6.880346798896789551e+02
6.880871491432189941e+02
6.881448366641998291e+02
6.881966905593872070e+02
6.882572865486145020e+02
6.883051011562347412e+02
6.883722209930419922e+02
6.884244272708892822e+02
6.884824147224426270e+02
6.885299642086029053e+02
6.885944790840148926e+02
6.886446926593780518e+02
6.887084448337554932e+02
6.887575294971466064e+02
6.888181927204132080e+02
6.888670799732208252e+02
6.889298057556152344e+02
6.889816114902496338e+02
6.890406162738800049e+02
6.890920615196228027e+02
6.891533260345458984e+02
6.892039055824279785e+02
6.892516918182373047e+02
6.893150265216827393e+02
6.893675518035888672e+02
6.894260511398315430e+02
6.894753801822662354e+02
6.895391857624053955e+02
6.895897302627563477e+02
6.896497507095336914e+02
6.897002043724060059e+02
6.897621099948883057e+02
6.898118219375610352e+02
6.898754048347473145e+02
6.899226505756378174e+02
6.899853651523590088e+02
6.900348422527313232e+02
6.900971410274505615e+02
6.901450467109680176e+02
6.902105071544647217e+02
6.902654733657836914e+02
6.903243501186370850e+02
6.903709132671356201e+02
6.904361650943756104e+02
6.904868309497833252e+02
6.905481648445129395e+02
6.905971522331237793e+02
6.906595182418823242e+02
6.907098257541656494e+02
6.907718038558959961e+02
6.908219530582427979e+02
6.908826289176940918e+02
6.909318358898162842e+02
6.909935796260833740e+02
6.910431814193725586e+02
6.911073870658874512e+02
6.911588253974914551e+02
6.912190275192260742e+02
6.912649533748626709e+02
6.913292219638824463e+02
6.913783335685729980e+02
6.914437668323516846e+02
6.914911229610443115e+02
6.915543043613433838e+02
6.916036016941070557e+02
6.916681816577911377e+02
6.917238895893096924e+02
6.917793326377868652e+02
6.918320708274841309e+02
6.918925430774688721e+02
6.919478080272674561e+02
6.920075092315673828e+02
6.920578882694244385e+02
6.921135013103485107e+02
6.921642508506774902e+02
6.922253468036651611e+02
6.922825002670288086e+02
6.923405153751373291e+02
6.923937010765075684e+02
6.924501256942749023e+02
6.924984622001647949e+02
6.925628061294555664e+02
6.926132240295410156e+02
6.926740853786468506e+02
6.927247924804687500e+02
6.927861690521240234e+02
6.928348722457885742e+02
6.928979794979095459e+02
6.929453387260437012e+02
6.930100142955780029e+02
6.930644652843475342e+02
6.931293978691101074e+02
6.931743481159210205e+02
6.932352883815765381e+02
6.932852184772491455e+02
6.933335230350494385e+02
6.933934507369995117e+02
6.934453217983245850e+02
6.935066733360290527e+02
6.935582726001739502e+02
6.936214153766632080e+02
6.936740732192993164e+02
6.937347090244293213e+02
6.937802722454071045e+02
6.938432390689849854e+02
6.938933382034301758e+02
6.939546222686767578e+02
6.940093305110931396e+02
6.940695242881774902e+02
6.941183817386627197e+02
6.941779272556304932e+02
6.942302429676055908e+02
6.942886085510253906e+02
6.943403608798980713e+02
6.944039139747619629e+02
6.944523851871490479e+02
6.945131833553314209e+02
6.945630905628204346e+02
6.947869193553924561e+02
6.948545272350311279e+02
6.949062662124633789e+02
6.949642257690429688e+02
6.950198814868927002e+02
6.950863003730773926e+02
6.951345977783203125e+02
6.951961011886596680e+02
6.952473819255828857e+02
6.953072073459625244e+02
6.953544836044311523e+02
6.954103074073791504e+02
6.954674079418182373e+02
6.955232765674591064e+02
6.955746941566467285e+02
6.956380012035369873e+02
6.956876308917999268e+02
6.957464985847473145e+02
6.957944419384002686e+02
6.958588225841522217e+02
6.959080834388732910e+02
6.959724233150482178e+02
6.960209741592407227e+02
6.960811307430267334e+02
6.961298635005950928e+02
6.961969783306121826e+02
6.962464501857757568e+02
6.963068089485168457e+02
6.963560655117034912e+02
6.964189045429229736e+02
6.964691331386566162e+02
6.965308864116668701e+02
6.965779025554656982e+02
6.966408934593200684e+02
6.966937100887298584e+02
6.967537164688110352e+02
6.968064520359039307e+02
6.968705515861511230e+02
6.969196515083312988e+02
6.969810287952423096e+02
6.970280394554138184e+02
6.970910336971282959e+02
6.971401069164276123e+02
6.972019188404083252e+02
6.972504150867462158e+02
6.973150904178619385e+02
6.973625802993774414e+02
6.974124252796173096e+02
6.974769289493560791e+02
6.975240430831909180e+02
6.975863192081451416e+02
6.976352028846740723e+02
6.977019641399383545e+02
6.977518708705902100e+02
6.978123683929443359e+02
6.978599007129669189e+02
6.979200010299682617e+02
6.979720869064331055e+02
6.980376262664794922e+02
6.980903117656707764e+02
6.981464467048645020e+02
6.981947150230407715e+02
6.982568774223327637e+02
6.983121557235717773e+02
6.983706758022308350e+02
6.984191939830780029e+02
6.984835388660430908e+02
6.985335452556610107e+02
6.985978617668151855e+02
6.986512131690979004e+02
6.987096595764160156e+02
6.987548115253448486e+02
6.988191673755645752e+02
6.988698232173919678e+02
6.989313168525695801e+02
6.989785006046295166e+02
6.990410454273223877e+02
6.990937638282775879e+02
6.991570465564727783e+02
6.992045116424560547e+02
6.992650430202484131e+02
6.993161985874176025e+02
6.993802442550659180e+02
6.994277138710021973e+02
6.994907329082489014e+02
6.995399010181427002e+02
6.996042237281799316e+02
6.996546361446380615e+02
6.997167022228240967e+02
6.997668757438659668e+02
6.998262345790863037e+02
6.998746027946472168e+02
6.999383115768432617e+02
6.999926891326904297e+02
7.000523064136505127e+02
7.001048998832702637e+02
7.002103564739227295e+02
7.002734949588775635e+02
7.003217988014221191e+02
7.003875675201416016e+02
7.004395809173583984e+02
7.004988617897033691e+02
7.005515823364257812e+02
7.006094093322753906e+02
7.006584963798522949e+02
7.007202379703521729e+02
7.007718970775604248e+02
7.008340790271759033e+02
7.008852846622467041e+02
7.009459626674652100e+02
7.009963631629943848e+02
7.010592534542083740e+02
7.011112787723541260e+02
7.011690711975097656e+02
7.012245213985443115e+02
7.012811386585235596e+02
7.013295593261718750e+02
7.013941690921783447e+02
7.014431977272033691e+02
7.014911513328552246e+02
7.015548796653747559e+02
7.016049864292144775e+02
7.016693792343139648e+02
7.017191550731658936e+02
7.017837724685668945e+02
7.018286280632019043e+02
7.018895657062530518e+02
7.019398739337921143e+02
7.020017890930175781e+02
7.020529680252075195e+02
7.021150650978088379e+02
7.021655786037445068e+02
7.022268044948577881e+02
7.022751445770263672e+02
7.023379914760589600e+02
7.023899445533752441e+02
7.024510145187377930e+02
7.025012347698211670e+02
7.025636732578277588e+02
7.026168179512023926e+02
7.026751868724822998e+02
7.027245140075683594e+02
7.027886993885040283e+02
7.028391466140747070e+02
7.028966248035430908e+02
7.029486019611358643e+02
7.030115342140197754e+02
7.030610833168029785e+02
7.031247293949127197e+02
7.031719391345977783e+02
7.032346851825714111e+02
7.032842135429382324e+02
7.033463695049285889e+02
7.034010844230651855e+02
7.034593641757965088e+02
7.035111570358276367e+02
7.035699574947357178e+02
7.036192860603332520e+02
7.036822371482849121e+02
7.037318940162658691e+02
7.037932503223419189e+02
7.038442187309265137e+02
7.039052412509918213e+02
7.039552574157714844e+02
7.040175673961639404e+02
7.040697803497314453e+02
7.041292917728424072e+02
7.041777367591857910e+02
7.042461225986480713e+02
7.042936358451843262e+02
7.043533258438110352e+02
7.044050226211547852e+02
7.044728596210479736e+02
7.045189986228942871e+02
7.045783441066741943e+02
7.046274161338806152e+02
7.046904797554016113e+02
7.047390446662902832e+02
7.048018760681152344e+02
7.048505246639251709e+02
7.049665880203247070e+02
7.050262763500213623e+02
7.050748772621154785e+02
7.051375720500946045e+02
7.051900875568389893e+02
7.052488801479339600e+02
7.053002731800079346e+02
7.053628079891204834e+02
7.054187247753143311e+02
7.054749696254730225e+02
7.055229623317718506e+02
7.055850348472595215e+02
7.056842169761657715e+02
7.057506785392761230e+02
7.059728362560272217e+02
7.060224134922027588e+02
7.060843162536621094e+02
7.061309506893157959e+02
7.061925890445709229e+02
7.062435469627380371e+02
7.063063197135925293e+02
7.063588578701019287e+02
7.064202141761779785e+02
7.064710006713867188e+02
7.065310637950897217e+02
7.065774085521697998e+02
7.066407909393310547e+02
7.066928272247314453e+02
7.067541148662567139e+02
7.068049323558807373e+02
7.068682038784027100e+02
7.069168093204498291e+02
7.069798774719238281e+02
7.070285770893096924e+02
7.070929341316223145e+02
7.071401948928833008e+02
7.072031450271606445e+02
7.072522475719451904e+02
7.073132560253143311e+02
7.073661556243896484e+02
7.074262917041778564e+02
7.074735567569732666e+02
7.075392134189605713e+02
7.075874650478363037e+02
7.076513206958770752e+02
7.077019617557525635e+02
7.077613594532012939e+02
7.078117098808288574e+02
7.078749172687530518e+02
7.079233400821685791e+02
7.079860668182373047e+02
7.080353116989135742e+02
7.081013736724853516e+02
7.081503834724426270e+02
7.082568266391754150e+02
7.083219537734985352e+02
7.083703665733337402e+02
7.084339656829833984e+02
7.084861917495727539e+02
7.085465328693389893e+02
7.085962276458740234e+02
7.086577343940734863e+02
7.087096862792968750e+02
7.087688460350036621e+02
7.088198411464691162e+02
7.088801519870758057e+02
7.089298470020294189e+02
7.089953019618988037e+02
7.090425174236297607e+02
7.091065065860748291e+02
7.091553227901458740e+02
7.092166676521301270e+02
7.092672038078308105e+02
7.093304634094238281e+02
7.093825526237487793e+02
7.094433240890502930e+02
7.094923317432403564e+02
7.095551977157592773e+02
7.096083061695098877e+02
7.096663658618927002e+02
7.097143087387084961e+02
7.097643353939056396e+02
7.098248040676116943e+02
7.098743278980255127e+02
7.099391324520111084e+02
7.099904868602752686e+02
7.100513484477996826e+02
7.101031534671783447e+02
7.101627612113952637e+02
7.102099897861480713e+02
7.102761480808258057e+02
7.103249411582946777e+02
7.103869879245758057e+02
7.104353172779083252e+02
7.105002312660217285e+02
7.105543825626373291e+02
7.106096944808959961e+02
7.106607244014739990e+02
7.107218375205993652e+02
7.107717635631561279e+02
7.108341863155364990e+02
7.108869996070861816e+02
7.109452385902404785e+02
7.109946324825286865e+02
7.110584406852722168e+02
7.111111726760864258e+02
7.111702849864959717e+02
7.112201874256134033e+02
7.112865839004516602e+02
7.113342015743255615e+02
7.113933463096618652e+02
7.114442512989044189e+02
7.115064432621002197e+02
7.115564076900482178e+02
7.116210207939147949e+02
7.116686244010925293e+02
7.117290289402008057e+02
7.117806167602539062e+02
7.118487806320190430e+02
7.118947660923004150e+02
7.119542019367218018e+02
7.120027091503143311e+02
7.120678417682647705e+02
7.121179311275482178e+02
7.121786098480224609e+02
7.122316026687622070e+02
7.122909121513366699e+02
7.123413801193237305e+02
7.124013655185699463e+02
7.124546890258789062e+02
7.125169694423675537e+02
7.125686414241790771e+02
7.126261782646179199e+02
7.126732754707336426e+02
7.127398214340209961e+02
7.127884762287139893e+02
7.128490126132965088e+02
7.128985524177551270e+02
7.129619858264923096e+02
7.130127789974212646e+02
7.130734477043151855e+02
7.131282811164855957e+02
7.131888468265533447e+02
7.132344515323638916e+02
7.132995896339416504e+02
7.133520867824554443e+02
7.134121513366699219e+02
7.134601960182189941e+02
7.135232820510864258e+02
7.135702800750732422e+02
7.136345186233520508e+02
7.136821303367614746e+02
7.137434611320495605e+02
7.137937030792236328e+02
7.138443927764892578e+02
7.139062678813934326e+02
7.139551513195037842e+02
7.140205192565917969e+02
7.140713682174682617e+02
7.141300287246704102e+02
7.141829423904418945e+02
7.142433030605316162e+02
7.142930870056152344e+02
7.143524055480957031e+02
7.144017293453216553e+02
7.144664642810821533e+02
7.145140185356140137e+02
7.145774443149566650e+02
7.146290290355682373e+02
7.146884911060333252e+02
7.147370445728302002e+02
7.148024251461029053e+02
7.148523275852203369e+02
7.149192025661468506e+02
7.149663724899291992e+02
7.150262169837951660e+02
7.150760810375213623e+02
7.151375429630279541e+02
7.151923522949218750e+02
7.152521646022796631e+02
7.153018734455108643e+02
7.153650488853454590e+02
7.154107005596160889e+02
7.154744968414306641e+02
7.155242302417755127e+02
7.155918624401092529e+02
7.156427662372589111e+02
7.157002651691436768e+02
7.157494144439697266e+02
7.158097598552703857e+02
7.158585333824157715e+02
7.159220290184020996e+02
7.159713447093963623e+02
7.160378031730651855e+02
7.160907382965087891e+02
7.161463773250579834e+02
7.161964228153228760e+02
7.162570466995239258e+02
7.163120548725128174e+02
7.163711192607879639e+02
7.164208815097808838e+02
7.164823529720306396e+02
7.165349199771881104e+02
7.165952553749084473e+02
7.166478297710418701e+02
7.167070293426513672e+02
7.167570335865020752e+02
7.168173410892486572e+02
7.168684618473052979e+02
7.169297838211059570e+02
7.169789323806762695e+02
7.170409617424011230e+02
7.170905611515045166e+02
7.171541783809661865e+02
7.172048692703247070e+02
7.172670381069183350e+02
7.173173556327819824e+02
7.173804669380187988e+02
7.174285347461700439e+02
7.174881312847137451e+02
7.175393893718719482e+02
7.176011393070220947e+02
7.176511242389678955e+02
7.177132477760314941e+02
7.177652127742767334e+02
7.178264205455780029e+02
7.178733329772949219e+02
7.179228615760803223e+02
7.179869115352630615e+02
7.180344362258911133e+02
7.181019406318664551e+02
7.181561782360076904e+02
7.182141070365905762e+02
7.182612257003784180e+02
7.183224842548370361e+02
7.183721630573272705e+02
7.184331054687500000e+02
7.184817235469818115e+02
7.185462813377380371e+02
7.185963602066040039e+02
7.186581106185913086e+02
7.187094004154205322e+02
7.187688786983489990e+02
7.188179008960723877e+02
7.188819212913513184e+02
7.189308509826660156e+02
7.189955246448516846e+02
7.190448698997497559e+02
7.191078360080718994e+02
7.191547462940216064e+02
7.192172644138336182e+02
7.192678511142730713e+02
7.193303616046905518e+02
7.193814237117767334e+02
7.194412684440612793e+02
7.194933829307556152e+02
7.195544271469116211e+02
7.196047885417938232e+02
7.196652598381042480e+02
7.197162282466888428e+02
7.197768080234527588e+02
7.198271086215972900e+02
7.198897655010223389e+02
7.199394767284393311e+02
7.200009164810180664e+02
7.200546271800994873e+02
7.201182115077972412e+02
7.201681270599365234e+02
7.202249875068664551e+02
7.202768619060516357e+02
7.203382446765899658e+02
7.203888580799102783e+02
7.204508473873138428e+02
7.205035440921783447e+02
7.205605869293212891e+02
7.206105496883392334e+02
7.206739385128021240e+02
7.207241349220275879e+02
7.207893567085266113e+02
7.208387172222137451e+02
7.209019944667816162e+02
7.209518449306488037e+02
7.210095908641815186e+02
7.210621652603149414e+02
7.211222882270812988e+02
7.211731264591217041e+02
7.212362236976623535e+02
7.212846138477325439e+02
7.213489506244659424e+02
7.213998346328735352e+02
7.214605243206024170e+02
7.215146241188049316e+02
7.215692391395568848e+02
7.216243278980255127e+02
7.216832897663116455e+02
7.217378947734832764e+02
7.217942335605621338e+02
7.218433358669281006e+02
7.219047691822052002e+02
7.219567475318908691e+02
7.220167644023895264e+02
7.220668170452117920e+02
7.221189870834350586e+02
7.221785578727722168e+02
7.222319238185882568e+02
7.222887809276580811e+02
7.223387014865875244e+02
7.224007377624511719e+02
7.224490444660186768e+02
7.225163533687591553e+02
7.225646564960479736e+02
7.226266510486602783e+02
7.226763596534729004e+02
7.227372825145721436e+02
7.227864394187927246e+02
7.228489828109741211e+02
7.228976027965545654e+02
7.229647459983825684e+02
7.230153427124023438e+02
7.230750095844268799e+02
7.231282520294189453e+02
7.231891555786132812e+02
7.232363049983978271e+02
7.232977437973022461e+02
7.233490004539489746e+02
7.234111785888671875e+02
7.234601547718048096e+02
7.235210726261138916e+02
7.235711145401000977e+02
7.236335227489471436e+02
7.236843256950378418e+02
7.237466661930084229e+02
7.237972455024719238e+02
7.238576633930206299e+02
7.239101769924163818e+02
7.239714384078979492e+02
7.240245904922485352e+02
7.240817036628723145e+02
7.241304059028625488e+02
7.241961991786956787e+02
7.242447760105133057e+02
7.243064393997192383e+02
7.243565208911895752e+02
7.244172129631042480e+02
7.244691572189331055e+02
7.245298080444335938e+02
7.245796551704406738e+02
7.246448996067047119e+02
7.246938445568084717e+02
7.247564761638641357e+02
7.248048408031463623e+02
7.248659048080444336e+02
7.249136915206909180e+02
7.249792752265930176e+02
7.250301856994628906e+02
7.250903952121734619e+02
7.251421251296997070e+02
7.252012870311737061e+02
7.252506098747253418e+02
7.253127374649047852e+02
7.253672139644622803e+02
7.254281351566314697e+02
7.254763123989105225e+02
7.255378153324127197e+02
7.255882089138031006e+02
7.256483809947967529e+02
7.256975488662719727e+02
7.257646086215972900e+02
7.258140804767608643e+02
7.258749349117279053e+02
7.259241268634796143e+02
7.259884531497955322e+02
7.260338864326477051e+02
7.260995681285858154e+02
7.261485891342163086e+02
7.261970021724700928e+02
7.262577304840087891e+02
7.263075728416442871e+02
7.263692183494567871e+02
7.264223322868347168e+02
7.264837057590484619e+02
7.265304872989654541e+02
7.265936338901519775e+02
7.266427915096282959e+02
7.267146117687225342e+02
7.267582988739013672e+02
7.268202798366546631e+02
7.268685202598571777e+02
7.269299230575561523e+02
7.269788858890533447e+02
7.270482640266418457e+02
7.270961210727691650e+02
7.271593449115753174e+02
7.272052447795867920e+02
7.272659337520599365e+02
7.273174357414245605e+02
7.273777194023132324e+02
7.274293184280395508e+02
7.274984300136566162e+02
7.275417520999908447e+02
7.276026840209960938e+02
7.276523509025573730e+02
7.277138249874114990e+02
7.277625207901000977e+02
7.278304286003112793e+02
7.278778886795043945e+02
7.279381294250488281e+02
7.279895923137664795e+02
7.280497088432312012e+02
7.281009099483489990e+02
7.281694200038909912e+02
7.282122070789337158e+02
7.282753338813781738e+02
7.283237149715423584e+02
7.283862650394439697e+02
7.284400746822357178e+02
7.284972543716430664e+02
7.285482096672058105e+02
7.286113088130950928e+02
7.286607263088226318e+02
7.287224931716918945e+02
7.287737014293670654e+02
7.288363392353057861e+02
7.288873989582061768e+02
7.289452233314514160e+02
7.289967932701110840e+02
7.290575461387634277e+02
7.291095654964447021e+02
7.291730597019195557e+02
7.292244741916656494e+02
7.292863447666168213e+02
7.293344662189483643e+02
7.293953108787536621e+02
7.294472653865814209e+02
7.295126435756683350e+02
7.295602042675018311e+02
7.296215109825134277e+02
7.296716389656066895e+02
7.297310409545898438e+02
7.297820215225219727e+02
7.298474776744842529e+02
7.298949098587036133e+02
7.299585659503936768e+02
7.300073740482330322e+02
7.300689020156860352e+02
7.301227667331695557e+02
7.301825973987579346e+02
7.302347052097320557e+02
7.302823460102081299e+02
7.303419885635375977e+02
7.303906333446502686e+02
7.304525692462921143e+02
7.305033292770385742e+02
7.305637276172637939e+02
7.306132571697235107e+02
7.306744735240936279e+02
7.307275252342224121e+02
7.307892596721649170e+02
7.308429498672485352e+02
7.309008438587188721e+02
7.309528236389160156e+02
7.310133101940155029e+02
7.310622107982635498e+02
7.311248178482055664e+02
7.311764664649963379e+02
7.312386589050292969e+02
7.312912797927856445e+02
7.313472261428833008e+02
7.314007651805877686e+02
7.314620609283447266e+02
7.315108568668365479e+02
7.315713677406311035e+02
7.316210453510284424e+02
7.316824941635131836e+02
7.317442908287048340e+02
7.318032853603363037e+02
7.318634276390075684e+02
7.319206290245056152e+02
7.319651386737823486e+02
7.320245163440704346e+02
7.320823092460632324e+02
7.321474134922027588e+02
7.321962351799011230e+02
7.322527823448181152e+02
7.323010840415954590e+02
7.323639912605285645e+02
7.324151012897491455e+02
7.324769275188446045e+02
7.325263948440551758e+02
7.325894286632537842e+02
7.326364121437072754e+02
7.326971726417541504e+02
7.327463002204895020e+02
7.328110024929046631e+02
7.328648936748504639e+02
7.329236235618591309e+02
7.329784991741180420e+02
7.330341491699218750e+02
7.330882546901702881e+02
7.331480033397674561e+02
7.331946208477020264e+02
7.332509055137634277e+02
7.333033912181854248e+02
7.333709442615509033e+02
7.334203691482543945e+02
7.334767887592315674e+02
7.335248672962188721e+02
7.335888991355895996e+02
7.336403486728668213e+02
7.337007362842559814e+02
7.337526574134826660e+02
7.338134677410125732e+02
7.338640449047088623e+02
7.339222559928894043e+02
7.339733815193176270e+02
7.340332622528076172e+02
7.340823218822479248e+02
7.341440541744232178e+02
7.341945624351501465e+02
7.342591173648834229e+02
7.343084185123443604e+02
7.343549201488494873e+02
7.344186520576477051e+02
7.344669244289398193e+02
7.345299003124237061e+02
7.345801637172698975e+02
7.346401102542877197e+02
7.346889784336090088e+02
7.347540874481201172e+02
7.348009634017944336e+02
7.348640704154968262e+02
7.349165401458740234e+02
7.349784433841705322e+02
7.350282971858978271e+02
7.350914914608001709e+02
7.351411223411560059e+02
7.352016222476959229e+02
7.352501642704010010e+02
7.353137326240539551e+02
7.353640129566192627e+02
7.354263889789581299e+02
7.354749052524566650e+02
7.355379633903503418e+02
7.355894067287445068e+02
7.356490085124969482e+02
7.356979007720947266e+02
7.357608795166015625e+02
7.358095276355743408e+02
7.358736584186553955e+02
7.359230890274047852e+02
7.359852819442749023e+02
7.360348513126373291e+02
7.360990922451019287e+02
7.361487212181091309e+02
7.362098748683929443e+02
7.362584166526794434e+02
7.363217175006866455e+02
7.363711547851562500e+02
7.364342563152313232e+02
7.364836928844451904e+02
7.365469079017639160e+02
7.365971360206604004e+02
7.366567444801330566e+02
7.367063739299774170e+02
7.367690091133117676e+02
7.368239247798919678e+02
7.368809230327606201e+02
7.369300193786621094e+02
7.369926884174346924e+02
7.370467381477355957e+02
7.371074936389923096e+02
7.371544227600097656e+02
7.372163865566253662e+02
7.372665872573852539e+02
7.373304383754730225e+02
7.373802359104156494e+02
7.374431154727935791e+02
7.374930725097656250e+02
7.375534784793853760e+02
7.376034159660339355e+02
7.376659896373748779e+02
7.377137460708618164e+02
7.377772991657257080e+02
7.378316659927368164e+02
7.378918986320495605e+02
7.379411284923553467e+02
7.380038509368896484e+02
7.380502419471740723e+02
7.381143200397491455e+02
7.381623311042785645e+02
7.382262012958526611e+02
7.382762274742126465e+02
7.383375649452209473e+02
7.383923332691192627e+02
7.384505133628845215e+02
7.385036833286285400e+02
7.385491323471069336e+02
7.386110539436340332e+02
7.386615054607391357e+02
7.387216472625732422e+02
7.387711725234985352e+02
7.388333184719085693e+02
7.388840978145599365e+02
7.389463181495666504e+02
7.389953484535217285e+02
7.390579741001129150e+02
7.391088676452636719e+02
7.391699800491333008e+02
7.392217888832092285e+02
7.392847290039062500e+02
7.393334169387817383e+02
7.393944938182830811e+02
7.394446902275085449e+02
7.395112848281860352e+02
7.395662646293640137e+02
7.396209335327148438e+02
7.396678795814514160e+02
7.397293891906738281e+02
7.397778799533843994e+02
7.398415954113006592e+02
7.398910381793975830e+02
7.399531512260437012e+02
7.400021944046020508e+02
7.400652403831481934e+02
7.401150953769683838e+02
7.401780083179473877e+02
7.402248208522796631e+02
7.402882478237152100e+02
7.403387660980224609e+02
7.404022581577301025e+02
7.404515221118927002e+02
7.405127224922180176e+02
7.405635254383087158e+02
7.406244883537292480e+02
7.406748697757720947e+02
7.407393498420715332e+02
7.407863855361938477e+02
7.408481996059417725e+02
7.408976864814758301e+02
7.409625637531280518e+02
7.410108993053436279e+02
7.410732386112213135e+02
7.411225225925445557e+02
7.411868598461151123e+02
7.412375802993774414e+02
7.412985169887542725e+02
7.413473308086395264e+02
7.414093976020812988e+02
7.414583892822265625e+02
7.415215787887573242e+02
7.415715155601501465e+02
7.416331865787506104e+02
7.416841659545898438e+02
7.417463326454162598e+02
7.417945182323455811e+02
7.418577473163604736e+02
7.419044885635375977e+02
7.419692068099975586e+02
7.420185930728912354e+02
7.420845427513122559e+02
7.421321032047271729e+02
7.421931462287902832e+02
7.422452204227447510e+02
7.423062279224395752e+02
7.423581390380859375e+02
7.424178528785705566e+02
7.424679284095764160e+02
7.425295436382293701e+02
7.425810072422027588e+02
7.426269381046295166e+02
7.426887457370758057e+02
7.427412948608398438e+02
7.428036322593688965e+02
7.428524274826049805e+02
7.429150800704956055e+02
7.429633803367614746e+02
7.430264117717742920e+02
7.430750646591186523e+02
7.431385850906372070e+02
7.431870453357696533e+02
7.432498140335083008e+02
7.433005709648132324e+02
7.433636786937713623e+02
7.434106297492980957e+02
7.434727394580841064e+02
7.435243492126464844e+02
7.435864171981811523e+02
7.436364469528198242e+02
7.436971242427825928e+02
7.437454817295074463e+02
7.438097414970397949e+02
7.438617494106292725e+02
7.439216048717498779e+02
7.439721384048461914e+02
7.440367674827575684e+02
7.440852012634277344e+02
7.441462922096252441e+02
7.441956334114074707e+02
7.442572195529937744e+02
7.443089468479156494e+02
7.443703022003173828e+02
7.444209721088409424e+02
7.444810826778411865e+02
7.445308651924133301e+02
7.445944702625274658e+02
7.446416897773742676e+02
7.447054097652435303e+02
7.447563631534576416e+02
7.448197755813598633e+02
7.448695864677429199e+02
7.449294326305389404e+02
7.449840672016143799e+02
7.450450124740600586e+02
7.450959599018096924e+02
7.451541173458099365e+02
7.452012906074523926e+02
7.452653517723083496e+02
7.453223214149475098e+02
7.453832957744598389e+02
7.454344480037689209e+02
7.454905881881713867e+02
7.455378038883209229e+02
7.456041700839996338e+02
7.456526107788085938e+02
7.457163815498352051e+02
7.457685256004333496e+02
7.458285930156707764e+02
7.458771951198577881e+02
7.459363110065460205e+02
7.459872250556945801e+02
7.460483791828155518e+02
7.461003808975219727e+02
7.461624000072479248e+02
7.462162060737609863e+02
7.462761766910552979e+02
7.463252584934234619e+02
7.463853123188018799e+02
7.464338190555572510e+02
7.464972803592681885e+02
7.465462746620178223e+02
7.466093113422393799e+02
7.466589450836181641e+02
7.467094485759735107e+02
7.467723612785339355e+02
7.468236358165740967e+02
7.468839972019195557e+02
7.469340064525604248e+02
7.469941766262054443e+02
7.470431463718414307e+02
7.471062834262847900e+02
7.471561527252197266e+02
7.472196829319000244e+02
7.472685904502868652e+02
7.473292846679687500e+02
7.473793354034423828e+02
7.474421999454498291e+02
7.474941389560699463e+02
7.475605447292327881e+02
7.476103410720825195e+02
7.476706278324127197e+02
7.477167022228240967e+02
7.477775673866271973e+02
7.478274688720703125e+02
7.478905503749847412e+02
7.479395341873168945e+02
7.480011446475982666e+02
7.480517325401306152e+02
7.481143529415130615e+02
7.481693732738494873e+02
7.482336738109588623e+02
7.482787353992462158e+02
7.483431601524353027e+02
7.484001622200012207e+02
7.484606938362121582e+02
7.485077617168426514e+02
7.485624892711639404e+02
7.486139330863952637e+02
7.486760628223419189e+02
7.487299041748046875e+02
7.487891182899475098e+02
7.488400368690490723e+02
7.488984351158142090e+02
7.489513797760009766e+02
7.490114898681640625e+02
7.490589239597320557e+02
7.491238105297088623e+02
7.491741340160369873e+02
7.492340235710144043e+02
7.492868466377258301e+02
7.493467853069305420e+02
7.493982155323028564e+02
7.494579131603240967e+02
7.495085084438323975e+02
7.495696291923522949e+02
7.496181826591491699e+02
7.496815011501312256e+02
7.497308268547058105e+02
7.497931070327758789e+02
7.498425321578979492e+02
7.499059898853302002e+02
7.499594774246215820e+02
7.500172142982482910e+02
7.500666277408599854e+02
7.501305050849914551e+02
7.501791470050811768e+02
7.502423827648162842e+02
7.502900760173797607e+02
7.503541915416717529e+02
7.504035544395446777e+02
7.504667344093322754e+02
7.505149793624877930e+02
7.505777931213378906e+02
7.506295986175537109e+02
7.506890616416931152e+02
7.507390122413635254e+02
7.507866361141204834e+02
7.508505785465240479e+02
7.508982338905334473e+02
7.509641041755676270e+02
7.510124802589416504e+02
7.510752153396606445e+02
7.511239931583404541e+02
7.511852550506591797e+02
7.512364878654479980e+02
7.512980999946594238e+02
7.513474392890930176e+02
7.514092881679534912e+02
7.514601056575775146e+02
7.515222957134246826e+02
7.515745952129364014e+02
7.516347417831420898e+02
7.516836013793945312e+02
7.517484059333801270e+02
7.517973580360412598e+02
7.518580451011657715e+02
7.519712023735046387e+02
7.520190939903259277e+02
7.520822274684906006e+02
7.521322875022888184e+02
7.521946499347686768e+02
7.522423453330993652e+02
7.523073434829711914e+02
7.523550398349761963e+02
7.524164624214172363e+02
7.525302350521087646e+02
7.525808169841766357e+02
7.526424472332000732e+02
7.526963298320770264e+02
7.527560722827911377e+02
7.528047552108764648e+02
7.528672034740447998e+02
7.529148995876312256e+02
7.529802007675170898e+02
7.530274879932403564e+02
7.530907149314880371e+02
7.531414539813995361e+02
7.532022330760955811e+02
7.532513537406921387e+02
7.533128523826599121e+02
7.533643927574157715e+02
7.534269793033599854e+02
7.534749259948730469e+02
7.535365517139434814e+02
7.535865590572357178e+02
7.536529626846313477e+02
7.537004461288452148e+02
7.537607967853546143e+02
7.538119843006134033e+02
7.538729963302612305e+02
7.539227943420410156e+02
7.539869918823242188e+02
7.540356173515319824e+02
7.540965857505798340e+02
7.541464650630950928e+02
7.542118780612945557e+02
7.542583992481231689e+02
7.543227403163909912e+02
7.543729636669158936e+02
7.544329619407653809e+02
7.544839501380920410e+02
7.545456283092498779e+02
7.545946214199066162e+02
7.546563949584960938e+02
7.547097446918487549e+02
7.547705991268157959e+02
7.548214929103851318e+02
7.548682508468627930e+02
7.549292678833007812e+02
7.549809010028839111e+02
7.550427217483520508e+02
7.550917928218841553e+02
7.551541907787322998e+02
7.552042181491851807e+02
7.552667822837829590e+02
7.553146302700042725e+02
7.553780069351196289e+02
7.554273228645324707e+02
7.554925434589385986e+02
7.555415766239166260e+02
7.556016018390655518e+02
7.556512074470520020e+02
7.557118930816650391e+02
7.557632155418395996e+02
7.558264029026031494e+02
7.558762595653533936e+02
7.559365975856781006e+02
7.559888741970062256e+02
7.560513386726379395e+02
7.561022412776947021e+02
7.561645267009735107e+02
7.562111685276031494e+02
7.562746915817260742e+02
7.563253140449523926e+02
7.563880350589752197e+02
7.564364445209503174e+02
7.564990732669830322e+02
7.565485556125640869e+02
7.566097965240478516e+02
7.566596300601959229e+02
7.567262749671936035e+02
7.567713778018951416e+02
7.568347163200378418e+02
7.568826401233673096e+02
7.569466202259063721e+02
7.569939444065093994e+02
7.570600166320800781e+02
7.571091444492340088e+02
7.571692945957183838e+02
7.572209656238555908e+02
7.572815217971801758e+02
7.573336229324340820e+02
7.573943169116973877e+02
7.574434323310852051e+02
7.575053861141204834e+02
7.575579094886779785e+02
7.576172280311584473e+02
7.576670329570770264e+02
7.577304637432098389e+02
7.577815265655517578e+02
7.578423686027526855e+02
7.578979775905609131e+02
7.579550793170928955e+02
7.580042886734008789e+02
7.580641980171203613e+02
7.581159753799438477e+02
7.581783468723297119e+02
7.582245891094207764e+02
7.582887666225433350e+02
7.583441061973571777e+02
7.584061427116394043e+02
7.584528317451477051e+02
7.585153713226318359e+02
7.585628855228424072e+02
7.586254954338073730e+02
7.586745796203613281e+02
7.587367312908172607e+02
7.587881171703338623e+02
7.588499126434326172e+02
7.588978478908538818e+02
7.589632108211517334e+02
7.590123789310455322e+02
7.590600066184997559e+02
7.591217081546783447e+02
7.591712408065795898e+02
7.592349710464477539e+02
7.592849867343902588e+02
7.593447082042694092e+02
7.593951375484466553e+02
7.594590795040130615e+02
7.595081269741058350e+02
7.595695383548736572e+02
7.596190884113311768e+02
7.596813538074493408e+02
7.597342021465301514e+02
7.597933480739593506e+02
7.598444216251373291e+02
7.599050083160400391e+02
7.599574604034423828e+02
7.600213491916656494e+02
7.600680744647979736e+02
7.601324598789215088e+02
7.601811981201171875e+02
7.602403383255004883e+02
7.602945728302001953e+02
7.603542284965515137e+02
7.604028520584106445e+02
7.604668455123901367e+02
7.605143296718597412e+02
7.605776154994964600e+02
7.606249902248382568e+02
7.607404589653015137e+02
7.608018820285797119e+02
7.608536813259124756e+02
7.609137926101684570e+02
7.609632954597473145e+02
7.610251538753509521e+02
7.610745549201965332e+02
7.611382226943969727e+02
7.611870808601379395e+02
7.612493813037872314e+02
7.613017952442169189e+02
7.613606779575347900e+02
7.614097657203674316e+02
7.614742283821105957e+02
7.615228087902069092e+02
7.615848202705383301e+02
7.616351997852325439e+02
7.616974737644195557e+02
7.617478754520416260e+02
7.618101069927215576e+02
7.618598046302795410e+02
7.619210519790649414e+02
7.619698379039764404e+02
7.620340988636016846e+02
7.620843038558959961e+02
7.621465716361999512e+02
7.621960093975067139e+02
7.622568325996398926e+02
7.623077621459960938e+02
7.623687422275543213e+02
7.624180948734283447e+02
7.624821906089782715e+02
7.625339016914367676e+02
7.625937693119049072e+02
7.626429975032806396e+02
7.627075223922729492e+02
7.627569062709808350e+02
7.628164339065551758e+02
7.628679437637329102e+02
7.629291625022888184e+02
7.629799501895904541e+02
7.630426404476165771e+02
7.630968463420867920e+02
7.631408474445343018e+02
7.632027142047882080e+02
7.632514135837554932e+02
7.633146090507507324e+02
7.633665428161621094e+02
7.634320564270019531e+02
7.634749028682708740e+02
7.635389006137847900e+02
7.635890719890594482e+02
7.636495516300201416e+02
7.636993572711944580e+02
7.637631924152374268e+02
7.638119661808013916e+02
7.638726170063018799e+02
7.639215855598449707e+02
7.639894592761993408e+02
7.640354297161102295e+02
7.640997219085693359e+02
7.641475863456726074e+02
7.642180504798889160e+02
7.642677121162414551e+02
7.643219170570373535e+02
7.643711738586425781e+02
7.644342081546783447e+02
7.644821317195892334e+02
7.645465941429138184e+02
7.645968654155731201e+02
7.646587493419647217e+02
7.647076892852783203e+02
7.647701847553253174e+02
7.648206493854522705e+02
7.648812589645385742e+02
7.649329402446746826e+02
7.649942846298217773e+02
7.650436606407165527e+02
7.651060173511505127e+02
7.651548643112182617e+02
7.652180402278900146e+02
7.652731781005859375e+02
7.653331425189971924e+02
7.653861110210418701e+02
7.654464030265808105e+02
7.654999258518218994e+02
7.655594809055328369e+02
7.656087291240692139e+02
7.656703741550445557e+02
7.657198209762573242e+02
7.657799689769744873e+02
7.658317210674285889e+02
7.658940217494964600e+02
7.659456031322479248e+02
7.660044870376586914e+02
7.660514905452728271e+02
7.661148340702056885e+02
7.661642687320709229e+02
7.662262103557586670e+02
7.662749876976013184e+02
7.663392374515533447e+02
7.663906304836273193e+02
7.664508025646209717e+02
7.665039598941802979e+02
7.665622184276580811e+02
7.666128451824188232e+02
7.666739749908447266e+02
7.667227540016174316e+02
7.667871236801147461e+02
7.668331656455993652e+02
7.668981258869171143e+02
7.669485948085784912e+02
7.670095603466033936e+02
7.670608546733856201e+02
7.671219627857208252e+02
7.671729705333709717e+02
7.672226066589355469e+02
7.672835054397583008e+02
7.673940994739532471e+02
7.674425108432769775e+02
7.675061573982238770e+02
7.675571477413177490e+02
7.676175491809844971e+02
7.676669926643371582e+02
7.677301986217498779e+02
7.677804975509643555e+02
7.678415567874908447e+02
7.678905529975891113e+02
7.679536163806915283e+02
7.680029010772705078e+02
7.680652952194213867e+02
7.681160621643066406e+02
7.681771523952484131e+02
7.682289080619812012e+02
7.682904040813446045e+02
7.683395440578460693e+02
7.684062938690185547e+02
7.684541075229644775e+02
7.685139617919921875e+02
7.685631489753723145e+02
7.686253294944763184e+02
7.686743175983428955e+02
7.687367575168609619e+02
7.687882423400878906e+02
7.688495347499847412e+02
7.689004695415496826e+02
7.689610559940338135e+02
7.690121555328369141e+02
7.690721814632415771e+02
7.691242730617523193e+02
7.691863265037536621e+02
7.692352788448333740e+02
7.692983174324035645e+02
7.693485307693481445e+02
7.694098203182220459e+02
7.694605076313018799e+02
7.695229735374450684e+02
7.695691900253295898e+02
7.696329073905944824e+02
7.696844184398651123e+02
7.697464530467987061e+02
7.697948758602142334e+02
7.698576097488403320e+02
7.699063525199890137e+02
7.699693679809570312e+02
7.700187137126922607e+02
7.700838987827301025e+02
7.701326298713684082e+02
7.701951692104339600e+02
7.702443008422851562e+02
7.703072369098663330e+02
7.703548183441162109e+02
7.704175994396209717e+02
7.704678618907928467e+02
7.705300960540771484e+02
7.705796463489532471e+02
7.706417095661163330e+02
7.706914730072021484e+02
7.707527844905853271e+02
7.708032984733581543e+02
7.708670277595520020e+02
7.709153399467468262e+02
7.709782536029815674e+02
7.710268208980560303e+02
7.710896599292755127e+02
7.711393504142761230e+02
7.712033233642578125e+02
7.712503595352172852e+02
7.713004789352416992e+02
7.713629136085510254e+02
7.714116899967193604e+02
7.714752984046936035e+02
7.715261020660400391e+02
7.715868363380432129e+02
7.716349940299987793e+02
7.716982457637786865e+02
7.717481334209442139e+02
7.718102734088897705e+02
7.718617129325866699e+02
7.719231655597686768e+02
7.719724802970886230e+02
7.720347793102264404e+02
7.720849473476409912e+02
7.721448671817779541e+02
7.721945283412933350e+02
7.722578914165496826e+02
7.723088805675506592e+02
7.723698496818542480e+02
7.724190990924835205e+02
7.724821312427520752e+02
7.725307278633117676e+02
7.725949037075042725e+02
7.726447026729583740e+02
7.727052257061004639e+02
7.728200147151947021e+02
7.728689575195312500e+02
7.729288113117218018e+02
7.729800624847412109e+02
7.730409374237060547e+02
7.730907161235809326e+02
7.731540277004241943e+02
7.732040987014770508e+02
7.732726173400878906e+02
7.733213574886322021e+02
7.733822076320648193e+02
7.734364621639251709e+02
7.734975907802581787e+02
7.735445106029510498e+02
7.736053199768066406e+02
7.736552536487579346e+02
7.737148332595825195e+02
7.737682323455810547e+02
7.738291351795196533e+02
7.738786711692810059e+02
7.739401619434356689e+02
7.739946227073669434e+02
7.740511817932128906e+02
7.741019332408905029e+02
7.741605024337768555e+02
7.742115302085876465e+02
7.742749702930450439e+02
7.743247814178466797e+02
7.743843724727630615e+02
7.744337706565856934e+02
7.744969739913940430e+02
7.745464549064636230e+02
7.746093623638153076e+02
7.746600735187530518e+02
7.747214856147766113e+02
7.747717616558074951e+02
7.748344271183013916e+02
7.748833661079406738e+02
7.749477312564849854e+02
7.749973204135894775e+02
7.750575220584869385e+02
7.751081817150115967e+02
7.751700513362884521e+02
7.752190334796905518e+02
7.752812547683715820e+02
7.753296077251434326e+02
7.753931713104248047e+02
7.754426562786102295e+02
7.754910631179809570e+02
7.755563099384307861e+02
7.756032972335815430e+02
7.756653907299041748e+02
7.757145605087280273e+02
7.757775611877441406e+02
7.758278536796569824e+02
7.758909943103790283e+02
7.759404783248901367e+02
7.760493645668029785e+02
7.761139426231384277e+02
7.761634407043457031e+02
7.762262425422668457e+02
7.762739114761352539e+02
7.763380062580108643e+02
7.763882346153259277e+02
7.764495365619659424e+02
7.764980146884918213e+02
7.765642538070678711e+02
7.766112878322601318e+02
7.766731727123260498e+02
7.767222139835357666e+02
7.767861618995666504e+02
7.768365957736968994e+02
7.768985140323638916e+02
7.769467940330505371e+02
7.770089421272277832e+02
7.770608842372894287e+02
7.771243178844451904e+02
7.771713454723358154e+02
7.772341012954711914e+02
7.772837493419647217e+02
7.773449664115905762e+02
7.773952362537384033e+02
7.774572980403900146e+02
7.775066683292388916e+02
7.775717763900756836e+02
7.776215469837188721e+02
7.776848051548004150e+02
7.777324025630950928e+02
7.777933666706085205e+02
7.778433082103729248e+02
7.779083673954010010e+02
7.779573829174041748e+02
7.780179767608642578e+02
7.780670156478881836e+02
7.781295986175537109e+02
7.782414553165435791e+02
7.782918326854705811e+02
7.783540737628936768e+02
7.784051148891448975e+02
7.784648330211639404e+02
7.785166044235229492e+02
7.785768754482269287e+02
7.786264410018920898e+02
7.786915197372436523e+02
7.787449073791503906e+02
7.788036510944366455e+02
7.788519012928009033e+02
7.789155151844024658e+02
7.789623265266418457e+02
7.790269093513488770e+02
7.790761964321136475e+02
7.791378195285797119e+02
7.791865363121032715e+02
7.792495465278625488e+02
7.793006398677825928e+02
7.793632724285125732e+02
7.794110286235809326e+02
7.794751691818237305e+02
7.795253059864044189e+02
7.795719633102416992e+02
7.796339378356933594e+02
7.796847989559173584e+02
7.797460007667541504e+02
7.797945582866668701e+02
7.798584887981414795e+02
7.799103651046752930e+02
7.799707031250000000e+02
7.800183539390563965e+02
7.800804111957550049e+02
7.801322832107543945e+02
7.801944205760955811e+02
7.802435073852539062e+02
7.803054058551788330e+02
7.803577275276184082e+02
7.804172930717468262e+02
7.804687604904174805e+02
7.805330767631530762e+02
7.805814836025238037e+02
7.806423575878143311e+02
7.806933038234710693e+02
7.807542076110839844e+02
7.808038496971130371e+02
7.808647670745849609e+02
7.809154453277587891e+02
7.809782011508941650e+02
7.810271716117858887e+02
7.810901815891265869e+02
7.811387329101562500e+02
7.812048931121826172e+02
7.812517468929290771e+02
7.813145358562469482e+02
7.813641834259033203e+02
7.814245109558105469e+02
7.814785900115966797e+02
7.815383648872375488e+02
7.815886015892028809e+02
7.816506657600402832e+02
7.817004730701446533e+02
7.817623074054718018e+02
7.818123800754547119e+02
7.818747403621673584e+02
7.819248485565185547e+02
7.819853620529174805e+02
7.820349612236022949e+02
7.820976619720458984e+02
7.821460716724395752e+02
7.822092790603637695e+02
7.822606341838836670e+02
7.823234455585479736e+02
7.823727877140045166e+02
7.824327621459960938e+02
7.824826998710632324e+02
7.825463876724243164e+02
7.825946862697601318e+02
7.828813087940216064e+02
7.829336967468261719e+02
7.829950442314147949e+02
7.830435781478881836e+02
7.831053130626678467e+02
7.831562173366546631e+02
7.832192635536193848e+02
7.832689595222473145e+02
7.833293683528900146e+02
7.833807263374328613e+02
7.834424860477447510e+02
7.834915423393249512e+02
7.835531010627746582e+02
7.836031880378723145e+02
7.836564176082611084e+02
7.837134861946105957e+02
7.837627651691436768e+02
7.838276686668395996e+02
7.838835306167602539e+02
7.839409012794494629e+02
7.839879307746887207e+02
7.840504412651062012e+02
7.841026062965393066e+02
7.841703212261199951e+02
7.842212851047515869e+02
7.842742042541503906e+02
7.843252124786376953e+02
7.843843402862548828e+02
7.844346950054168701e+02
7.844976768493652344e+02
7.845479915142059326e+02
7.846091973781585693e+02
7.846598658561706543e+02
7.847215890884399414e+02
7.847715098857879639e+02
7.848328244686126709e+02
7.848835103511810303e+02
7.849466695785522461e+02
7.849947981834411621e+02
7.850608017444610596e+02
7.851094501018524170e+02
7.851687059402465820e+02
7.852203083038330078e+02
7.852836256027221680e+02
7.853317732810974121e+02
7.853932514190673828e+02
7.854416460990905762e+02
7.855096230506896973e+02
7.855561666488647461e+02
7.856181344985961914e+02
7.856660387516021729e+02
7.857306516170501709e+02
7.857805714607238770e+02
7.858428299427032471e+02
7.858933043479919434e+02
7.859546804428100586e+02
7.860029022693634033e+02
7.860663154125213623e+02
7.861147522926330566e+02
7.861780378818511963e+02
7.862264106273651123e+02
7.862895920276641846e+02
7.863402881622314453e+02
7.864510393142700195e+02
7.865139470100402832e+02
7.865631766319274902e+02
7.866262917518615723e+02
7.866771845817565918e+02
7.867372784614562988e+02
7.867862577438354492e+02
7.868494496345520020e+02
7.868979187011718750e+02
7.869609961509704590e+02
7.870105309486389160e+02
7.870751368999481201e+02
7.871237480640411377e+02
7.871849262714385986e+02
7.872367136478424072e+02
7.873005111217498779e+02
7.873463277816772461e+02
7.874089336395263672e+02
7.874610066413879395e+02
7.875228042602539062e+02
7.875700788497924805e+02
7.876329698562622070e+02
7.876837153434753418e+02
7.877323029041290283e+02
7.877950286865234375e+02
7.878439478874206543e+02
7.879040980339050293e+02
7.879552571773529053e+02
7.880227191448211670e+02
7.880666251182556152e+02
7.881300740242004395e+02
7.881795847415924072e+02
7.882432560920715332e+02
7.882933096885681152e+02
7.883541891574859619e+02
7.884050848484039307e+02
7.884648737907409668e+02
7.885165214538574219e+02
7.885811543464660645e+02
7.886344759464263916e+02
7.886965882778167725e+02
7.887413330078125000e+02
7.888025529384613037e+02
7.888510444164276123e+02
7.889132020473480225e+02
7.889645578861236572e+02
7.890267140865325928e+02
7.890815179347991943e+02
7.891375539302825928e+02
7.891875340938568115e+02
7.892513172626495361e+02
7.893032999038696289e+02
7.893648867607116699e+02
7.894190084934234619e+02
7.894776446819305420e+02
7.895310180187225342e+02
7.895893921852111816e+02
7.896398777961730957e+02
7.897016546726226807e+02
7.897514290809631348e+02
7.898110897541046143e+02
7.898638675212860107e+02
7.899232368469238281e+02
7.899754996299743652e+02
7.900327873229980469e+02
7.900827252864837646e+02
7.901452701091766357e+02
7.901950297355651855e+02
7.902566378116607666e+02
7.903084876537322998e+02
7.903698725700378418e+02
7.904183335304260254e+02
7.904813671112060547e+02
7.905317089557647705e+02
7.905952098369598389e+02
7.906442778110504150e+02
7.907063903808593750e+02
7.907561101913452148e+02
7.908189206123352051e+02
7.908663232326507568e+02
7.909302809238433838e+02
7.909818170070648193e+02
7.910416750907897949e+02
7.910910155773162842e+02
7.911524891853332520e+02
7.912066106796264648e+02
7.912663948535919189e+02
7.913150846958160400e+02
7.913791885375976562e+02
7.914262046813964844e+02
7.914906964302062988e+02
7.915400748252868652e+02
7.916029183864593506e+02
7.916524186134338379e+02
7.917142677307128906e+02
7.917661559581756592e+02
7.918268115520477295e+02
7.918767328262329102e+02
7.919243254661560059e+02
7.919860265254974365e+02
7.920384538173675537e+02
7.921000585556030273e+02
7.921484045982360840e+02
7.922092421054840088e+02
7.922613317966461182e+02
7.923290483951568604e+02
7.923762762546539307e+02
7.924330196380615234e+02
7.924839341640472412e+02
7.925455586910247803e+02
7.925963096618652344e+02
7.926596407890319824e+02
7.927087686061859131e+02
7.927691373825073242e+02
7.928191964626312256e+02
7.928818445205688477e+02
7.929331872463226318e+02
7.929941940307617188e+02
7.930439133644104004e+02
7.931061320304870605e+02
7.931546399593353271e+02
7.932187607288360596e+02
7.932663333415985107e+02
7.933312544822692871e+02
7.933830525875091553e+02
7.934409294128417969e+02
7.934915978908538818e+02
7.935542840957641602e+02
7.936049141883850098e+02
7.936687490940093994e+02
7.937172749042510986e+02
7.937785263061523438e+02
7.938280787467956543e+02
7.938902778625488281e+02
7.939403030872344971e+02
7.940020885467529297e+02
7.940521988868713379e+02
7.941146936416625977e+02
7.941662817001342773e+02
7.942264361381530762e+02
7.942804601192474365e+02
7.943377740383148193e+02
7.943893454074859619e+02
7.944503161907196045e+02
7.945018761157989502e+02
7.945612440109252930e+02
7.946102175712585449e+02
7.946729831695556641e+02
7.947231652736663818e+02
7.947854559421539307e+02
7.948348870277404785e+02
7.948975744247436523e+02
7.949462652206420898e+02
7.950098626613616943e+02
7.950597515106201172e+02
7.951238014698028564e+02
7.951715106964111328e+02
7.952824554443359375e+02
7.953445754051208496e+02
7.953935322761535645e+02
7.954591219425201416e+02
7.955079040527343750e+02
7.955688581466674805e+02
7.956176388263702393e+02
7.956834995746612549e+02
7.957332022190093994e+02
7.957949371337890625e+02
7.958440837860107422e+02
7.959040019512176514e+02
7.959559993743896484e+02
7.960030469894409180e+02
7.960651922225952148e+02
7.961181159019470215e+02
7.961783003807067871e+02
7.962287826538085938e+02
7.962908465862274170e+02
7.963379023075103760e+02
7.964021778106689453e+02
7.964513761997222900e+02
7.965145995616912842e+02
7.965640437602996826e+02
7.966262264251708984e+02
7.966761350631713867e+02
7.967387840747833252e+02
7.967851440906524658e+02
7.968500103950500488e+02
7.968975954055786133e+02
7.969622511863708496e+02
7.970109150409698486e+02
7.970740637779235840e+02
7.971236526966094971e+02
7.971878468990325928e+02
7.972353422641754150e+02
7.972983348369598389e+02
7.973486132621765137e+02
7.974089624881744385e+02
7.974586739540100098e+02
7.975216920375823975e+02
7.975699543952941895e+02
7.976334860324859619e+02
7.976838529109954834e+02
7.977467107772827148e+02
7.977950534820556641e+02
7.978598129749298096e+02
7.979070584774017334e+02
7.979689903259277344e+02
7.980177848339080811e+02
7.980813884735107422e+02
7.981325833797454834e+02
7.981953699588775635e+02
7.982431361675262451e+02
7.983063104152679443e+02
7.983548080921173096e+02
7.984193742275238037e+02
7.984651682376861572e+02
7.985292966365814209e+02
7.985809633731842041e+02
7.986414587497711182e+02
7.986940224170684814e+02
7.987541334629058838e+02
7.988047528266906738e+02
7.988644280433654785e+02
7.989165029525756836e+02
7.989811155796051025e+02
7.990262098312377930e+02
7.990885586738586426e+02
7.991390354633331299e+02
7.992010197639465332e+02
7.992496578693389893e+02
7.993147852420806885e+02
7.993630692958831787e+02
7.994295566082000732e+02
7.994850118160247803e+02
7.995408840179443359e+02
7.995872719287872314e+02
7.996500277519226074e+02
7.997012195587158203e+02
7.997636709213256836e+02
7.998166508674621582e+02
7.998745968341827393e+02
7.999260580539703369e+02
7.999894785881042480e+02
8.000443468093872070e+02
8.000847470760345459e+02
8.001444938182830811e+02
8.001939206123352051e+02
8.002598135471343994e+02
8.003081924915313721e+02
8.003713819980621338e+02
8.004215400218963623e+02
8.004835460186004639e+02
8.005327746868133545e+02
8.005973064899444580e+02
8.006435165405273438e+02
8.007053527832031250e+02
8.007552483081817627e+02
8.008184540271759033e+02
8.008651549816131592e+02
8.009308466911315918e+02
8.009808380603790283e+02
8.010425262451171875e+02
8.010937988758087158e+02
8.011547777652740479e+02
8.012041726112365723e+02
8.012669491767883301e+02
8.013142380714416504e+02
8.013782691955566406e+02
8.014285264015197754e+02
8.014898433685302734e+02
8.015394766330718994e+02
8.016013913154602051e+02
8.016531009674072266e+02
8.017134666442871094e+02
8.017611100673675537e+02
8.018284513950347900e+02
8.018749485015869141e+02
8.019369661808013916e+02
8.019865503311157227e+02
8.020492939949035645e+02
8.021005628108978271e+02
8.021619067192077637e+02
8.022110512256622314e+02
8.022744078636169434e+02
8.023267030715942383e+02
8.023866102695465088e+02
8.024368295669555664e+02
8.024984610080718994e+02
8.025462825298309326e+02
8.026093320846557617e+02
8.026601486206054688e+02
8.027216131687164307e+02
8.027696578502655029e+02
8.028341820240020752e+02
8.028833892345428467e+02
8.029448616504669189e+02
8.029940745830535889e+02
8.030593051910400391e+02
8.031070256233215332e+02
8.031698050498962402e+02
8.032199292182922363e+02
8.032865798473358154e+02
8.033317422866821289e+02
8.033927087783813477e+02
8.034425780773162842e+02
8.035069224834442139e+02
8.035551021099090576e+02
8.036189858913421631e+02
8.036671838760375977e+02
8.037288899421691895e+02
8.037804613113403320e+02
8.038410840034484863e+02
8.038910434246063232e+02
8.039531919956207275e+02
8.040039212703704834e+02
8.040654423236846924e+02
8.041162657737731934e+02
8.041654324531555176e+02
8.042261312007904053e+02
8.042750773429870605e+02
8.043363144397735596e+02
8.043877837657928467e+02
8.044502437114715576e+02
8.045015909671783447e+02
8.045625188350677490e+02
8.046111192703247070e+02
8.046735408306121826e+02
8.047244114875793457e+02
8.047866303920745850e+02
8.048340945243835449e+02
8.048968586921691895e+02
8.049469931125640869e+02
8.050126500129699707e+02
8.050622930526733398e+02
8.051246829032897949e+02
8.051729485988616943e+02
8.052330024242401123e+02
8.052842645645141602e+02
8.053453707695007324e+02
8.053938238620758057e+02
8.054589421749114990e+02
8.055102748870849609e+02
8.055743887424468994e+02
8.056235933303833008e+02
8.056829886436462402e+02
8.057334997653961182e+02
8.057954185009002686e+02
8.058488295078277588e+02
8.059049339294433594e+02
8.059588043689727783e+02
8.060181925296783447e+02
8.060677871704101562e+02
8.061307635307312012e+02
8.061807847023010254e+02
8.062441954612731934e+02
8.062954587936401367e+02
8.063564450740814209e+02
8.064053788185119629e+02
8.064653010368347168e+02
8.065148968696594238e+02
8.065777795314788818e+02
8.066285042762756348e+02
8.066896731853485107e+02
8.067398438453674316e+02
8.068029317855834961e+02
8.068530476093292236e+02
8.069134757518768311e+02
8.069629871845245361e+02
8.070252017974853516e+02
8.070763077735900879e+02
8.071385462284088135e+02
8.071896710395812988e+02
8.072522602081298828e+02
8.073004970550537109e+02
8.073622086048126221e+02
8.074120082855224609e+02
8.074730603694915771e+02
8.075213556289672852e+02
8.075860855579376221e+02
8.076376471519470215e+02
8.076991367340087891e+02
8.077490170001983643e+02
8.078094451427459717e+02
8.078611125946044922e+02
8.079222872257232666e+02
8.079722721576690674e+02
8.080332598686218262e+02
8.080826578140258789e+02
8.081469261646270752e+02
8.081950416564941406e+02
8.082576627731323242e+02
8.083094737529754639e+02
8.084183583259582520e+02
8.084663090705871582e+02
8.085323543548583984e+02
8.085810253620147705e+02
8.086412608623504639e+02
8.086974539756774902e+02
8.087561018466949463e+02
8.088036406040191650e+02
8.088661966323852539e+02
8.089168617725372314e+02
8.089784395694732666e+02
8.090290625095367432e+02
8.090888855457305908e+02
8.091389281749725342e+02
8.092013330459594727e+02
8.092520470619201660e+02
8.093138332366943359e+02
8.093635087013244629e+02
8.094253258705139160e+02
8.094763646125793457e+02
8.095366604328155518e+02
8.095875384807586670e+02
8.096525011062622070e+02
8.096994721889495850e+02
8.097623031139373779e+02
8.098109266757965088e+02
8.098743476867675781e+02
8.099269492626190186e+02
8.099861016273498535e+02
8.100381789207458496e+02
8.100996980667114258e+02
8.101480560302734375e+02
8.102081885337829590e+02
8.102594890594482422e+02
8.103241169452667236e+02
8.103709700107574463e+02
8.104333941936492920e+02
8.104832541942596436e+02
8.105467762947082520e+02
8.105968494415283203e+02
8.106608867645263672e+02
8.107094783782958984e+02
8.107690341472625732e+02
8.108186330795288086e+02
8.108881068229675293e+02
8.109354166984558105e+02
8.109944460391998291e+02
8.110431258678436279e+02
8.111052408218383789e+02
8.111578061580657959e+02
8.112205827236175537e+02
8.112733092308044434e+02
8.113335640430450439e+02
8.113801271915435791e+02
8.114426062107086182e+02
8.114899883270263672e+02
8.115533957481384277e+02
8.116069228649139404e+02
8.116720197200775146e+02
8.117228889465332031e+02
8.117823116779327393e+02
8.118325283527374268e+02
8.118992586135864258e+02
8.119415526390075684e+02
8.120024473667144775e+02
8.120505146980285645e+02
8.121177897453308105e+02
8.121694715023040771e+02
8.122292141914367676e+02
8.122776577472686768e+02
8.123406078815460205e+02
8.123890671730041504e+02
8.124362902641296387e+02
8.124999501705169678e+02
8.125510289669036865e+02
8.126094572544097900e+02
8.126594815254211426e+02
8.127219190597534180e+02
8.127746222019195557e+02
8.128379175662994385e+02
8.128869049549102783e+02
8.129467306137084961e+02
8.129974017143249512e+02
8.130587973594665527e+02
8.131075625419616699e+02
8.131702406406402588e+02
8.132204358577728271e+02
8.132815186977386475e+02
8.133318278789520264e+02
8.133947591781616211e+02
8.134444158077239990e+02
8.135091593265533447e+02
8.135611801147460938e+02
8.136215791702270508e+02
8.136665639877319336e+02
8.137291409969329834e+02
8.137802658081054688e+02
8.138410418033599854e+02
8.138923113346099854e+02
8.139543375968933105e+02
8.140028882026672363e+02
8.140665652751922607e+02
8.141152980327606201e+02
8.141803185939788818e+02
8.142282345294952393e+02
8.142893972396850586e+02
8.143427085876464844e+02
8.144043557643890381e+02
8.144553830623626709e+02
8.145131423473358154e+02
8.145639963150024414e+02
8.146271374225616455e+02
8.146748888492584229e+02
8.147376773357391357e+02
8.147879524230957031e+02
8.148500294685363770e+02
8.149009041786193848e+02
8.149632289409637451e+02
8.150134384632110596e+02
8.150743701457977295e+02
8.151226246356964111e+02
8.151865293979644775e+02
8.152393152713775635e+02
8.153039431571960449e+02
8.153513581752777100e+02
8.154080376625061035e+02
8.154603054523468018e+02
8.155225148200988770e+02
8.155762033462524414e+02
8.156346621513366699e+02
8.156887114048004150e+02
8.157448382377624512e+02
8.157949411869049072e+02
8.158568646907806396e+02
8.159066071510314941e+02
8.159685385227203369e+02
8.160191998481750488e+02
8.160826914310455322e+02
8.161322143077850342e+02
8.161963813304901123e+02
8.162462446689605713e+02
8.163054649829864502e+02
8.163551828861236572e+02
8.164193747043609619e+02
8.164653482437133789e+02
8.165147635936737061e+02
8.165782005786895752e+02
8.166300852298736572e+02
8.166903691291809082e+02
8.167411966323852539e+02
8.168023266792297363e+02
8.168531453609466553e+02
8.169142172336578369e+02
8.169618053436279297e+02
8.170245089530944824e+02
8.170740303993225098e+02
8.171362838745117188e+02
8.171874253749847412e+02
8.172497637271881104e+02
8.172995483875274658e+02
8.173616387844085693e+02
8.174119486808776855e+02
8.174748289585113525e+02
8.175234084129333496e+02
8.175851922035217285e+02
8.176353535652160645e+02
8.176987044811248779e+02
8.177503039836883545e+02
8.178111503124237061e+02
8.178606350421905518e+02
8.179221148490905762e+02
8.179719178676605225e+02
8.180330657958984375e+02
8.180834310054779053e+02
8.181453354358673096e+02
8.181953558921813965e+02
8.182572045326232910e+02
8.183082180023193359e+02
8.183699352741241455e+02
8.184198396205902100e+02
8.184810678958892822e+02
8.185322501659393311e+02
8.185937676429748535e+02
8.186427915096282959e+02
8.187107717990875244e+02
8.187582936286926270e+02
8.188177146911621094e+02
8.188666019439697266e+02
8.189303226470947266e+02
8.189814541339874268e+02
8.190407342910766602e+02
8.190900371074676514e+02
8.191533288955688477e+02
8.192036294937133789e+02
8.192664856910705566e+02
8.193152306079864502e+02
8.193788108825683594e+02
8.194282221794128418e+02
8.194900915622711182e+02
8.195387251377105713e+02
8.196042997837066650e+02
8.196519808769226074e+02
8.197139742374420166e+02
8.197662918567657471e+02
8.198261816501617432e+02
8.198777017593383789e+02
8.199384107589721680e+02
8.199869668483734131e+02
8.200493817329406738e+02
8.201011116504669189e+02
8.201615417003631592e+02
8.202114291191101074e+02
8.202763547897338867e+02
8.203236002922058105e+02
8.203871452808380127e+02
8.204346113204956055e+02
8.204969983100891113e+02
8.205467576980590820e+02
8.205969555377960205e+02
8.206565494537353516e+02
8.207074120044708252e+02
8.207711648941040039e+02
8.208207292556762695e+02
8.208805973529815674e+02
8.209337463378906250e+02
8.209946711063385010e+02
8.210419936180114746e+02
8.211044497489929199e+02
8.211568355560302734e+02
8.212186763286590576e+02
8.212665712833404541e+02
8.213315384387969971e+02
8.213801834583282471e+02
8.214402859210968018e+02
8.214934232234954834e+02
8.215561788082122803e+02
8.216049842834472656e+02
8.216648898124694824e+02
8.217148430347442627e+02
8.217795531749725342e+02
8.218309800624847412e+02
8.219014682769775391e+02
8.219512722492218018e+02
8.220110323429107666e+02
8.220532250404357910e+02
8.221140673160552979e+02
8.221625134944915771e+02
8.222261559963226318e+02
8.222762804031372070e+02
8.223383200168609619e+02
8.223860948085784912e+02
8.224506633281707764e+02
8.225001595020294189e+02
8.225621087551116943e+02
8.226148271560668945e+02
8.226741433143615723e+02
8.227234339714050293e+02
8.227892653942108154e+02
8.228365166187286377e+02
8.228984537124633789e+02
8.229473748207092285e+02
8.230085744857788086e+02
8.230592932701110840e+02
8.231210241317749023e+02
8.231708114147186279e+02
8.232341899871826172e+02
8.232841334342956543e+02
8.233461775779724121e+02
8.233932695388793945e+02
8.234568161964416504e+02
8.235085637569427490e+02
8.235699448585510254e+02
8.236181294918060303e+02
8.236811077594757080e+02
8.237350082397460938e+02
8.237947123050689697e+02
8.238455212116241455e+02
8.239075779914855957e+02
8.239552483558654785e+02
8.240169053077697754e+02
8.240649914741516113e+02
8.241295866966247559e+02
8.241800351142883301e+02
8.242422022819519043e+02
8.242906088829040527e+02
8.244018507003784180e+02
8.244653208255767822e+02
8.245137665271759033e+02
8.245775990486145020e+02
8.246273643970489502e+02
8.246904296875000000e+02
8.247416214942932129e+02
8.247884924411773682e+02
8.248499169349670410e+02
8.249000194072723389e+02
8.249624507427215576e+02
8.250113229751586914e+02
8.250732693672180176e+02
8.251253046989440918e+02
8.251854319572448730e+02
8.252339613437652588e+02
8.252971100807189941e+02
8.253470952510833740e+02
8.254090635776519775e+02
8.254616951942443848e+02
8.255213906764984131e+02
8.255704970359802246e+02
8.256329557895660400e+02
8.256835007667541504e+02
8.257473206520080566e+02
8.257951109409332275e+02
8.258570513725280762e+02
8.259080274105072021e+02
8.259693441390991211e+02
8.260183382034301758e+02
8.260813810825347900e+02
8.261318783760070801e+02
8.261964557170867920e+02
8.262445375919342041e+02
8.263089761734008789e+02
8.263579866886138916e+02
8.264198718070983887e+02
8.264686264991760254e+02
8.265294761657714844e+02
8.265849030017852783e+02
8.266415774822235107e+02
8.266969428062438965e+02
8.267581374645233154e+02
8.268039982318878174e+02
8.268642039299011230e+02
8.269148707389831543e+02
8.269792778491973877e+02
8.270287270545959473e+02
8.270890221595764160e+02
8.271388485431671143e+02
8.272012727260589600e+02
8.272514281272888184e+02
8.273136987686157227e+02
8.273679647445678711e+02
8.274295072555541992e+02
8.274749867916107178e+02
8.275383028984069824e+02
8.275881710052490234e+02
8.276504302024841309e+02
8.277012865543365479e+02
8.277632086277008057e+02
8.278135519027709961e+02
8.278733854293823242e+02
8.279235596656799316e+02
8.279875915050506592e+02
8.280353555679321289e+02
8.280993061065673828e+02
8.281504564285278320e+02
8.282098917961120605e+02
8.282592589855194092e+02
8.283210473060607910e+02
8.283698399066925049e+02
8.284347431659698486e+02
8.284826896190643311e+02
8.285463628768920898e+02
8.285950632095336914e+02
8.286580116748809814e+02
8.287081332206726074e+02
8.287701754570007324e+02
8.288177473545074463e+02
8.288680503368377686e+02
8.289284219741821289e+02
8.289801161289215088e+02
8.290422456264495850e+02
8.290896544456481934e+02
8.291533062458038330e+02
8.292015409469604492e+02
8.292646605968475342e+02
8.293168847560882568e+02
8.293777229785919189e+02
8.294278626441955566e+02
8.294894661903381348e+02
8.295382866859436035e+02
8.296018540859222412e+02
8.296524450778961182e+02
8.297144942283630371e+02
8.297639400959014893e+02
8.298268029689788818e+02
8.298748557567596436e+02
8.299390966892242432e+02
8.299869470596313477e+02
8.300494365692138672e+02
8.300992836952209473e+02
8.301621801853179932e+02
8.302110834121704102e+02
8.302741174697875977e+02
8.303228938579559326e+02
8.303842916488647461e+02
8.304345507621765137e+02
8.304983882904052734e+02
8.305471158027648926e+02
8.306104047298431396e+02
8.306594679355621338e+02
8.307215487957000732e+02
8.307689960002899170e+02
8.308337354660034180e+02
8.308860971927642822e+02
8.309454579353332520e+02
8.309947030544281006e+02
8.310584216117858887e+02
8.311086492538452148e+02
8.311703672409057617e+02
8.312196741104125977e+02
8.312828495502471924e+02
8.313374779224395752e+02
8.313941147327423096e+02
8.314470736980438232e+02
8.315052409172058105e+02
8.315541422367095947e+02
8.316226303577423096e+02
8.316683223247528076e+02
8.317293691635131836e+02
8.317814397811889648e+02
8.318421375751495361e+02
8.318912889957427979e+02
8.319531548023223877e+02
8.320051095485687256e+02
8.320666749477386475e+02
8.321168565750122070e+02
8.321777131557464600e+02
8.322268974781036377e+02
8.322901034355163574e+02
8.323421185016632080e+02
8.324010496139526367e+02
8.324533443450927734e+02
8.325130901336669922e+02
8.325621242523193359e+02
8.326245498657226562e+02
8.326770939826965332e+02
8.327397136688232422e+02
8.327895531654357910e+02
8.328545601367950439e+02
8.329016416072845459e+02
8.329542362689971924e+02
8.330161962509155273e+02
8.330671732425689697e+02
8.331309807300567627e+02
8.331787436008453369e+02
8.332374415397644043e+02
8.332879970073699951e+02
8.333463218212127686e+02
8.333954167366027832e+02
8.334581310749053955e+02
8.335097179412841797e+02
8.335693705081939697e+02
8.336191766262054443e+02
8.336834053993225098e+02
8.337321279048919678e+02
8.337939691543579102e+02
8.338430039882659912e+02
8.339051222801208496e+02
8.339595205783843994e+02
8.340189898014068604e+02
8.340659584999084473e+02
8.341292448043823242e+02
8.341796443462371826e+02
8.342416350841522217e+02
8.342915413379669189e+02
8.343553745746612549e+02
8.344030196666717529e+02
8.344664003849029541e+02
8.345161876678466797e+02
8.345770452022552490e+02
8.346270711421966553e+02
8.346901183128356934e+02
8.347385933399200439e+02
8.348015856742858887e+02
8.348546926975250244e+02
8.349141600131988525e+02
8.349619784355163574e+02
8.350255038738250732e+02
8.350767529010772705e+02
8.351376385688781738e+02
8.351867706775665283e+02
8.352534837722778320e+02
8.352994527816772461e+02
8.353616173267364502e+02
8.354104514122009277e+02
8.354743120670318604e+02
8.355263514518737793e+02
8.355865325927734375e+02
8.356352374553680420e+02
8.356967062950134277e+02
8.357465226650238037e+02
8.358111433982849121e+02
8.358582558631896973e+02
8.359216794967651367e+02
8.359705946445465088e+02
8.360369086265563965e+02
8.360853033065795898e+02
8.361479363441467285e+02
8.361962602138519287e+02
8.362578446865081787e+02
8.363099143505096436e+02
8.363714404106140137e+02
8.364191441535949707e+02
8.364812736511230469e+02
8.365323503017425537e+02
8.365935306549072266e+02
8.366416389942169189e+02
8.367049815654754639e+02
8.367546012401580811e+02
8.368178973197937012e+02
8.368676850795745850e+02
8.369294517040252686e+02
8.369824044704437256e+02
8.370297911167144775e+02
8.370946402549743652e+02
8.371500742435455322e+02
8.372136700153350830e+02
8.372636730670928955e+02
8.373193874359130859e+02
8.373642168045043945e+02
8.374294867515563965e+02
8.374805610179901123e+02
8.375404207706451416e+02
8.375927095413208008e+02
8.376523997783660889e+02
8.377045016288757324e+02
8.377646002769470215e+02
8.378168482780456543e+02
8.378775267601013184e+02
8.379301085472106934e+02
8.379862184524536133e+02
8.380369379520416260e+02
8.380974364280700684e+02
8.381476769447326660e+02
8.382090406417846680e+02
8.382592406272888184e+02
8.383212575912475586e+02
8.383725397586822510e+02
8.384369025230407715e+02
8.384854557514190674e+02
8.385473117828369141e+02
8.385988619327545166e+02
8.386624951362609863e+02
8.387247438430786133e+02
8.387807028293609619e+02
8.388279285430908203e+02
8.388845672607421875e+02
8.389334344863891602e+02
8.389942476749420166e+02
8.390431776046752930e+02
8.391060979366302490e+02
8.391564626693725586e+02
8.392174909114837646e+02
8.392678222656250000e+02
8.393325736522674561e+02
8.393823125362396240e+02
8.394425559043884277e+02
8.394921035766601562e+02
8.395544407367706299e+02
8.396054069995880127e+02
8.396693198680877686e+02
8.397252142429351807e+02
8.397805323600769043e+02
8.398273911476135254e+02
8.398903973102569580e+02
8.399399569034576416e+02
8.400016009807586670e+02
8.400518212318420410e+02
8.401153604984283447e+02
8.401634135246276855e+02
8.402281064987182617e+02
8.402745838165283203e+02
8.403377397060394287e+02
8.403853697776794434e+02
8.404522964954376221e+02
8.405005617141723633e+02
8.405621087551116943e+02
8.406120088100433350e+02
8.407865974903106689e+02
8.408350071907043457e+02
8.408987336158752441e+02
8.410112721920013428e+02
8.410582787990570068e+02
8.411211326122283936e+02
8.411707463264465332e+02
8.412198400497436523e+02
8.412823030948638916e+02
8.413321588039398193e+02
8.413948106765747070e+02
8.414452381134033203e+02
8.415043895244598389e+02
8.415539729595184326e+02
8.416192741394042969e+02
8.416681275367736816e+02
8.417312567234039307e+02
8.417826404571533203e+02
8.418493156433105469e+02
8.418996458053588867e+02
8.419533267021179199e+02
8.420024774074554443e+02
8.420661301612854004e+02
8.421144137382507324e+02
8.421782646179199219e+02
8.422273156642913818e+02
8.422900731563568115e+02
8.423396294116973877e+02
8.424046792984008789e+02
8.424532608985900879e+02
8.425151667594909668e+02
8.425642218589782715e+02
8.426252095699310303e+02
8.426734833717346191e+02
8.427394740581512451e+02
8.427892088890075684e+02
8.428500871658325195e+02
8.428987307548522949e+02
8.429610381126403809e+02
8.430141627788543701e+02
8.430741736888885498e+02
8.431245186328887939e+02
8.431860325336456299e+02
8.432362401485443115e+02
8.432980468273162842e+02
8.433488874435424805e+02
8.434110693931579590e+02
8.434604482650756836e+02
8.435223224163055420e+02
8.435733885765075684e+02
8.436350541114807129e+02
8.436844844818115234e+02
8.437468571662902832e+02
8.437966451644897461e+02
8.438600115776062012e+02
8.439102423191070557e+02
8.439711091518402100e+02
8.440206763744354248e+02
8.440816769599914551e+02
8.441340708732604980e+02
8.441963739395141602e+02
8.442446739673614502e+02
8.443064208030700684e+02
8.443544268608093262e+02
8.444174475669860840e+02
8.444683151245117188e+02
8.445301575660705566e+02
8.445822622776031494e+02
8.446481482982635498e+02
8.446935713291168213e+02
8.447530753612518311e+02
8.448065979480743408e+02
8.448672370910644531e+02
8.449171042442321777e+02
8.449796657562255859e+02
8.450276403427124023e+02
8.450883705615997314e+02
8.451432216167449951e+02
8.452028889656066895e+02
8.452518138885498047e+02
8.453003859519958496e+02
8.453622069358825684e+02
8.454121489524841309e+02
8.454743704795837402e+02
8.455255141258239746e+02
8.455867402553558350e+02
8.456353256702423096e+02
8.456972577571868896e+02
8.457469255924224854e+02
8.458114867210388184e+02
8.458594527244567871e+02
8.459219677448272705e+02
8.459702303409576416e+02
8.460338747501373291e+02
8.460826189517974854e+02
8.461445190906524658e+02
8.461941890716552734e+02
8.462578299045562744e+02
8.463115200996398926e+02
8.463721847534179688e+02
8.464182465076446533e+02
8.464811279773712158e+02
8.465324733257293701e+02
8.465933449268341064e+02
8.466426599025726318e+02
8.467064745426177979e+02
8.467580289840698242e+02
8.468168118000030518e+02
8.468690917491912842e+02
8.469290311336517334e+02
8.469820659160614014e+02
8.470416936874389648e+02
8.470914473533630371e+02
8.471547725200653076e+02
8.472033174037933350e+02
8.472665524482727051e+02
8.473165631294250488e+02
8.473771691322326660e+02
8.474296271800994873e+02
8.474901225566864014e+02
8.475393834114074707e+02
8.476054174900054932e+02
8.476530654430389404e+02
8.477136127948760986e+02
8.477630288600921631e+02
8.478274183273315430e+02
8.478787782192230225e+02
8.479388482570648193e+02
8.479863295555114746e+02
8.480507285594940186e+02
8.480990121364593506e+02
8.482104973793029785e+02
8.482734074592590332e+02
8.483234612941741943e+02
8.483849942684173584e+02
8.484349882602691650e+02
8.484976205825805664e+02
8.485493605136871338e+02
8.486094794273376465e+02
8.486594994068145752e+02
8.487262744903564453e+02
8.487749173641204834e+02
8.488347923755645752e+02
8.488834345340728760e+02
8.489463102817535400e+02
8.489993817806243896e+02
8.490567750930786133e+02
8.491098370552062988e+02
8.491734793186187744e+02
8.492188618183135986e+02
8.492821741104125977e+02
8.493318161964416504e+02
8.493782823085784912e+02
8.494416530132293701e+02
8.494917774200439453e+02
8.495526919364929199e+02
8.496046872138977051e+02
8.496654665470123291e+02
8.497148160934448242e+02
8.497779693603515625e+02
8.498271481990814209e+02
8.498891680240631104e+02
8.499404735565185547e+02
8.500020763874053955e+02
8.500519068241119385e+02
8.501138710975646973e+02
8.501687786579132080e+02
8.502252657413482666e+02
8.502775847911834717e+02
8.503386554718017578e+02
8.503895592689514160e+02
8.504500257968902588e+02
8.505026679039001465e+02
8.505736875534057617e+02
8.506160500049591064e+02
8.506736702919006348e+02
8.507221221923828125e+02
8.507868330478668213e+02
8.508381226062774658e+02
8.508969562053680420e+02
8.509495496749877930e+02
8.510585646629333496e+02
8.511220512390136719e+02
8.511735155582427979e+02
8.512828214168548584e+02
8.513467357158660889e+02
8.513973710536956787e+02
8.514593186378479004e+02
8.515146188735961914e+02
8.515709557533264160e+02
8.516236290931701660e+02
8.516848046779632568e+02
8.517354316711425781e+02
8.517963278293609619e+02
8.518447668552398682e+02
8.519562175273895264e+02
8.520190112590789795e+02
8.520693626403808594e+02
8.521293330192565918e+02
8.521791846752166748e+02
8.522419178485870361e+02
8.522922625541687012e+02
8.523550992012023926e+02
8.524049754142761230e+02
8.524647884368896484e+02
8.525163178443908691e+02
8.525772783756256104e+02
8.526271004676818848e+02
8.526893198490142822e+02
8.527394323348999023e+02
8.528017404079437256e+02
8.528530998229980469e+02
8.529144911766052246e+02
8.529637517929077148e+02
8.530264272689819336e+02
8.530743525028228760e+02
8.531376652717590332e+02
8.531886260509490967e+02
8.532521879673004150e+02
8.533007102012634277e+02
8.533628351688385010e+02
8.534589929580688477e+02
8.535224382877349854e+02
8.535708422660827637e+02
8.536340003013610840e+02
8.536826202869415283e+02
8.537450077533721924e+02
8.537978727817535400e+02
8.538587155342102051e+02
8.539074380397796631e+02
8.539749529361724854e+02
8.540252983570098877e+02
8.540818912982940674e+02
8.541308917999267578e+02
8.541952600479125977e+02
8.542433228492736816e+02
8.543062682151794434e+02
8.543542199134826660e+02
8.544191539287567139e+02
8.544669473171234131e+02
8.545297534465789795e+02
8.545793604850769043e+02
8.546440894603729248e+02
8.546924517154693604e+02
8.547531538009643555e+02
8.548042843341827393e+02
8.548654246330261230e+02
8.549152021408081055e+02
8.549778914451599121e+02
8.550278229713439941e+02
8.550894730091094971e+02
8.551386251449584961e+02
8.552044720649719238e+02
8.552535681724548340e+02
8.553149838447570801e+02
8.553674714565277100e+02
8.554253993034362793e+02
8.555395762920379639e+02
8.555885376930236816e+02
8.556506671905517578e+02
8.557002463340759277e+02
8.557609350681304932e+02
8.558123819828033447e+02
8.558743166923522949e+02
8.559227461814880371e+02
8.559888727664947510e+02
8.560364556312561035e+02
8.560982611179351807e+02
8.561488420963287354e+02
8.562104167938232422e+02
8.562588951587677002e+02
8.563215651512145996e+02
8.563723363876342773e+02
8.564344460964202881e+02
8.564825198650360107e+02
8.565466687679290771e+02
8.565946509838104248e+02
8.566609942913055420e+02
8.567090532779693604e+02
8.567708692550659180e+02
8.568208925724029541e+02
8.568841276168823242e+02
8.569329643249511719e+02
8.569954793453216553e+02
8.570446844100952148e+02
8.571053850650787354e+02
8.572183618545532227e+02
8.572678925991058350e+02
8.573292362689971924e+02
8.573789916038513184e+02
8.574413657188415527e+02
8.574922256469726562e+02
8.575533492565155029e+02
8.576037006378173828e+02
8.576526737213134766e+02
8.577154810428619385e+02
8.577631464004516602e+02
8.578267679214477539e+02
8.578740906715393066e+02
8.579381902217864990e+02
8.579868412017822266e+02
8.580512833595275879e+02
8.581008129119873047e+02
8.581612477302551270e+02
8.582103593349456787e+02
8.582731652259826660e+02
8.583243772983551025e+02
8.583845968246459961e+02
8.584347825050354004e+02
8.584986836910247803e+02
8.585500259399414062e+02
8.586102213859558105e+02
8.586591808795928955e+02
8.587230267524719238e+02
8.587738173007965088e+02
8.588342304229736328e+02
8.588847904205322266e+02
8.589449467658996582e+02
8.589967484474182129e+02
8.590607128143310547e+02
8.591093697547912598e+02
8.591716105937957764e+02
8.592209877967834473e+02
8.592827248573303223e+02
8.593328278064727783e+02
8.593937792778015137e+02
8.594435665607452393e+02
8.595062236785888672e+02
8.595534141063690186e+02
8.596187055110931396e+02
8.596703863143920898e+02
8.597319784164428711e+02
8.597793238162994385e+02
8.598428015708923340e+02
8.598916594982147217e+02
8.599534225463867188e+02
8.600043468475341797e+02
8.600693886280059814e+02
8.601198110580444336e+02
8.601796214580535889e+02
8.602299039363861084e+02
8.602949063777923584e+02
8.603421270847320557e+02
8.604023392200469971e+02
8.604575946331024170e+02
8.605241694450378418e+02
8.605664653778076172e+02
8.606264204978942871e+02
8.606766593456268311e+02
8.607372601032257080e+02
8.607873888015747070e+02
8.608503973484039307e+02
8.609013555049896240e+02
8.609632048606872559e+02
8.610144197940826416e+02
8.610725891590118408e+02
8.611228516101837158e+02
8.611878430843353271e+02
8.612345848083496094e+02
8.612979478836059570e+02
8.613472290039062500e+02
8.614104661941528320e+02
8.614588942527770996e+02
8.615220801830291748e+02
8.615709452629089355e+02
8.616354982852935791e+02
8.616842260360717773e+02
8.617336883544921875e+02
8.617934317588806152e+02
8.618450109958648682e+02
8.619063496589660645e+02
8.619546556472778320e+02
8.620170829296112061e+02
8.620663917064666748e+02
8.621306524276733398e+02
8.621804928779602051e+02
8.622411062717437744e+02
8.622923772335052490e+02
8.623535685539245605e+02
8.624046237468719482e+02
8.624646186828613281e+02
8.625210828781127930e+02
8.625843374729156494e+02
8.626324892044067383e+02
8.626917779445648193e+02
8.627428836822509766e+02
8.628030750751495361e+02
8.628546402454376221e+02
8.629153969287872314e+02
8.629682903289794922e+02
8.630317740440368652e+02
8.630796747207641602e+02
8.631377727985382080e+02
8.631871182918548584e+02
8.632491142749786377e+02
8.632976531982421875e+02
8.633631329536437988e+02
8.634121398925781250e+02
8.634733068943023682e+02
8.635240058898925781e+02
8.635845670700073242e+02
8.636348011493682861e+02
8.636990973949432373e+02
8.637506070137023926e+02
8.638103401660919189e+02
8.638600828647613525e+02
8.639218554496765137e+02
8.639727690219879150e+02
8.640365290641784668e+02
8.640844159126281738e+02
8.641446135044097900e+02
8.641942887306213379e+02
8.642573516368865967e+02
8.643081390857696533e+02
8.643707580566406250e+02
8.644211766719818115e+02
8.644833445549011230e+02
8.645312829017639160e+02
8.645938248634338379e+02
8.646430473327636719e+02
8.647090625762939453e+02
8.647614045143127441e+02
8.648223404884338379e+02
8.648716366291046143e+02
8.649335565567016602e+02
8.649843416213989258e+02
8.650441100597381592e+02
8.650921902656555176e+02
8.651532807350158691e+02
8.652055132389068604e+02
8.652666392326354980e+02
8.653214495182037354e+02
8.653811295032501221e+02
8.654312028884887695e+02
8.654894969463348389e+02
8.655386869907379150e+02
8.656042747497558594e+02
8.656516962051391602e+02
8.657132596969604492e+02
8.657653136253356934e+02
8.658161275386810303e+02
8.658794579505920410e+02
8.659294283390045166e+02
8.659885761737823486e+02
8.660434529781341553e+02
8.661045565605163574e+02
8.661512639522552490e+02
8.662107098102569580e+02
8.662638206481933594e+02
8.663249664306640625e+02
8.663770081996917725e+02
8.664335100650787354e+02
8.664846792221069336e+02
8.665501329898834229e+02
8.665990424156188965e+02
8.666610620021820068e+02
8.667089781761169434e+02
8.667690238952636719e+02
8.668193967342376709e+02
8.668829717636108398e+02
8.669304206371307373e+02
8.669935772418975830e+02
8.670463838577270508e+02
8.671053285598754883e+02
8.671567468643188477e+02
8.672191078662872314e+02
8.672683062553405762e+02
8.673284232616424561e+02
8.673806231021881104e+02
8.674432845115661621e+02
8.674941349029541016e+02
8.675552971363067627e+02
8.676044075489044189e+02
8.676661858558654785e+02
8.677164249420166016e+02
8.677789442539215088e+02
8.678279507160186768e+02
8.678922696113586426e+02
8.679405012130737305e+02
8.680022704601287842e+02
8.680524685382843018e+02
8.681132056713104248e+02
8.681618075370788574e+02
8.682300572395324707e+02
8.682778525352478027e+02
8.683512756824493408e+02
8.684116091728210449e+02
8.684595663547515869e+02
8.685044963359832764e+02
8.685714190006256104e+02
8.686166636943817139e+02
8.686748726367950439e+02
8.687251968383789062e+02
8.687873425483703613e+02
8.688422906398773193e+02
8.689049711227416992e+02
8.689552910327911377e+02
8.690212430953979492e+02
8.690675442218780518e+02
8.691311931610107422e+02
8.691779503822326660e+02
8.692416594028472900e+02
8.692877066135406494e+02
8.693484334945678711e+02
8.693974871635437012e+02
8.694617309570312500e+02
8.695131022930145264e+02
8.695702478885650635e+02
8.696217236518859863e+02
8.696829779148101807e+02
8.697310192584991455e+02
8.697935819625854492e+02
8.698436810970306396e+02
8.698911480903625488e+02
8.699553961753845215e+02
8.700037100315093994e+02
8.700664184093475342e+02
8.701155986785888672e+02
8.701792042255401611e+02
8.702274532318115234e+02
8.702895212173461914e+02
8.703392813205718994e+02
8.704036378860473633e+02
8.704542336463928223e+02
8.705141043663024902e+02
8.705644538402557373e+02
8.706252193450927734e+02
8.706777908802032471e+02
8.707377021312713623e+02
8.707865819931030273e+02
8.708495180606842041e+02
8.709003977775573730e+02
8.709624409675598145e+02
8.710102121829986572e+02
8.710735836029052734e+02
8.711242070198059082e+02
8.711869294643402100e+02
8.712343914508819580e+02
8.712977001667022705e+02
8.713471219539642334e+02
8.714102230072021484e+02
8.714595019817352295e+02
8.715214366912841797e+02
8.715736033916473389e+02
8.716354775428771973e+02
8.716840605735778809e+02
8.717964465618133545e+02
8.718604269027709961e+02
8.719129197597503662e+02
8.719774413108825684e+02
8.720219032764434814e+02
8.720831170082092285e+02
8.721331260204315186e+02
8.721944715976715088e+02
8.722431135177612305e+02
8.723042745590209961e+02
8.723552720546722412e+02
8.724195532798767090e+02
8.724701969623565674e+02
8.725288422107696533e+02
8.725810589790344238e+02
8.726422851085662842e+02
8.726929552555084229e+02
8.727545526027679443e+02
8.728062958717346191e+02
8.728679771423339844e+02
8.729176571369171143e+02
8.729773385524749756e+02
8.730262777805328369e+02
8.730894162654876709e+02
8.731384530067443848e+02
8.732014286518096924e+02
8.732526326179504395e+02
8.733151965141296387e+02
8.733634023666381836e+02
8.734262018203735352e+02
8.734746499061584473e+02
8.735387997627258301e+02
8.735851676464080811e+02
8.736497168540954590e+02
8.737009439468383789e+02
8.737614016532897949e+02
8.738123898506164551e+02
8.738772547245025635e+02
8.739324283599853516e+02
8.739888482093811035e+02
8.740438063144683838e+02
8.740851500034332275e+02
8.741453182697296143e+02
8.741976006031036377e+02
8.742582795619964600e+02
8.743076221942901611e+02
8.743691976070404053e+02
8.744174170494079590e+02
8.744830880165100098e+02
8.745311596393585205e+02
8.745954484939575195e+02
8.746442189216613770e+02
8.747049078941345215e+02
8.747552239894866943e+02
8.748179163932800293e+02
8.748650319576263428e+02
8.749301962852478027e+02
8.749780580997467041e+02
8.750420167446136475e+02
8.750905659198760986e+02
8.751541798114776611e+02
8.752044413089752197e+02
8.752670981884002686e+02
8.753152182102203369e+02
8.753768296241760254e+02
8.754275419712066650e+02
8.754896023273468018e+02
8.755386250019073486e+02
8.760991539955139160e+02
8.761614334583282471e+02
8.762120139598846436e+02
8.762761240005493164e+02
8.763245820999145508e+02
8.763851456642150879e+02
8.764352359771728516e+02
8.764996678829193115e+02
8.765546436309814453e+02
8.766182975769042969e+02
8.766651499271392822e+02
8.767227029800415039e+02
8.767744712829589844e+02
8.770593297481536865e+02
8.771097693443298340e+02
8.771693470478057861e+02
8.772186310291290283e+02
8.772818198204040527e+02
8.773362903594970703e+02
8.773991124629974365e+02
8.774482967853546143e+02
8.775064380168914795e+02
8.775549228191375732e+02
8.776171875000000000e+02
8.776648590564727783e+02
8.777305338382720947e+02
8.777810587882995605e+02
8.778449511528015137e+02
8.778976650238037109e+02
8.779563333988189697e+02
8.780034325122833252e+02
8.780664792060852051e+02
8.781173164844512939e+02
8.781653962135314941e+02
8.782281115055084229e+02
8.782763333320617676e+02
8.783385860919952393e+02
8.783851187229156494e+02
8.784492490291595459e+02
8.785081963539123535e+02
8.785686945915222168e+02
8.786162705421447754e+02
8.786762056350708008e+02
8.787242028713226318e+02
8.787862529754638672e+02
8.788414144515991211e+02
8.788978917598724365e+02
8.789468348026275635e+02
8.790111384391784668e+02
8.790647616386413574e+02
8.791254107952117920e+02
8.791734459400177002e+02
8.792370195388793945e+02
8.792864234447479248e+02
8.793463671207427979e+02
8.793954894542694092e+02
8.794574871063232422e+02
8.795066792964935303e+02
8.795694165229797363e+02
8.796200957298278809e+02
8.796834387779235840e+02
8.797306604385375977e+02
8.797945222854614258e+02
8.798431823253631592e+02
8.799043669700622559e+02
8.799548499584197998e+02
8.800230383872985840e+02
8.800747904777526855e+02
8.801348021030426025e+02
8.801846580505371094e+02
8.802414722442626953e+02
8.802940909862518311e+02
8.803534495830535889e+02
8.804072203636169434e+02
8.804681453704833984e+02
8.805212726593017578e+02
8.805771102905273438e+02
8.806262807846069336e+02
8.806889293193817139e+02
8.807392387390136719e+02
8.808075649738311768e+02
8.808565294742584229e+02
8.809176077842712402e+02
8.809648253917694092e+02
8.810253691673278809e+02
8.810754809379577637e+02
8.811386392116546631e+02
8.811849374771118164e+02
8.812996068000793457e+02
8.813677365779876709e+02
8.814166612625122070e+02
8.814731974601745605e+02
8.815234563350677490e+02
8.815865502357482910e+02
8.816334590911865234e+02
8.816977164745330811e+02
8.818120326995849609e+02
8.818610556125640869e+02
8.819210281372070312e+02
8.819733471870422363e+02
8.820344588756561279e+02
8.820842428207397461e+02
8.821463289260864258e+02
8.821965477466583252e+02
8.822441933155059814e+02
8.823053820133209229e+02
8.823550188541412354e+02
8.824180519580841064e+02
8.824667308330535889e+02
8.825302801132202148e+02
8.825809977054595947e+02
8.826416788101196289e+02
8.826966047286987305e+02
8.827552902698516846e+02
8.828039250373840332e+02
8.828653521537780762e+02
8.829154593944549561e+02
8.829801423549652100e+02
8.830283665657043457e+02
8.830907566547393799e+02
8.831406524181365967e+02
8.832015781402587891e+02
8.832545163631439209e+02
8.833140864372253418e+02
8.833664710521697998e+02
8.834252836704254150e+02
8.834781851768493652e+02
8.835396463871002197e+02
8.835889828205108643e+02
8.836514081954956055e+02
8.837013704776763916e+02
8.837619836330413818e+02
8.838122305870056152e+02
8.838747093677520752e+02
8.839249329566955566e+02
8.839863708019256592e+02
8.840350403785705566e+02
8.840996716022491455e+02
8.841492702960968018e+02
8.842105677127838135e+02
8.842642867565155029e+02
8.843214423656463623e+02
8.843731889724731445e+02
8.844345037937164307e+02
8.844848947525024414e+02
8.845447266101837158e+02
8.845969638824462891e+02
8.846593484878540039e+02
8.847077884674072266e+02
8.847703499794006348e+02
8.848202111721038818e+02
8.848831541538238525e+02
8.849327785968780518e+02
8.849945509433746338e+02
8.850439152717590332e+02
8.851045598983764648e+02
8.851567721366882324e+02
8.852178394794464111e+02
8.852672350406646729e+02
8.853323485851287842e+02
8.853810312747955322e+02
8.854412679672241211e+02
8.854939091205596924e+02
8.855523414611816406e+02
8.856100020408630371e+02
8.856730985641479492e+02
8.857246468067169189e+02
8.857843799591064453e+02
8.858349561691284180e+02
8.858964614868164062e+02
8.859448635578155518e+02
8.860081768035888672e+02
8.860612349510192871e+02
8.861234958171844482e+02
8.861732234954833984e+02
8.862402317523956299e+02
8.862846918106079102e+02
8.863304862976074219e+02
8.863852818012237549e+02
8.864364097118377686e+02
8.864985370635986328e+02
8.865474498271942139e+02
8.866106901168823242e+02
8.866586091518402100e+02
8.867224385738372803e+02
8.867738392353057861e+02
8.868342204093933105e+02
8.868819406032562256e+02
8.869477469921112061e+02
8.869952428340911865e+02
8.870579540729522705e+02
8.871094069480895996e+02
8.871714661121368408e+02
8.872192382812500000e+02
8.872814378738403320e+02
8.873314812183380127e+02
8.873937699794769287e+02
8.874418261051177979e+02
8.875070054531097412e+02
8.875575311183929443e+02
8.876185927391052246e+02
8.876687767505645752e+02
8.877306842803955078e+02
8.877812767028808594e+02
8.878421964645385742e+02
8.878952267169952393e+02
8.879552612304687500e+02
8.880028369426727295e+02
8.880654819011688232e+02
8.881184523105621338e+02
8.881799650192260742e+02
8.882289261817932129e+02
8.882907361984252930e+02
8.883388233184814453e+02
8.884016346931457520e+02
8.884523663520812988e+02
8.885146229267120361e+02
8.885644364356994629e+02
8.886261913776397705e+02
8.886763710975646973e+02
8.887385337352752686e+02
8.887865066528320312e+02
8.888529219627380371e+02
8.889013719558715820e+02
8.889611067771911621e+02
8.890123324394226074e+02
8.890733788013458252e+02
8.891235666275024414e+02
8.891849827766418457e+02
8.892371902465820312e+02
8.893029534816741943e+02
8.893511488437652588e+02
8.894106035232543945e+02
8.894584431648254395e+02
8.895223500728607178e+02
8.895721752643585205e+02
8.896338617801666260e+02
8.896846022605895996e+02
8.897465658187866211e+02
8.897967486381530762e+02
8.898586635589599609e+02
8.899082036018371582e+02
8.899709174633026123e+02
8.900180845260620117e+02
8.900813868045806885e+02
8.901316902637481689e+02
8.901933441162109375e+02
8.902419185638427734e+02
8.903075914382934570e+02
8.903575749397277832e+02
8.904186422824859619e+02
8.904650695323944092e+02
8.905140695571899414e+02
8.905884561538696289e+02
8.906302881240844727e+02
8.906913499832153320e+02
8.907413814067840576e+02
8.908006472587585449e+02
8.908519420623779297e+02
8.909142777919769287e+02
8.909631335735321045e+02
8.910264587402343750e+02
8.910753335952758789e+02
8.911373836994171143e+02
8.911871287822723389e+02
8.912994291782379150e+02
8.913621706962585449e+02
8.914131755828857422e+02
8.914742691516876221e+02
8.915244486331939697e+02
8.915864288806915283e+02
8.916377637386322021e+02
8.916967687606811523e+02
8.917472407817840576e+02
8.918091902732849121e+02
8.918600785732269287e+02
8.919220867156982422e+02
8.919720861911773682e+02
8.920347139835357666e+02
8.920831639766693115e+02
8.921452746391296387e+02
8.921968343257904053e+02
8.922584331035614014e+02
8.923056991100311279e+02
8.923702311515808105e+02
8.924208772182464600e+02
8.924824466705322266e+02
8.925311853885650635e+02
8.925967237949371338e+02
8.926451508998870850e+02
8.927049665451049805e+02
8.927545809745788574e+02
8.928185708522796631e+02
8.928688411712646484e+02
8.929284737110137939e+02
8.929802477359771729e+02
8.930419893264770508e+02
8.930964725017547607e+02
8.931534659862518311e+02
8.932018401622772217e+02
8.932646307945251465e+02
8.933144364356994629e+02
8.933778502941131592e+02
8.934247527122497559e+02
8.934905436038970947e+02
8.935387980937957764e+02
8.936031398773193359e+02
8.936515197753906250e+02
8.937162094116210938e+02
8.937632002830505371e+02
8.938261592388153076e+02
8.938764777183532715e+02
8.939393963813781738e+02
8.939886512756347656e+02
8.940490097999572754e+02
8.941012403964996338e+02
8.941606712341308594e+02
8.942100198268890381e+02
8.942749154567718506e+02
8.943227581977844238e+02
8.943853127956390381e+02
8.943876266479492188e+02
8.945223431587219238e+02
8.945645878314971924e+02
8.946116688251495361e+02
8.946727740764617920e+02
8.947223799228668213e+02
8.947830839157104492e+02
8.948315231800079346e+02
8.948907258510589600e+02
8.949427785873413086e+02
8.950094544887542725e+02
8.950607650279998779e+02
8.951223754882812500e+02
8.951729891300201416e+02
8.952331140041351318e+02
8.952813727855682373e+02
8.953389461040496826e+02
8.953872408866882324e+02
8.954459068775177002e+02
8.954990115165710449e+02
8.955602457523345947e+02
8.956104433536529541e+02
8.956727941036224365e+02
8.957225663661956787e+02
8.957793033123016357e+02
8.958295717239379883e+02
8.958958139419555664e+02
8.959447681903839111e+02
8.960035011768341064e+02
8.960507819652557373e+02
8.961190221309661865e+02
8.961650233268737793e+02
8.962284307479858398e+02
8.962789130210876465e+02
8.963391075134277344e+02
8.963866922855377197e+02
8.964509909152984619e+02
8.964987769126892090e+02
8.965635123252868652e+02
8.966219522953033447e+02
8.966799931526184082e+02
8.967257149219512939e+02
8.967876133918762207e+02
8.968402409553527832e+02
8.968994772434234619e+02
8.969525158405303955e+02
8.970168642997741699e+02
8.970658004283905029e+02
8.971233441829681396e+02
8.971715135574340820e+02
8.972339839935302734e+02
8.972835755348205566e+02
8.973490636348724365e+02
8.973989799022674561e+02
8.974586603641510010e+02
8.975077509880065918e+02
8.975567317008972168e+02
8.976183021068572998e+02
8.976698935031890869e+02
8.977318549156188965e+02
8.977776656150817871e+02
8.978434848785400391e+02
8.978918344974517822e+02
8.979548745155334473e+02
8.980029714107513428e+02
8.980666632652282715e+02
8.981170380115509033e+02
8.981815590858459473e+02
8.982293984889984131e+02
8.982909753322601318e+02
8.983394615650177002e+02
8.984030780792236328e+02
8.984511418342590332e+02
8.985161452293395996e+02
8.985637397766113281e+02
8.986276173591613770e+02
8.986754119396209717e+02
8.987399263381958008e+02
8.987875571250915527e+02
8.988508586883544922e+02
8.988985228538513184e+02
8.989640398025512695e+02
8.990113456249237061e+02
8.990751311779022217e+02
8.991229166984558105e+02
8.991877222061157227e+02
8.992340409755706787e+02
8.992996156215667725e+02
8.993476176261901855e+02
8.994142131805419922e+02
8.994595861434936523e+02
8.995224153995513916e+02
8.995708220005035400e+02
8.996352217197418213e+02
8.996818063259124756e+02
8.997465293407440186e+02
8.997964651584625244e+02
8.998586356639862061e+02
8.999069664478302002e+02
8.999719521999359131e+02
9.000212297439575195e+02
9.000861148834228516e+02
9.001964964866638184e+02
9.002430531978607178e+02
9.003065562248229980e+02
9.003552274703979492e+02
9.004187505245208740e+02
9.004667327404022217e+02
9.005334389209747314e+02
9.005849256515502930e+02
9.006434829235076904e+02
9.006932082176208496e+02
9.007579669952392578e+02
9.008080227375030518e+02
9.008685483932495117e+02
9.009183623790740967e+02
9.009799292087554932e+02
9.010300903320312500e+02
9.010930101871490479e+02
9.011415913105010986e+02
9.012049937248229980e+02
9.012536163330078125e+02
9.013173911571502686e+02
9.013638894557952881e+02
9.014277610778808594e+02
9.014748492240905762e+02
9.015387003421783447e+02
9.015866067409515381e+02
9.016335251331329346e+02
9.016994071006774902e+02
9.017469577789306641e+02
9.018134403228759766e+02
9.018651080131530762e+02
9.019228861331939697e+02
9.019705319404602051e+02
9.020347657203674316e+02
9.020822918415069580e+02
9.021473679542541504e+02
9.021978354454040527e+02
9.022583847045898438e+02
9.023075294494628906e+02
9.023714618682861328e+02
9.024193415641784668e+02
9.024828784465789795e+02
9.025299131870269775e+02
9.025947861671447754e+02
9.026423654556274414e+02
9.027082064151763916e+02
9.027552037239074707e+02
9.028186190128326416e+02
9.028670639991760254e+02
9.029310228824615479e+02
9.029779005050659180e+02
9.030429911613464355e+02
9.030899772644042969e+02
9.031534202098846436e+02
9.032028784751892090e+02
9.032668790817260742e+02
9.033159539699554443e+02
9.033791153430938721e+02
9.034275209903717041e+02
9.034923806190490723e+02
9.035397989749908447e+02
9.036027269363403320e+02
9.036517784595489502e+02
9.037167115211486816e+02
9.037626020908355713e+02
9.038268573284149170e+02
9.038773424625396729e+02
9.039389934539794922e+02
9.039864442348480225e+02
9.040508811473846436e+02
9.040986738204956055e+02
9.041635203361511230e+02
9.042119121551513672e+02
9.042750608921051025e+02
9.043235383033752441e+02
9.043878960609436035e+02
9.044372551441192627e+02
9.044995455741882324e+02
9.045469934940338135e+02
9.046113500595092773e+02
9.046590983867645264e+02
9.047239780426025391e+02
9.047714648246765137e+02
9.048353297710418701e+02
9.048850395679473877e+02
9.049479370117187500e+02
9.050018692016601562e+02
9.050590817928314209e+02
9.051076953411102295e+02
9.051715881824493408e+02
9.052186527252197266e+02
9.052835166454315186e+02
9.053319098949432373e+02
9.053966765403747559e+02
9.054494860172271729e+02
9.055072419643402100e+02
9.055550296306610107e+02
9.056237998008728027e+02
9.056717493534088135e+02
9.057203845977783203e+02
9.057789652347564697e+02
9.058277137279510498e+02
9.058975088596343994e+02
9.059431104660034180e+02
9.060047891139984131e+02
9.060649585723876953e+02
9.061247627735137939e+02
9.061753211021423340e+02
9.062353084087371826e+02
9.062860863208770752e+02
9.063416318893432617e+02
9.063884301185607910e+02
9.064520759582519531e+02
9.065025832653045654e+02
9.065667076110839844e+02
9.066119687557220459e+02
9.066774914264678955e+02
9.067289695739746094e+02
9.067911221981048584e+02
9.068413622379302979e+02
9.069014313220977783e+02
9.069497463703155518e+02
9.070122289657592773e+02
9.070593345165252686e+02
9.071225261688232422e+02
9.071698734760284424e+02
9.072354977130889893e+02
9.072852854728698730e+02
9.073494398593902588e+02
9.073970835208892822e+02
9.074584059715270996e+02
9.075086715221405029e+02
9.075704641342163086e+02
9.076206064224243164e+02
9.076829152107238770e+02
9.077304067611694336e+02
9.077950994968414307e+02
9.078441979885101318e+02
9.079083082675933838e+02
9.079542279243469238e+02
9.080194792747497559e+02
9.080669021606445312e+02
9.081296412944793701e+02
9.081797559261322021e+02
9.082428987026214600e+02
9.082908215522766113e+02
9.083552203178405762e+02
9.084054045677185059e+02
9.084669606685638428e+02
9.085165197849273682e+02
9.085792520046234131e+02
9.086266367435455322e+02
9.086917448043823242e+02
9.087381243705749512e+02
9.088027412891387939e+02
9.088518092632293701e+02
9.089149820804595947e+02
9.089638903141021729e+02
9.090275816917419434e+02
9.090754203796386719e+02
9.091386997699737549e+02
9.091875185966491699e+02
9.092506284713745117e+02
9.092988643646240234e+02
9.093637640476226807e+02
9.094119095802307129e+02
9.094735116958618164e+02
9.095228352546691895e+02
9.095864257812500000e+02
9.096367938518524170e+02
9.096996452808380127e+02
9.097469813823699951e+02
9.098110997676849365e+02
9.098605959415435791e+02
9.099082558155059814e+02
9.099710078239440918e+02
9.100187630653381348e+02
9.100832867622375488e+02
9.101329877376556396e+02
9.101960589885711670e+02
9.102467312812805176e+02
9.103066668510437012e+02
9.103571386337280273e+02
9.104195899963378906e+02
9.104678738117218018e+02
9.105325968265533447e+02
9.105786521434783936e+02
9.106422278881072998e+02
9.106911308765411377e+02
9.107559895515441895e+02
9.108021824359893799e+02
9.108673310279846191e+02
9.109149825572967529e+02
9.109792649745941162e+02
9.110270576477050781e+02
9.110897500514984131e+02
9.111391725540161133e+02
9.112070107460021973e+02
9.112562143802642822e+02
9.113175594806671143e+02
9.113630862236022949e+02
9.114267470836639404e+02
9.114758903980255127e+02
9.115393741130828857e+02
9.115871937274932861e+02
9.116506121158599854e+02
9.116987421512603760e+02
9.117638716697692871e+02
9.118132576942443848e+02
9.118774085044860840e+02
9.119262669086456299e+02
9.119890782833099365e+02
9.120382361412048340e+02
9.121012661457061768e+02
9.121512410640716553e+02
9.122159831523895264e+02
9.122625257968902588e+02
9.123250060081481934e+02
9.123805694580078125e+02
9.124363253116607666e+02
9.124888215065002441e+02
9.125478582382202148e+02
9.125959756374359131e+02
9.126596786975860596e+02
9.127072207927703857e+02
9.127706313133239746e+02
9.128185069561004639e+02
9.128829071521759033e+02
9.129324395656585693e+02
9.129935994148254395e+02
9.130439620018005371e+02
9.131078364849090576e+02
9.131550052165985107e+02
9.132180864810943604e+02
9.132670686244964600e+02
9.133314185142517090e+02
9.133830187320709229e+02
9.134437723159790039e+02
9.134912486076354980e+02
9.135608687400817871e+02
9.136078336238861084e+02
9.136690347194671631e+02
9.137231771945953369e+02
9.137791268825531006e+02
9.138282256126403809e+02
9.138911375999450684e+02
9.139398069381713867e+02
9.139874997138977051e+02
9.140519404411315918e+02
9.141017005443572998e+02
9.141637623310089111e+02
9.142120118141174316e+02
9.142768616676330566e+02
9.143228268623352051e+02
9.143863196372985840e+02
9.144361906051635742e+02
9.144998342990875244e+02
9.145461630821228027e+02
9.146129941940307617e+02
9.146605486869812012e+02
9.147304205894470215e+02
9.147782514095306396e+02
9.148352868556976318e+02
9.148830442428588867e+02
9.149472718238830566e+02
9.149958133697509766e+02
9.150587229728698730e+02
9.151059064865112305e+02
9.151715278625488281e+02
9.152209556102752686e+02
9.152830803394317627e+02
9.153307187557220459e+02
9.153963229656219482e+02
9.154419701099395752e+02
9.155072400569915771e+02
9.155549750328063965e+02
9.156186738014221191e+02
9.156667027473449707e+02
9.157309556007385254e+02
9.157800517082214355e+02
9.158474516868591309e+02
9.158937766551971436e+02
9.159540934562683105e+02
9.160018877983093262e+02
9.160678365230560303e+02
9.161151506900787354e+02
9.161779286861419678e+02
9.162276751995086670e+02
9.162914671897888184e+02
9.163397939205169678e+02
9.164039757251739502e+02
9.164515006542205811e+02
9.165158166885375977e+02
9.165651426315307617e+02
9.166269314289093018e+02
9.166751925945281982e+02
9.167405576705932617e+02
9.167914741039276123e+02
9.168549296855926514e+02
9.169032247066497803e+02
9.169637820720672607e+02
9.170124740600585938e+02
9.170753085613250732e+02
9.171219546794891357e+02
9.171893179416656494e+02
9.172367115020751953e+02
9.172997126579284668e+02
9.173507685661315918e+02
9.174121813774108887e+02
9.174619708061218262e+02
9.175261652469635010e+02
9.175752875804901123e+02
9.176355855464935303e+02
9.176875793933868408e+02
9.177477457523345947e+02
9.177974498271942139e+02
9.178612747192382812e+02
9.179107024669647217e+02
9.179729223251342773e+02
9.180215184688568115e+02
9.180693049430847168e+02
9.181322426795959473e+02
9.181793105602264404e+02
9.182428250312805176e+02
9.182923555374145508e+02
9.183557872772216797e+02
9.184027326107025146e+02
9.184665925502777100e+02
9.185139167308807373e+02
9.185785713195800781e+02
9.186279659271240234e+02
9.186921186447143555e+02
9.187388880252838135e+02
9.188020827770233154e+02
9.188507492542266846e+02
9.189171357154846191e+02
9.189672949314117432e+02
9.190269269943237305e+02
9.190762503147125244e+02
9.191395223140716553e+02
9.191877632141113281e+02
9.192509205341339111e+02
9.192994718551635742e+02
9.193634450435638428e+02
9.194106910228729248e+02
9.194750792980194092e+02
9.195234601497650146e+02
9.195861227512359619e+02
9.196348211765289307e+02
9.196985981464385986e+02
9.197471947669982910e+02
9.198120012283325195e+02
9.198610348701477051e+02
9.199231376647949219e+02
9.199716186523437500e+02
9.200355412960052490e+02
9.200817015171051025e+02
9.201463930606842041e+02
9.201952095031738281e+02
9.202589554786682129e+02
9.203080894947052002e+02
9.203738529682159424e+02
9.204198994636535645e+02
9.204831645488739014e+02
9.205317749977111816e+02
9.206006128787994385e+02
9.206431908607482910e+02
9.207079298496246338e+02
9.207578160762786865e+02
9.208191523551940918e+02
9.208662796020507812e+02
9.209306828975677490e+02
9.209808533191680908e+02
9.210428137779235840e+02
9.210912637710571289e+02
9.211571536064147949e+02
9.212050783634185791e+02
9.212672872543334961e+02
9.213163118362426758e+02
9.213790051937103271e+02
9.214267158508300781e+02
9.214936583042144775e+02
9.215401866436004639e+02
9.216034936904907227e+02
9.216522927284240723e+02
9.217194061279296875e+02
9.217651116847991943e+02
9.218262999057769775e+02
9.218770775794982910e+02
9.219387347698211670e+02
9.219880175590515137e+02
9.220512170791625977e+02
9.220984849929809570e+02
9.221467037200927734e+02
9.222151868343353271e+02
9.222595243453979492e+02
9.223222043514251709e+02
9.223773097991943359e+02
9.224373986721038818e+02
9.224869275093078613e+02
9.225479116439819336e+02
9.225951378345489502e+02
9.226588389873504639e+02
9.227074456214904785e+02
9.227707445621490479e+02
9.228186128139495850e+02
9.228829240798950195e+02
9.229335858821868896e+02
9.229965391159057617e+02
9.230437264442443848e+02
9.231104996204376221e+02
9.231590044498443604e+02
9.232198576927185059e+02
9.232692027091979980e+02
9.233329646587371826e+02
9.233818669319152832e+02
9.234451577663421631e+02
9.234960153102874756e+02
9.235555765628814697e+02
9.236076138019561768e+02
9.236686410903930664e+02
9.237179634571075439e+02
9.237782828807830811e+02
9.238285887241363525e+02
9.238908154964447021e+02
9.239400544166564941e+02
9.240041666030883789e+02
9.240514972209930420e+02
9.241154565811157227e+02
9.241636133193969727e+02
9.242274923324584961e+02
9.242782747745513916e+02
9.243389112949371338e+02
9.243890140056610107e+02
9.244510524272918701e+02
9.244985280036926270e+02
9.245641417503356934e+02
9.246114857196807861e+02
9.246768631935119629e+02
9.247251698970794678e+02
9.247867810726165771e+02
9.248375644683837891e+02
9.248988745212554932e+02
9.249479737281799316e+02
9.250134217739105225e+02
9.250590543746948242e+02
9.251217625141143799e+02
9.251707050800323486e+02
9.252356126308441162e+02
9.252853248119354248e+02
9.253467233180999756e+02
9.253954854011535645e+02
9.254587445259094238e+02
9.255089342594146729e+02
9.255715320110321045e+02
9.256178700923919678e+02
9.256835901737213135e+02
9.257336251735687256e+02
9.257953577041625977e+02
9.258430118560791016e+02
9.259061493873596191e+02
9.259531986713409424e+02
9.260189251899719238e+02
9.260664386749267578e+02
9.261311774253845215e+02
9.261792781352996826e+02
9.262448205947875977e+02
9.262920050621032715e+02
9.263394074440002441e+02
9.264029791355133057e+02
9.264509012699127197e+02
9.265153183937072754e+02
9.265637819766998291e+02
9.266276962757110596e+02
9.266752955913543701e+02
9.267400081157684326e+02
9.267879269123077393e+02
9.268519287109375000e+02
9.268995087146759033e+02
9.269624202251434326e+02
9.270137646198272705e+02
9.270737049579620361e+02
9.271239845752716064e+02
9.271892759799957275e+02
9.272414042949676514e+02
9.272989912033081055e+02
9.273477823734283447e+02
9.274120171070098877e+02
9.274661953449249268e+02
9.275219058990478516e+02
9.275706105232238770e+02
9.276349792480468750e+02
9.276852748394012451e+02
9.277471644878387451e+02
9.277950749397277832e+02
9.278582365512847900e+02
9.279082310199737549e+02
9.279722056388854980e+02
9.280250988006591797e+02
9.280836200714111328e+02
9.281313626766204834e+02
9.281949379444122314e+02
9.282462885379791260e+02
9.283078079223632812e+02
9.283554463386535645e+02
9.284182806015014648e+02
9.284675347805023193e+02
9.285371265411376953e+02
9.285846130847930908e+02
9.286450724601745605e+02
9.286973960399627686e+02
9.287560293674468994e+02
9.288059527873992920e+02
9.288675863742828369e+02
9.289181253910064697e+02
9.289811129570007324e+02
9.290332300662994385e+02
9.290941319465637207e+02
9.291423947811126709e+02
9.292036325931549072e+02
9.292550384998321533e+02
9.293150312900543213e+02
9.293637099266052246e+02
9.294274363517761230e+02
9.300359294414520264e+02
9.300986466407775879e+02
9.301467781066894531e+02
9.302116167545318604e+02
9.302619464397430420e+02
9.303226017951965332e+02
9.303718833923339844e+02
9.304188230037689209e+02
9.304830629825592041e+02
9.305320374965667725e+02
9.305950686931610107e+02
9.306439263820648193e+02
9.307071559429168701e+02
9.307548291683197021e+02
9.308197081089019775e+02
9.308671019077301025e+02
9.309310810565948486e+02
9.309782996177673340e+02
9.310435707569122314e+02
9.310924139022827148e+02
9.311548342704772949e+02
9.312040197849273682e+02
9.312676312923431396e+02
9.313154153823852539e+02
9.313807742595672607e+02
9.314274511337280273e+02
9.314932022094726562e+02
9.315396955013275146e+02
9.316037964820861816e+02
9.316520967483520508e+02
9.317160181999206543e+02
9.317633018493652344e+02
9.318274610042572021e+02
9.318739528656005859e+02
9.319404616355895996e+02
9.319881515502929688e+02
9.320514800548553467e+02
9.320988173484802246e+02
9.321619033813476562e+02
9.322097694873809814e+02
9.322749047279357910e+02
9.323237371444702148e+02
9.323865244388580322e+02
9.324352588653564453e+02
9.324992260932922363e+02
9.325476458072662354e+02
9.326118564605712891e+02
9.326585874557495117e+02
9.327229018211364746e+02
9.327720541954040527e+02
9.328349096775054932e+02
9.328836057186126709e+02
9.329471044540405273e+02
9.329934866428375244e+02
9.330585055351257324e+02
9.331081111431121826e+02
9.331729962825775146e+02
9.332212133407592773e+02
9.332829427719116211e+02
9.333318376541137695e+02
9.333952896595001221e+02
9.334439983367919922e+02
9.335069627761840820e+02
9.335610718727111816e+02
9.336234385967254639e+02
9.336716890335083008e+02
9.337309854030609131e+02
9.337783238887786865e+02
9.338431925773620605e+02
9.338919274806976318e+02
9.339551231861114502e+02
9.340042402744293213e+02
9.340681090354919434e+02
9.341179294586181641e+02
9.341795027256011963e+02
9.342310802936553955e+02
9.342982828617095947e+02
9.343438942432403564e+02
9.344064269065856934e+02
9.344556179046630859e+02
9.345030601024627686e+02
9.345639417171478271e+02
9.346128680706024170e+02
9.346755733489990234e+02
9.347292428016662598e+02
9.347890329360961914e+02
9.348365077972412109e+02
9.348998374938964844e+02
9.349467425346374512e+02
9.350113468170166016e+02
9.350603401660919189e+02
9.351231057643890381e+02
9.351713759899139404e+02
9.352335896492004395e+02
9.352891573905944824e+02
9.353470380306243896e+02
9.353953614234924316e+02
9.354593451023101807e+02
9.355068597793579102e+02
9.355717859268188477e+02
9.356186273097991943e+02
9.356837232112884521e+02
9.357317612171173096e+02
9.357950870990753174e+02
9.358429124355316162e+02
9.359067244529724121e+02
9.359555044174194336e+02
9.360187368392944336e+02
9.360677185058593750e+02
9.361307148933410645e+02
9.361855766773223877e+02
9.362434644699096680e+02
9.362901866436004639e+02
9.363554871082305908e+02
9.364034521579742432e+02
9.364668948650360107e+02
9.365153343677520752e+02
9.365811882019042969e+02
9.366286745071411133e+02
9.366917111873626709e+02
9.367404177188873291e+02
9.368026821613311768e+02
9.368506951332092285e+02
9.369139740467071533e+02
9.369636180400848389e+02
9.370282874107360840e+02
9.370767788887023926e+02
9.371403882503509521e+02
9.371894328594207764e+02
9.372551524639129639e+02
9.373005261421203613e+02
9.373637912273406982e+02
9.374106345176696777e+02
9.374750528335571289e+02
9.375218682289123535e+02
9.375874340534210205e+02
9.376354503631591797e+02
9.377000432014465332e+02
9.377468857765197754e+02
9.378098573684692383e+02
9.378606100082397461e+02
9.379237256050109863e+02
9.379722163677215576e+02
9.380339038372039795e+02
9.380818421840667725e+02
9.381466989517211914e+02
9.381958141326904297e+02
9.382611410617828369e+02
9.383078351020812988e+02
9.383717839717864990e+02
9.384195840358734131e+02
9.384827098846435547e+02
9.385824229717254639e+02
9.386426901817321777e+02
9.386931207180023193e+02
9.387550351619720459e+02
9.388031780719757080e+02
9.388674039840698242e+02
9.389156572818756104e+02
9.389796593189239502e+02
9.390278179645538330e+02
9.390916249752044678e+02
9.391487576961517334e+02
9.392061681747436523e+02
9.392551858425140381e+02
9.393153607845306396e+02
9.393631637096405029e+02
9.394264967441558838e+02
9.394750883579254150e+02
9.395398685932159424e+02
9.395882067680358887e+02
9.396506814956665039e+02
9.397033364772796631e+02
9.397638390064239502e+02
9.398138473033905029e+02
9.398769793510437012e+02
9.399284071922302246e+02
9.399892127513885498e+02
9.400422289371490479e+02
9.401008729934692383e+02
9.401507108211517334e+02
9.402126042842864990e+02
9.402624468803405762e+02
9.403235292434692383e+02
9.403728427886962891e+02
9.404367420673370361e+02
9.404849040508270264e+02
9.405466442108154297e+02
9.405954144001007080e+02
9.406586265563964844e+02
9.407061226367950439e+02
9.407727034091949463e+02
9.408205246925354004e+02
9.408822515010833740e+02
9.409314599037170410e+02
9.409964079856872559e+02
9.410431919097900391e+02
9.411054790019989014e+02
9.411554300785064697e+02
9.412190079689025879e+02
9.412698297500610352e+02
9.413316090106964111e+02
9.413849229812622070e+02
9.414417772293090820e+02
9.414913415908813477e+02
9.415548954010009766e+02
9.416025497913360596e+02
9.416681230068206787e+02
9.417196288108825684e+02
9.417797882556915283e+02
9.418272080421447754e+02
9.418913407325744629e+02
9.419396829605102539e+02
9.420026619434356689e+02
9.420515587329864502e+02
9.421162292957305908e+02
9.421629374027252197e+02
9.422276215553283691e+02
9.422768626213073730e+02
9.423391616344451904e+02
9.423876872062683105e+02
9.425005767345428467e+02
9.425628488063812256e+02
9.426119287014007568e+02
9.426753365993499756e+02
9.427227034568786621e+02
9.427708191871643066e+02
9.428352909088134766e+02
9.428848958015441895e+02
9.429470436573028564e+02
9.429955940246582031e+02
9.430603911876678467e+02
9.431083848476409912e+02
9.431717350482940674e+02
9.432186586856842041e+02
9.432826290130615234e+02
9.433314452171325684e+02
9.433954172134399414e+02
9.434423358440399170e+02
9.435119636058807373e+02
9.435606875419616699e+02
9.436200335025787354e+02
9.436709132194519043e+02
9.437324113845825195e+02
9.437792568206787109e+02
9.438428802490234375e+02
9.438923561573028564e+02
9.439549391269683838e+02
9.440035712718963623e+02
9.440661096572875977e+02
9.441148660182952881e+02
9.441794021129608154e+02
9.442281067371368408e+02
9.442906327247619629e+02
9.443380661010742188e+02
9.444021260738372803e+02
9.444506394863128662e+02
9.445156946182250977e+02
9.445639016628265381e+02
9.446272406578063965e+02
9.446748964786529541e+02
9.447491807937622070e+02
9.447924063205718994e+02
9.448527374267578125e+02
9.448991105556488037e+02
9.449618308544158936e+02
9.450113554000854492e+02
9.450738489627838135e+02
9.451221282482147217e+02
9.451876282691955566e+02
9.452356925010681152e+02
9.453008453845977783e+02
9.453517286777496338e+02
9.454128944873809814e+02
9.454628872871398926e+02
9.455248043537139893e+02
9.455752022266387939e+02
9.456372089385986328e+02
9.458599526882171631e+02
9.459106645584106445e+02
9.459729812145233154e+02
9.460822145938873291e+02
9.461317560672760010e+02
9.461962883472442627e+02
9.462424762248992920e+02
9.463062295913696289e+02
9.463547754287719727e+02
9.464204089641571045e+02
9.464701499938964844e+02
9.465320405960083008e+02
9.465860552787780762e+02
9.466418292522430420e+02
9.466908977031707764e+02
9.467570700645446777e+02
9.468130807876586914e+02
9.468611967563629150e+02
9.469132561683654785e+02
9.469636855125427246e+02
9.470280365943908691e+02
9.470755648612976074e+02
9.471395370960235596e+02
9.471885824203491211e+02
9.472534039020538330e+02
9.473011698722839355e+02
9.473623929023742676e+02
9.474111835956573486e+02
9.474760253429412842e+02
9.475228068828582764e+02
9.475880508422851562e+02
9.476331746578216553e+02
9.476989097595214844e+02
9.477477011680603027e+02
9.478114647865295410e+02
9.478596196174621582e+02
9.479227437973022461e+02
9.479702894687652588e+02
9.480362563133239746e+02
9.480840771198272705e+02
9.481477689743041992e+02
9.481953339576721191e+02
9.482605037689208984e+02
9.483088705539703369e+02
9.483715753555297852e+02
9.484182193279266357e+02
9.484821443557739258e+02
9.485328104496002197e+02
9.485949947834014893e+02
9.486438138484954834e+02
9.487083830833435059e+02
9.487536981105804443e+02
9.488207168579101562e+02
9.488667433261871338e+02
9.489309387207031250e+02
9.489781265258789062e+02
9.490439414978027344e+02
9.490904710292816162e+02
9.491537549495697021e+02
9.492034757137298584e+02
9.492707786560058594e+02
9.493149778842926025e+02
9.493819284439086914e+02
9.494277706146240234e+02
9.494916923046112061e+02
9.495389528274536133e+02
9.496027958393096924e+02
9.496513941287994385e+02
9.497151117324829102e+02
9.497627408504486084e+02
9.498283641338348389e+02
9.498750884532928467e+02
9.499389333724975586e+02
9.499879353046417236e+02
9.500516359806060791e+02
9.500993542671203613e+02
9.501630179882049561e+02
9.502127606868743896e+02
9.502738718986511230e+02
9.503276419639587402e+02
9.503907935619354248e+02
9.504402458667755127e+02
9.504997158050537109e+02
9.505467500686645508e+02
9.506113812923431396e+02
9.506590385437011719e+02
9.507232882976531982e+02
9.507713644504547119e+02
9.508341619968414307e+02
9.508894159793853760e+02
9.509350476264953613e+02
9.509969274997711182e+02
9.510475852489471436e+02
9.511072647571563721e+02
9.511584677696228027e+02
9.512207067012786865e+02
9.512706739902496338e+02
9.513334186077117920e+02
9.513832170963287354e+02
9.514447658061981201e+02
9.514961762428283691e+02
9.515572190284729004e+02
9.516074161529541016e+02
9.516683034896850586e+02
9.517160632610321045e+02
9.517870023250579834e+02
9.518300061225891113e+02
9.518934605121612549e+02
9.519412720203399658e+02
9.520030419826507568e+02
9.520509033203125000e+02
9.521149349212646484e+02
9.521669187545776367e+02
9.522278528213500977e+02
9.522820310592651367e+02
9.523399429321289062e+02
9.523869297504425049e+02
9.524521479606628418e+02
9.525005233287811279e+02
9.525630605220794678e+02
9.526116428375244141e+02
9.526758592128753662e+02
9.527233026027679443e+02
9.527878272533416748e+02
9.528373806476593018e+02
9.528992114067077637e+02
9.529469859600067139e+02
9.530121068954467773e+02
9.530607070922851562e+02
9.531232831478118896e+02
9.531707432270050049e+02
9.532355465888977051e+02
9.532851364612579346e+02
9.533477001190185547e+02
9.534597020149230957e+02
9.535725636482238770e+02
9.536188471317291260e+02
9.536828022003173828e+02
9.537313702106475830e+02
9.537950992584228516e+02
9.538429064750671387e+02
9.539074845314025879e+02
9.539554932117462158e+02
9.540205144882202148e+02
9.540677437782287598e+02
9.541323359012603760e+02
9.541815357208251953e+02
9.542432425022125244e+02
9.542906398773193359e+02
9.543551936149597168e+02
9.544030385017395020e+02
9.544682157039642334e+02
9.545153639316558838e+02
9.545787346363067627e+02
9.546263670921325684e+02
9.546933069229125977e+02
9.547389004230499268e+02
9.548031232357025146e+02
9.548536939620971680e+02
9.549151020050048828e+02
9.549630060195922852e+02
9.550115919113159180e+02
9.550777118206024170e+02
9.551249940395355225e+02
9.551894109249114990e+02
9.552382211685180664e+02
9.552989537715911865e+02
9.553493967056274414e+02
9.554121050834655762e+02
9.554608390331268311e+02
9.555255057811737061e+02
9.555753145217895508e+02
9.556381666660308838e+02
9.556875081062316895e+02
9.557497992515563965e+02
9.557987978458404541e+02
9.558619236946105957e+02
9.559183216094970703e+02
9.559786913394927979e+02
9.560275874137878418e+02
9.560840315818786621e+02
9.561374123096466064e+02
9.561973180770874023e+02
9.562472341060638428e+02
9.563084790706634521e+02
9.563578407764434814e+02
9.564210858345031738e+02
9.564723212718963623e+02
9.565355739593505859e+02
9.565877952575683594e+02
9.566470098495483398e+02
9.566968431472778320e+02
9.567636718750000000e+02
9.568107440471649170e+02
9.568683323860168457e+02
9.569194979667663574e+02
9.569811966419219971e+02
9.570337393283843994e+02
9.570933797359466553e+02
9.571427919864654541e+02
9.572037227153778076e+02
9.572587432861328125e+02
9.573186862468719482e+02
9.573637382984161377e+02
9.574282782077789307e+02
9.574741551876068115e+02
9.575386497974395752e+02
9.575866487026214600e+02
9.576511304378509521e+02
9.576986920833587646e+02
9.577626113891601562e+02
9.578119451999664307e+02
9.578755364418029785e+02
9.579223937988281250e+02
9.579882004261016846e+02
9.580419230461120605e+02
9.581017270088195801e+02
9.581501865386962891e+02
9.582120361328125000e+02
9.582608456611633301e+02
9.583253536224365234e+02
9.583770129680633545e+02
9.584376730918884277e+02
9.584829199314117432e+02
9.585468802452087402e+02
9.586005418300628662e+02
9.586618485450744629e+02
9.587100603580474854e+02
9.587721590995788574e+02
9.588203098773956299e+02
9.588839807510375977e+02
9.589330279827117920e+02
9.589953601360321045e+02
9.590471093654632568e+02
9.591107001304626465e+02
9.591584770679473877e+02
9.592050042152404785e+02
9.592664361000061035e+02
9.593135237693786621e+02
9.593804531097412109e+02
9.594318253993988037e+02
9.594925704002380371e+02
9.595388438701629639e+02
9.596036055088043213e+02
9.596506686210632324e+02
9.597180449962615967e+02
9.597676365375518799e+02
9.598289279937744141e+02
9.598747923374176025e+02
9.599388353824615479e+02
9.599896581172943115e+02
9.600500481128692627e+02
9.601002457141876221e+02
9.601649081707000732e+02
9.602141027450561523e+02
9.602760827541351318e+02
9.603237130641937256e+02
9.603873262405395508e+02
9.604348554611206055e+02
9.604996612071990967e+02
9.605496559143066406e+02
9.606120274066925049e+02
9.606630175113677979e+02
9.607274007797241211e+02
9.607737169265747070e+02
9.608356719017028809e+02
9.608841116428375244e+02
9.609488613605499268e+02
9.609950129985809326e+02
9.610593500137329102e+02
9.611087312698364258e+02
9.611707587242126465e+02
9.612238624095916748e+02
9.612871811389923096e+02
9.613367245197296143e+02
9.613982715606689453e+02
9.614454760551452637e+02
9.615082502365112305e+02
9.615610392093658447e+02
9.616203267574310303e+02
9.616664483547210693e+02
9.617319536209106445e+02
9.617802755832672119e+02
9.618433718681335449e+02
9.618908090591430664e+02
9.619540901184082031e+02
9.620053942203521729e+02
9.620727889537811279e+02
9.621224389076232910e+02
9.621856770515441895e+02
9.622316370010375977e+02
9.622920448780059814e+02
9.623422396183013916e+02
9.624080319404602051e+02
9.624560062885284424e+02
9.625191960334777832e+02
9.625678570270538330e+02
9.626281697750091553e+02
9.626784100532531738e+02
9.627408914566040039e+02
9.627888085842132568e+02
9.628555946350097656e+02
9.629048178195953369e+02
9.629641211032867432e+02
9.630111682415008545e+02
9.630767087936401367e+02
9.631250376701354980e+02
9.631876451969146729e+02
9.632351362705230713e+02
9.632836267948150635e+02
9.633474647998809814e+02
9.633959562778472900e+02
9.634596161842346191e+02
9.635073680877685547e+02
9.635717570781707764e+02
9.636201777458190918e+02
9.636827526092529297e+02
9.637321636676788330e+02
9.637958087921142578e+02
9.638429188728332520e+02
9.639069809913635254e+02
9.639569451808929443e+02
9.640206663608551025e+02
9.640691606998443604e+02
9.641312565803527832e+02
9.641791288852691650e+02
9.642417316436767578e+02
9.642910718917846680e+02
9.643551800251007080e+02
9.644029960632324219e+02
9.644664578437805176e+02
9.645139858722686768e+02
9.646272153854370117e+02
9.646899473667144775e+02
9.647388982772827148e+02
9.648028981685638428e+02
9.648517677783966064e+02
9.649150226116180420e+02
9.649637658596038818e+02
9.650270380973815918e+02
9.650755834579467773e+02
9.651405863761901855e+02
9.651870081424713135e+02
9.652526597976684570e+02
9.652987930774688721e+02
9.653629977703094482e+02
9.654111909866333008e+02
9.654755446910858154e+02
9.655253770351409912e+02
9.655866923332214355e+02
9.656362485885620117e+02
9.656988024711608887e+02
9.657523658275604248e+02
9.658122594356536865e+02
9.658609809875488281e+02
9.659321539402008057e+02
9.659756770133972168e+02
9.660355312824249268e+02
9.660852003097534180e+02
9.661468772888183594e+02
9.661950242519378662e+02
9.662588748931884766e+02
9.663097598552703857e+02
9.663711142539978027e+02
9.664198212623596191e+02
9.664825985431671143e+02
9.665298056602478027e+02
9.665950925350189209e+02
9.666428906917572021e+02
9.667069139480590820e+02
9.667576034069061279e+02
9.668186206817626953e+02
9.668678736686706543e+02
9.669309267997741699e+02
9.669797074794769287e+02
9.670438728332519531e+02
9.670949933528900146e+02
9.672070953845977783e+02
9.672667517662048340e+02
9.673149752616882324e+02
9.673649463653564453e+02
9.674262700080871582e+02
9.674750049114227295e+02
9.675386922359466553e+02
9.675863807201385498e+02
9.676525959968566895e+02
9.677037851810455322e+02
9.677646849155426025e+02
9.678132929801940918e+02
9.678776712417602539e+02
9.679262342453002930e+02
9.679897303581237793e+02
9.680396056175231934e+02
9.681016192436218262e+02
9.681525807380676270e+02
9.682134809494018555e+02
9.682634539604187012e+02
9.683260111808776855e+02
9.683768310546875000e+02
9.684347813129425049e+02
9.684832437038421631e+02
9.685474364757537842e+02
9.685949194431304932e+02
9.686589398384094238e+02
9.687077217102050781e+02
9.687707731723785400e+02
9.688189418315887451e+02
9.688831813335418701e+02
9.689315104484558105e+02
9.689956188201904297e+02
9.690422320365905762e+02
9.691085982322692871e+02
9.691556098461151123e+02
9.692208652496337891e+02
9.692669460773468018e+02
9.693310205936431885e+02
9.693783934116363525e+02
9.694440615177154541e+02
9.694927017688751221e+02
9.695553784370422363e+02
9.696031980514526367e+02
9.696675469875335693e+02
9.697132704257965088e+02
9.697785377502441406e+02
9.698269376754760742e+02
9.698919501304626465e+02
9.699379532337188721e+02
9.700027127265930176e+02
9.700519287586212158e+02
9.701173503398895264e+02
9.701629955768585205e+02
9.702261140346527100e+02
9.702748296260833740e+02
9.703409106731414795e+02
9.703878374099731445e+02
9.704509663581848145e+02
9.705004394054412842e+02
9.705630004405975342e+02
9.706115489006042480e+02
9.706762168407440186e+02
9.707239933013916016e+02
9.707875370979309082e+02
9.708352804183959961e+02
9.709005613327026367e+02
9.709469401836395264e+02
9.710116114616394043e+02
9.710596973896026611e+02
9.711228125095367432e+02
9.711707057952880859e+02
9.712369785308837891e+02
9.712829372882843018e+02
9.713473808765411377e+02
9.713977594375610352e+02
9.714432539939880371e+02
9.715074493885040283e+02
9.715561957359313965e+02
9.716186859607696533e+02
9.716670482158660889e+02
9.717304949760437012e+02
9.717787051200866699e+02
9.718433036804199219e+02
9.718919308185577393e+02
9.719556188583374023e+02
9.720036063194274902e+02
9.720677521228790283e+02
9.721134974956512451e+02
9.721791868209838867e+02
9.722301292419433594e+02
9.722921638488769531e+02
9.723393707275390625e+02
9.724019620418548584e+02
9.724530477523803711e+02
9.725187375545501709e+02
9.725678198337554932e+02
9.726292695999145508e+02
9.726786677837371826e+02
9.727418975830078125e+02
9.727911193370819092e+02
9.728507304191589355e+02
9.728996045589447021e+02
9.729625747203826904e+02
9.730128624439239502e+02
9.730753850936889648e+02
9.731229934692382812e+02
9.731873831748962402e+02
9.732402698993682861e+02
9.733014812469482422e+02
9.733533987998962402e+02
9.734132742881774902e+02
9.734666097164154053e+02
9.735270907878875732e+02
9.735760550498962402e+02
9.736373488903045654e+02
9.736888206005096436e+02
9.737522153854370117e+02
9.738051390647888184e+02
9.738677508831024170e+02
9.739122083187103271e+02
9.739718232154846191e+02
9.740197672843933105e+02
9.740831184387207031e+02
9.741325349807739258e+02
9.741971473693847656e+02
9.742437424659729004e+02
9.743067519664764404e+02
9.743561406135559082e+02
9.744200117588043213e+02
9.744674210548400879e+02
9.745318579673767090e+02
9.745787615776062012e+02
9.746428835391998291e+02
9.746937706470489502e+02
9.747552528381347656e+02
9.748039460182189941e+02
9.748676669597625732e+02
9.749138815402984619e+02
9.749800255298614502e+02
9.750278737545013428e+02
9.750975570678710938e+02
9.751414239406585693e+02
9.752033643722534180e+02
9.752520034313201904e+02
9.753640832901000977e+02
9.754278695583343506e+02
9.754757149219512939e+02
9.755392885208129883e+02
9.755871763229370117e+02
9.756337769031524658e+02
9.756995038986206055e+02
9.757481582164764404e+02
9.758119707107543945e+02
9.758608245849609375e+02
9.759235854148864746e+02
9.759711854457855225e+02
9.760340058803558350e+02
9.760827019214630127e+02
9.761469101905822754e+02
9.761969430446624756e+02
9.762589659690856934e+02
9.763085927963256836e+02
9.763714289665222168e+02
9.764198570251464844e+02
9.764851136207580566e+02
9.765312111377716064e+02
9.765952346324920654e+02
9.766421051025390625e+02
9.767076494693756104e+02
9.767553565502166748e+02
9.768199717998504639e+02
9.768680310249328613e+02
9.769337522983551025e+02
9.769797866344451904e+02
9.770435135364532471e+02
9.770907559394836426e+02
9.771550676822662354e+02
9.772034826278686523e+02
9.772663528919219971e+02
9.773152732849121094e+02
9.773796415328979492e+02
9.774285888671875000e+02
9.774925870895385742e+02
9.775440382957458496e+02
9.776027059555053711e+02
9.776512053012847900e+02
9.777149319648742676e+02
9.777668638229370117e+02
9.778279874324798584e+02
9.778759829998016357e+02
9.779392373561859131e+02
9.779873945713043213e+02
9.780540099143981934e+02
9.781008460521697998e+02
9.781628355979919434e+02
9.782112534046173096e+02
9.782765820026397705e+02
9.783287060260772705e+02
9.783872895240783691e+02
9.784370191097259521e+02
9.784993426799774170e+02
9.785478785037994385e+02
9.786120953559875488e+02
9.786610481739044189e+02
9.787226576805114746e+02
9.787704739570617676e+02
9.788354978561401367e+02
9.788863077163696289e+02
9.789502680301666260e+02
9.789987649917602539e+02
9.790594654083251953e+02
9.791096041202545166e+02
9.791751945018768311e+02
9.792219855785369873e+02
9.792847578525543213e+02
9.793335630893707275e+02
9.793973009586334229e+02
9.794454019069671631e+02
9.795083706378936768e+02
9.795564618110656738e+02
9.796191842555999756e+02
9.796663973331451416e+02
9.797154359817504883e+02
9.797795207500457764e+02
9.798270990848541260e+02
9.798910679817199707e+02
9.799393315315246582e+02
9.800037140846252441e+02
9.800533642768859863e+02
9.801157512664794922e+02
9.801638565063476562e+02
9.802273271083831787e+02
9.802764868736267090e+02
9.803391940593719482e+02
9.803893284797668457e+02
9.804506881237030029e+02
9.804997422695159912e+02
9.805619440078735352e+02
9.806125168800354004e+02
9.806759433746337891e+02
9.807294621467590332e+02
9.807863457202911377e+02
9.808353834152221680e+02
9.808992238044738770e+02
9.809474890232086182e+02
9.810126256942749023e+02
9.810590932369232178e+02
9.811229867935180664e+02
9.811717276573181152e+02
9.812355139255523682e+02
9.812839312553405762e+02
9.813471767902374268e+02
9.813961927890777588e+02
9.814580965042114258e+02
9.815075430870056152e+02
9.815710520744323730e+02
9.816192834377288818e+02
9.816828389167785645e+02
9.817311921119689941e+02
9.817969946861267090e+02
9.818426818847656250e+02
9.819064898490905762e+02
9.819550189971923828e+02
9.820189607143402100e+02
9.820679862499237061e+02
9.821313607692718506e+02
9.821804850101470947e+02
9.822427906990051270e+02
9.822916195392608643e+02
9.823550868034362793e+02
9.824028904438018799e+02
9.824666512012481689e+02
9.825179982185363770e+02
9.825801627635955811e+02
9.826296098232269287e+02
9.826914174556732178e+02
9.827379672527313232e+02
9.828029541969299316e+02
9.828506188392639160e+02
9.829167361259460449e+02
9.829685549736022949e+02
9.830270826816558838e+02
9.830749859809875488e+02
9.831399977207183838e+02
9.831876063346862793e+02
9.832510995864868164e+02
9.832987053394317627e+02
9.833619067668914795e+02
9.834099264144897461e+02
9.834755456447601318e+02
9.835267736911773682e+02
9.835877518653869629e+02
9.836357576847076416e+02
9.836983411312103271e+02
9.837472000122070312e+02
9.837950129508972168e+02
9.838659276962280273e+02
9.839103119373321533e+02
9.839715294837951660e+02
9.840190451145172119e+02
9.840840268135070801e+02
9.841338403224945068e+02
9.841989583969116211e+02
9.842436652183532715e+02
9.843070931434631348e+02
9.843551161289215088e+02
9.844210360050201416e+02
9.844699440002441406e+02
9.845310118198394775e+02
9.845831012725830078e+02
9.846453132629394531e+02
9.847002143859863281e+02
9.847569940090179443e+02
9.848068778514862061e+02
9.848696484565734863e+02
9.849181628227233887e+02
9.849808421134948730e+02
9.850306868553161621e+02
9.850922110080718994e+02
9.851441788673400879e+02
9.852018237113952637e+02
9.852505633831024170e+02
9.853154158592224121e+02
9.853629281520843506e+02
9.854275221824645996e+02
9.854769113063812256e+02
9.855383632183074951e+02
9.855865652561187744e+02
9.856515753269195557e+02
9.856997978687286377e+02
9.857615134716033936e+02
9.858097832202911377e+02
9.858747498989105225e+02
9.859228296279907227e+02
9.859876656532287598e+02
9.860352652072906494e+02
9.860988221168518066e+02
9.861480398178100586e+02
9.862127869129180908e+02
9.862585844993591309e+02
9.863237302303314209e+02
9.863707160949707031e+02
9.864341642856597900e+02
9.864836685657501221e+02
9.865494422912597656e+02
9.865953698158264160e+02
9.866592574119567871e+02
9.867072441577911377e+02
9.867727136611938477e+02
9.868194296360015869e+02
9.868835906982421875e+02
9.869309608936309814e+02
9.869938681125640869e+02
9.870425341129302979e+02
9.871079456806182861e+02
9.871532928943634033e+02
9.872184865474700928e+02
9.872677180767059326e+02
9.873313291072845459e+02
9.873782744407653809e+02
9.874428544044494629e+02
9.874915657043457031e+02
9.875564105510711670e+02
9.876030597686767578e+02
9.876675772666931152e+02
9.877154119014739990e+02
9.877788860797882080e+02
9.878319129943847656e+02
9.878756210803985596e+02
9.879382610321044922e+02
9.879882223606109619e+02
9.880511770248413086e+02
9.880988421440124512e+02
9.881627976894378662e+02
9.882136509418487549e+02
9.882772209644317627e+02
9.883248074054718018e+02
9.883880093097686768e+02
9.884355430603027344e+02
9.884998304843902588e+02
9.885475406646728516e+02
9.886128783226013184e+02
9.886582348346710205e+02
9.887236726284027100e+02
9.887705872058868408e+02
9.888338787555694580e+02
9.888835194110870361e+02
9.889499702453613281e+02
9.889935851097106934e+02
9.890593967437744141e+02
9.891077706813812256e+02
9.891711769104003906e+02
9.892215466499328613e+02
9.892837734222412109e+02
9.893306739330291748e+02
9.893947823047637939e+02
9.894509029388427734e+02
9.895085766315460205e+02
9.895583057403564453e+02
9.896195600032806396e+02
9.896673090457916260e+02
9.897301025390625000e+02
9.897792460918426514e+02
9.898449416160583496e+02
9.898940868377685547e+02
9.899534771442413330e+02
9.900067136287689209e+02
9.900698595046997070e+02
9.901182546615600586e+02
9.901795616149902344e+02
9.902297677993774414e+02
9.902927160263061523e+02
9.903433806896209717e+02
9.904050736427307129e+02
9.904552397727966309e+02
9.905171122550964355e+02
9.905661954879760742e+02
9.906288182735443115e+02
9.906760742664337158e+02
9.907407205104827881e+02
9.907885596752166748e+02
9.908514933586120605e+02
9.908997828960418701e+02
9.909642155170440674e+02
9.910114555358886719e+02
9.910759961605072021e+02
9.911235463619232178e+02
9.911866800785064697e+02
9.912347450256347656e+02
9.912991793155670166e+02
9.913477592468261719e+02
9.914104907512664795e+02
9.914599668979644775e+02
9.915235757827758789e+02
9.915712223052978516e+02
9.916339535713195801e+02
9.916838181018829346e+02
9.917477581501007080e+02
9.917939951419830322e+02
9.918585934638977051e+02
9.919078195095062256e+02
9.919711949825286865e+02
9.920206975936889648e+02
9.920673403739929199e+02
9.921301579475402832e+02
9.921805615425109863e+02
9.922424879074096680e+02
9.922907912731170654e+02
9.923561339378356934e+02
9.924100871086120605e+02
9.924671730995178223e+02
9.925161991119384766e+02
9.925779767036437988e+02
9.926276521682739258e+02
9.926921627521514893e+02
9.927396376132965088e+02
9.928027274608612061e+02
9.928507292270660400e+02
9.929153416156768799e+02
9.929640402793884277e+02
9.930271577835083008e+02
9.930751316547393799e+02
9.931397519111633301e+02
9.931868577003479004e+02
9.932511193752288818e+02
9.933004989624023438e+02
9.933639361858367920e+02
9.934127070903778076e+02
9.934770877361297607e+02
9.935239779949188232e+02
9.935869402885437012e+02
9.936369187831878662e+02
9.936990399360656738e+02
9.937463936805725098e+02
9.938111424446105957e+02
9.938597533702850342e+02
9.939236748218536377e+02
9.939709820747375488e+02
9.940353946685791016e+02
9.940837864875793457e+02
9.941468143463134766e+02
9.941938686370849609e+02
9.942584724426269531e+02
9.943087124824523926e+02
9.943712942600250244e+02
9.944203774929046631e+02
9.944840557575225830e+02
9.945299255847930908e+02
9.945951757431030273e+02
9.946434702873229980e+02
9.947067990303039551e+02
9.947563357353210449e+02
9.948234958648681641e+02
9.948677995204925537e+02
9.949308946132659912e+02
9.949797906875610352e+02
9.950503890514373779e+02
9.950975804328918457e+02
9.951586627960205078e+02
9.952030336856842041e+02
9.952684860229492188e+02
9.953138306140899658e+02
9.953790624141693115e+02
9.954288394451141357e+02
9.954922716617584229e+02
9.955402793884277344e+02
9.956040217876434326e+02
9.956535129547119141e+02
9.957180581092834473e+02
9.957663209438323975e+02
9.958295245170593262e+02
9.958767201900482178e+02
9.959408221244812012e+02
9.959915885925292969e+02
9.960550203323364258e+02
9.961014199256896973e+02
9.961513833999633789e+02
9.962120306491851807e+02
9.962608952522277832e+02
9.963268592357635498e+02
9.963737931251525879e+02
9.964341061115264893e+02
9.964825429916381836e+02
9.965468316078186035e+02
9.965940930843353271e+02
9.966598582267761230e+02
9.967074561119079590e+02
9.967715747356414795e+02
9.968180634975433350e+02
9.968820607662200928e+02
9.969341077804565430e+02
9.969950489997863770e+02
9.970441532135009766e+02
9.971055178642272949e+02
9.971532666683197021e+02
9.972193393707275391e+02
9.972681467533111572e+02
9.973315241336822510e+02
9.973797278404235840e+02
9.974420158863067627e+02
9.974904212951660156e+02
9.975596902370452881e+02
9.976050994396209717e+02
9.976672420501708984e+02
9.977149388790130615e+02
9.977798750400543213e+02
9.978336079120635986e+02
9.978912220001220703e+02
9.979411346912384033e+02
9.980029883384704590e+02
9.980507359504699707e+02
9.981155326366424561e+02
9.981615703105926514e+02
9.982269444465637207e+02
9.982767775058746338e+02
9.983378739356994629e+02
9.983880267143249512e+02
9.984510874748229980e+02
9.985010728836059570e+02
9.985630366802215576e+02
9.986160292625427246e+02
9.986756601333618164e+02
9.987235720157623291e+02
9.987879371643066406e+02
9.988357651233673096e+02
9.988986737728118896e+02
9.989468674659729004e+02
9.990130562782287598e+02
9.990607786178588867e+02
9.991238944530487061e+02
9.991700510978698730e+02
9.992357831001281738e+02
9.992820231914520264e+02
9.993476321697235107e+02
9.993954303264617920e+02
9.994594936370849609e+02
9.995067560672760010e+02
9.995709764957427979e+02
9.996186540126800537e+02
9.996836807727813721e+02
9.997301554679870605e+02
9.997949919700622559e+02
9.998421795368194580e+02
9.999076943397521973e+02
9.999570343494415283e+02
1.000019260168075562e+03
1.000067137241363525e+03
1.000131956577301025e+03
1.000180862903594971e+03
1.000227960586547852e+03
1.000290330886840820e+03
1.000339744091033936e+03
1.000402766227722168e+03
1.000451663494110107e+03
1.000514971971511841e+03
1.000564282655715942e+03
1.000628678321838379e+03
1.000683676958084106e+03
1.000740757465362549e+03
1.000788483142852783e+03
1.000850878477096558e+03
1.000898658752441406e+03
1.000963114976882935e+03
1.001013651132583618e+03
1.001073851346969604e+03
1.001126667737960815e+03
1.001189136981964111e+03
1.001239350318908691e+03
1.001301853656768799e+03
1.001351885080337524e+03
1.001412213802337646e+03
1.001461267232894897e+03
1.001525563001632690e+03
1.001573978900909424e+03
1.001635904788970947e+03
1.001685065269470215e+03
1.001747953176498413e+03
1.001797341108322144e+03
1.001861215353012085e+03
1.001911346673965454e+03
1.001970101594924927e+03
1.002021740436553955e+03
1.002082806825637817e+03
1.002135897159576416e+03
1.002195321798324585e+03
1.002243726968765259e+03
1.002309857845306396e+03
1.002355697631835938e+03
1.002420392990112305e+03
1.002467895507812500e+03
1.002530777931213379e+03
1.002583222150802612e+03
1.002642865419387817e+03
1.002691106557846069e+03
1.002754890441894531e+03
1.002802798748016357e+03
1.002866561174392700e+03
1.002913700819015503e+03
1.002981513977050781e+03
1.003028504133224487e+03
1.003089698791503906e+03
1.003138447761535645e+03
1.003201849222183228e+03
1.003251157760620117e+03
1.003317365169525146e+03
1.003368894815444946e+03
1.003427773714065552e+03
1.003476132154464722e+03
1.003538789987564087e+03
1.003590167999267578e+03
1.003651780366897583e+03
1.003701431512832642e+03
1.003762215614318848e+03
1.003811909675598145e+03
1.003875199556350708e+03
1.003922962188720703e+03
1.003987521886825562e+03
1.004036814212799072e+03
1.004098449945449829e+03
1.004148422718048096e+03
1.004212240695953369e+03
1.004260179758071899e+03
1.004308122634887695e+03
1.004370181322097778e+03
1.004419371843338013e+03
1.004484185457229614e+03
1.004530027866363525e+03
1.004593282461166382e+03
1.004643655300140381e+03
1.004707888364791870e+03
1.004763556718826294e+03
1.004823685169219971e+03
1.004868286848068237e+03
1.004929928064346313e+03
1.004979430675506592e+03
1.005043153524398804e+03
1.005093168735504150e+03
1.005155201673507690e+03
1.005204290151596069e+03
1.005267856836318970e+03
1.005316281557083130e+03
1.005378473758697510e+03
1.005426982641220093e+03
1.005490898132324219e+03
1.005539797782897949e+03
1.005603722333908081e+03
1.005651708126068115e+03
1.005713630914688110e+03
1.005763236284255981e+03
1.005827569961547852e+03
1.005875664949417114e+03
1.005940049409866333e+03
1.005987295627593994e+03
1.006051680088043213e+03
1.006099979400634766e+03
1.006161716699600220e+03
1.006214014053344727e+03
1.006276559352874756e+03
1.006328856706619263e+03
1.006391267061233521e+03
1.006437662601470947e+03
1.006499528884887695e+03
1.006546665430068970e+03
1.006610502004623413e+03
1.006658812046051025e+03
1.006722484350204468e+03
1.006776699542999268e+03
1.006837302923202515e+03
1.006887913465499878e+03
1.006950575828552246e+03
1.006998750925064087e+03
1.007061067342758179e+03
1.007111066341400146e+03
1.007173223257064819e+03
1.007222563982009888e+03
1.007285192966461182e+03
1.007333420991897583e+03
1.007397130727767944e+03
1.007448265552520752e+03
1.007510266304016113e+03
1.007562025070190430e+03
1.007626148939132690e+03
1.007668130636215210e+03
1.007731064081192017e+03
1.007781732320785522e+03
1.007842348337173462e+03
1.007890869855880737e+03
1.007955903530120850e+03
1.008004052400588989e+03
1.008067530870437622e+03
1.008115000963211060e+03
1.008182584762573242e+03
1.008227904796600342e+03
1.008291846275329590e+03
1.008339990615844727e+03
1.008402208805084229e+03
1.008450650453567505e+03
1.008499902009963989e+03
1.008563342809677124e+03
1.008611881971359253e+03
1.008673867464065552e+03
1.008726203680038452e+03
1.008786194562911987e+03
1.008835731267929077e+03
1.008898310422897339e+03
1.008946434497833252e+03
1.009015146970748901e+03
1.009063077926635742e+03
1.009124064922332764e+03
1.009171155214309692e+03
1.009233257293701172e+03
1.009283559322357178e+03
1.009347818136215210e+03
1.009397028207778931e+03
1.009459489107131958e+03
1.009508025884628296e+03
1.009570061206817627e+03
1.009619826793670654e+03
1.009682847261428833e+03
1.009731012821197510e+03
1.009795958757400513e+03
1.009843810558319092e+03
1.009906718492507935e+03
1.009954713582992554e+03
1.010019022226333618e+03
1.010066977977752686e+03
1.010130826950073242e+03
1.010181668281555176e+03
1.010246102094650269e+03
1.010290698289871216e+03
1.010353849411010742e+03
1.010403865337371826e+03
1.010468091726303101e+03
1.010515526771545410e+03
1.010579459667205811e+03
1.010628307342529297e+03
1.010691921710968018e+03
1.010739405393600464e+03
1.010804049730300903e+03
1.010851239681243896e+03
1.010915771245956421e+03
1.010963706254959106e+03
1.011027479410171509e+03
1.011075795888900757e+03
1.011138455152511597e+03
1.011189028739929199e+03
1.011252898693084717e+03
1.011300993680953979e+03
1.011362810850143433e+03
1.011411072254180908e+03
1.011475032567977905e+03
1.011523859262466431e+03
1.011588429927825928e+03
1.011634957551956177e+03
1.011699087858200073e+03
1.011746762752532959e+03
1.011819169998168945e+03
1.011865989923477173e+03
1.011924851179122925e+03
1.011972548723220825e+03
1.012040048360824585e+03
1.012084461927413940e+03
1.012147809028625488e+03
1.012195161104202271e+03
1.012259545087814331e+03
1.012310126781463623e+03
1.012374856710433960e+03
1.012423847198486328e+03
1.012484879255294800e+03
1.012534111976623535e+03
1.012583501577377319e+03
1.012643354415893555e+03
1.012692964553833008e+03
1.012755442142486572e+03
1.012809743642807007e+03
1.012870632886886597e+03
1.012919908761978149e+03
1.012980558633804321e+03
1.013028516054153442e+03
1.013091725111007690e+03
1.013142191171646118e+03
1.013201475858688354e+03
1.013250057220458984e+03
1.013315210819244385e+03
1.013363516092300415e+03
1.013426916360855103e+03
1.013476438999176025e+03
1.013539378166198730e+03
1.013585681200027466e+03
1.013650964260101318e+03
1.013701061487197876e+03
1.013763181686401367e+03
1.013810990333557129e+03
1.013873187780380249e+03
1.013924008131027222e+03
1.013986604690551758e+03
1.014036136388778687e+03
1.014100763320922852e+03
1.014147415161132812e+03
1.014216368436813354e+03
1.014262227058410645e+03
1.014323949813842773e+03
1.014370281696319580e+03
1.014433954715728760e+03
1.014483805179595947e+03
1.014547739744186401e+03
1.014595378398895264e+03
1.014661179780960083e+03
1.014710275888442993e+03
1.014770721673965454e+03
1.014818606853485107e+03
1.014883393764495850e+03
1.014930919647216797e+03
1.014995555162429810e+03
1.015043794870376587e+03
1.015108499765396118e+03
1.015155572414398193e+03
1.015219632387161255e+03
1.015266536235809326e+03
1.015331141233444214e+03
1.015379633426666260e+03
1.015443848133087158e+03
1.015492672443389893e+03
1.015555540323257446e+03
1.015604332208633423e+03
1.015667295217514038e+03
1.015715338468551636e+03
1.015779979705810547e+03
1.015828155517578125e+03
1.015891396284103394e+03
1.015940731287002563e+03
1.016003849267959595e+03
1.016051333665847778e+03
1.016115065574645996e+03
1.016163860559463501e+03
1.016227063417434692e+03
1.016275492191314697e+03
1.016341326713562012e+03
1.016386572837829590e+03
1.016451570510864258e+03
1.016501209497451782e+03
1.016563167572021484e+03
1.016610722303390503e+03
1.016658617496490479e+03
1.016721860170364380e+03
1.016772083282470703e+03
1.016835576057434082e+03
1.016882732868194580e+03
1.016946444988250732e+03
1.016995275974273682e+03
1.017059993267059326e+03
1.017107096910476685e+03
1.017170180082321167e+03
1.017218920946121216e+03
1.017282870292663574e+03
1.017331921100616455e+03
1.017402996063232422e+03
1.017451116561889648e+03
1.017508282184600830e+03
1.017554934978485107e+03
1.017620102167129517e+03
1.017666355609893799e+03
1.017730860471725464e+03
1.017779546499252319e+03
1.017843021154403687e+03
1.017891687154769897e+03
1.017957555532455444e+03
1.018005874633789062e+03
1.018068778514862061e+03
1.018118819952011108e+03
1.018181864023208618e+03
1.018231595993041992e+03
1.018293863296508789e+03
1.018345112800598145e+03
1.018403330087661743e+03
1.018453227519989014e+03
1.018517997026443481e+03
1.018570544481277466e+03
1.018629116535186768e+03
1.018678712606430054e+03
1.018738224029541016e+03
1.018788473844528198e+03
1.018851600408554077e+03
1.018899202346801758e+03
1.018962926626205444e+03
1.019011074781417847e+03
1.019075809717178345e+03
1.019123331308364868e+03
1.019186727762222290e+03
1.019234858512878418e+03
1.019299488782882690e+03
1.019347121715545654e+03
1.019410806894302368e+03
1.019459857225418091e+03
1.019522018909454346e+03
1.019572979211807251e+03
1.019636492490768433e+03
1.019683352470397949e+03
1.019747816085815430e+03
1.019795898199081421e+03
1.019858678817749023e+03
1.019906641006469727e+03
1.019971001625061035e+03
1.020020685911178589e+03
1.020082299709320068e+03
1.020131997823715210e+03
1.020195196151733398e+03
1.020242057085037231e+03
1.020307991504669189e+03
1.020357224225997925e+03
1.020418921947479248e+03
1.020467007637023926e+03
1.020530341863632202e+03
1.020579156160354614e+03
1.020643776655197144e+03
1.020696906566619873e+03
1.020742825269699097e+03
1.020803000450134277e+03
1.020850661516189575e+03
1.020915656805038452e+03
1.020964189052581787e+03
1.021027864694595337e+03
1.021078896999359131e+03
1.021139179706573486e+03
1.021188175439834595e+03
1.021252279520034790e+03
1.021298832416534424e+03
1.021363218307495117e+03
1.021412181377410889e+03
1.021475822925567627e+03
1.021522007942199707e+03
1.021588409423828125e+03
1.021635668516159058e+03
1.021699501037597656e+03
1.021747019052505493e+03
1.021810580015182495e+03
1.021858445167541504e+03
1.021925010681152344e+03
1.021971694707870483e+03
1.022036524772644043e+03
1.022083855628967285e+03
1.022147111654281616e+03
1.022195218324661255e+03
1.022257886171340942e+03
1.022308459758758545e+03
1.022370048522949219e+03
1.022422222614288330e+03
1.022483430862426758e+03
1.022532005310058594e+03
1.022596544981002808e+03
1.022643280506134033e+03
1.022708108425140381e+03
1.022756804704666138e+03
1.022822850942611694e+03
1.022870790243148804e+03
1.022931249618530273e+03
1.022990451574325562e+03
1.023045465707778931e+03
1.023095064163208008e+03
1.023154622077941895e+03
1.023203656435012817e+03
1.023275743484497070e+03
1.023321826696395874e+03
1.023380677461624146e+03
1.023440713405609131e+03
1.023500532865524292e+03
1.023553113937377930e+03
1.023615339517593384e+03
1.023661471605300903e+03
1.023718264579772949e+03
1.023770222425460815e+03
1.023833214759826660e+03
1.023884629011154175e+03
1.023939254522323608e+03
1.023989420890808105e+03
1.024052018642425537e+03
1.024105358123779297e+03
1.024166727304458618e+03
1.024217559337615967e+03
1.024277845621109009e+03
1.024325639724731445e+03
1.024388432264328003e+03
1.024440636634826660e+03
1.024501631975173950e+03
1.024548177003860474e+03
1.024616054058074951e+03
1.024665195465087891e+03
1.024724776983261108e+03
1.024771953821182251e+03
1.024837521791458130e+03
1.024887223243713379e+03
1.024936275005340576e+03
1.024997911930084229e+03
1.025043691396713257e+03
1.025107811212539673e+03
1.025155941009521484e+03
1.025221057891845703e+03
1.025272383451461792e+03
1.025333352088928223e+03
1.025379566192626953e+03
1.025441490888595581e+03
1.025492895364761353e+03
1.025558314323425293e+03
1.025606135368347168e+03
1.025670203208923340e+03
1.025715544700622559e+03
1.025778336524963379e+03
1.025826939344406128e+03
1.025895071268081665e+03
1.025943377017974854e+03
1.026006685972213745e+03
1.026053592205047607e+03
1.026116106033325195e+03
1.026166792631149292e+03
1.026233953714370728e+03
1.026281008481979370e+03
1.026338123798370361e+03
1.026389988899230957e+03
1.026461308717727661e+03
1.026506800174713135e+03
1.026563448429107666e+03
1.026610904455184937e+03
1.026676687002182007e+03
1.026723665714263916e+03
1.026791102170944214e+03
1.026840279340744019e+03
1.026898689985275269e+03
1.026946619749069214e+03
1.027012271642684937e+03
1.027059187412261963e+03
1.027123902320861816e+03
1.027178836822509766e+03
1.027238944053649902e+03
1.027288752079010010e+03
1.027348148107528687e+03
1.027396053791046143e+03
1.027458612442016602e+03
1.027508061647415161e+03
1.027571688175201416e+03
1.027618644237518311e+03
1.027686307668685913e+03
1.027734256505966187e+03
1.027794764995574951e+03
1.027845587253570557e+03
1.027907236099243164e+03
1.027953857421875000e+03
1.028018933057785034e+03
1.028067974328994751e+03
1.028131751537322998e+03
1.028179120540618896e+03
1.028247272968292236e+03
1.028297310352325439e+03
1.028361253976821899e+03
1.028405624389648438e+03
1.028468508481979370e+03
1.028514099121093750e+03
1.028581530809402466e+03
1.028631584882736206e+03
1.028692902803421021e+03
1.028738516092300415e+03
1.028802844762802124e+03
1.028850151300430298e+03
1.028915291786193848e+03
1.028962799310684204e+03
1.029011521100997925e+03
1.029075085401535034e+03
1.029126228570938110e+03
1.029188863515853882e+03
1.029240443468093872e+03
1.029300742626190186e+03
1.029351698875427246e+03
1.029413146734237671e+03
1.029463835000991821e+03
1.029528069972991943e+03
1.029573995590209961e+03
1.029635615587234497e+03
1.029685600042343140e+03
1.029748432636260986e+03
1.029803919076919556e+03
1.029861356496810913e+03
1.029908884763717651e+03
1.029972921609878540e+03
1.030021125316619873e+03
1.030083305597305298e+03
1.030130828142166138e+03
1.030195048570632935e+03
1.030242790460586548e+03
1.030307661771774292e+03
1.030355323314666748e+03
1.030417897224426270e+03
1.030468799352645874e+03
1.030530616283416748e+03
1.030579574108123779e+03
1.030642590999603271e+03
1.030689829826354980e+03
1.030755317211151123e+03
1.030803133010864258e+03
1.030867972373962402e+03
1.030915748834609985e+03
1.030978451967239380e+03
1.031027622222900391e+03
1.031091474771499634e+03
1.031141851186752319e+03
1.031202948093414307e+03
1.031251436948776245e+03
1.031315686225891113e+03
1.031363239049911499e+03
1.031426913261413574e+03
1.031473861217498779e+03
1.031539024114608765e+03
1.031589982748031616e+03
1.031651947736740112e+03
1.031700513124465942e+03
1.031762744188308716e+03
1.031810465335845947e+03
1.031875111103057861e+03
1.031923039436340332e+03
1.031987804174423218e+03
1.032038232564926147e+03
1.032099412679672241e+03
1.032148724794387817e+03
1.032211290359497070e+03
1.032259557962417603e+03
1.032322852373123169e+03
1.032371879100799561e+03
1.032433956861495972e+03
1.032483546972274780e+03
1.032548808574676514e+03
1.032593986272811890e+03
1.032658669948577881e+03
1.032707840919494629e+03
1.032769553422927856e+03
1.032821526050567627e+03
1.032882987737655640e+03
1.032930909633636475e+03
1.032993644952774048e+03
1.033042828559875488e+03
1.033089542865753174e+03
1.033155859708786011e+03
1.033204975843429565e+03
1.033267621755599976e+03
1.033315291166305542e+03
1.033379842042922974e+03
1.033427506923675537e+03
1.033492822408676147e+03
1.033543174266815186e+03
1.033606548309326172e+03
1.033658614873886108e+03
1.033723925828933716e+03
1.033766327142715454e+03
1.033828001260757446e+03
1.033875096082687378e+03
1.033939579963684082e+03
1.033986682176589966e+03
1.034050597190856934e+03
1.034100252628326416e+03
1.034172068834304810e+03
1.034217577934265137e+03
1.034275326967239380e+03
1.034324803113937378e+03
1.034386593341827393e+03
1.034435091733932495e+03
1.034500891208648682e+03
1.034548604965209961e+03
1.034609912157058716e+03
1.034659573078155518e+03
1.034725875139236450e+03
1.034774035930633545e+03
1.034839167118072510e+03
1.034886461973190308e+03
1.034947697401046753e+03
1.034999262571334839e+03
1.035061359882354736e+03
1.035108396291732788e+03
1.035172681331634521e+03
1.035222280740737915e+03
1.035284244060516357e+03
1.035332726001739502e+03
1.035395091533660889e+03
1.035446923494338989e+03
1.035508171558380127e+03
1.035555451393127441e+03
1.035619754314422607e+03
1.035669651985168457e+03
1.035730724334716797e+03
1.035780757188796997e+03
1.035842715740203857e+03
1.035890225648880005e+03
1.035954895496368408e+03
1.036007505893707275e+03
1.036066668510437012e+03
1.036121289253234863e+03
1.036179750919342041e+03
1.036226783275604248e+03
1.036290036439895630e+03
1.036339771032333374e+03
1.036402746677398682e+03
1.036451576709747314e+03
1.036515104293823242e+03
1.036562009572982788e+03
1.036627917766571045e+03
1.036676906585693359e+03
1.036739804029464722e+03
1.036788230657577515e+03
1.036858222484588623e+03
1.036904006004333496e+03
1.036962661266326904e+03
1.037009984254837036e+03
1.037075455427169800e+03
1.037123601675033569e+03
1.037170448541641235e+03
1.037233896970748901e+03
1.037283424854278564e+03
1.037346374034881592e+03
1.037395183086395264e+03
1.037460219621658325e+03
1.037507739782333374e+03
1.037573263406753540e+03
1.037619939088821411e+03
1.037683300018310547e+03
1.037730779170989990e+03
1.037795448303222656e+03
1.037848636388778687e+03
1.037908268213272095e+03
1.037956084966659546e+03
1.038019408941268921e+03
1.038066903114318848e+03
1.038130825757980347e+03
1.038180034875869751e+03
1.038244262695312500e+03
1.038290988922119141e+03
1.038358249187469482e+03
1.038403858184814453e+03
1.038466871500015259e+03
1.038514967679977417e+03
1.038579795598983765e+03
1.038632726907730103e+03
1.038691822052001953e+03
1.038739701032638550e+03
1.038806483030319214e+03
1.038853340864181519e+03
1.038915495157241821e+03
1.038961520433425903e+03
1.039026939392089844e+03
1.039074132680892944e+03
1.039138865232467651e+03
1.039187583923339844e+03
1.039250410556793213e+03
1.039299369335174561e+03
1.039363991260528564e+03
1.039416253805160522e+03
1.039475611925125122e+03
1.039523073911666870e+03
1.039587177038192749e+03
1.039636573314666748e+03
1.039699655771255493e+03
1.039751784086227417e+03
1.039813771724700928e+03
1.039863058567047119e+03
1.039923231124877930e+03
1.039970795869827271e+03
1.040036790609359741e+03
1.040083274364471436e+03
1.040147483348846436e+03
1.040202801704406738e+03
1.040259308815002441e+03
1.040309546232223511e+03
1.040372284173965454e+03
1.040421506881713867e+03
1.040487607479095459e+03
1.041427051544189453e+03
1.041479172229766846e+03
1.041542885303497314e+03
1.041593994855880737e+03
1.041660078287124634e+03
1.041709332704544067e+03
1.041766037702560425e+03
1.041820739269256592e+03
1.041883871078491211e+03
1.041929240942001343e+03
1.041993404626846313e+03
1.042044995546340942e+03
1.042106035470962524e+03
1.042156380414962769e+03
1.042218450307846069e+03
1.042270099401473999e+03
1.042329294443130493e+03
1.042378401517868042e+03
1.042439102172851562e+03
1.042496757507324219e+03
1.042559326410293579e+03
1.042607744216918945e+03
1.042672054767608643e+03
1.042719764471054077e+03
1.042779293060302734e+03
1.042832644462585449e+03
1.042891703605651855e+03
1.042950280427932739e+03
1.043008039236068726e+03
1.043056755781173706e+03
1.043124132156372070e+03
1.043169466495513916e+03
1.043228086471557617e+03
1.043284028530120850e+03
1.043340996026992798e+03
1.043392042875289917e+03
1.043453215122222900e+03
1.043503913164138794e+03
1.043561564207077026e+03
1.043613320827484131e+03
1.043678745746612549e+03
1.043728738069534302e+03
1.043789157390594482e+03
1.043846722364425659e+03
1.043909828901290894e+03
1.043958217859268188e+03
1.044021943092346191e+03
1.044064200162887573e+03
1.044126480817794800e+03
1.044180480003356934e+03
1.044240468978881836e+03
1.044287410974502563e+03
1.044348155736923218e+03
1.044399267196655273e+03
1.044460842370986938e+03
1.044510431766510010e+03
1.044566918849945068e+03
1.044625034093856812e+03
1.044684918403625488e+03
1.044731154680252075e+03
1.044789780616760254e+03
1.044842247247695923e+03
1.044905510187149048e+03
1.044960874319076538e+03
1.045023418903350830e+03
1.045064921855926514e+03
1.045126153945922852e+03
1.045174486398696899e+03
1.045236030101776123e+03
1.045288518190383911e+03
1.045355353832244873e+03
1.045417120695114136e+03
1.045453528404235840e+03
1.045507858037948608e+03
1.045560284852981567e+03
1.045621913433074951e+03
1.045671262025833130e+03
1.045732029914855957e+03
1.045780953884124756e+03
1.045844109058380127e+03
1.045898515224456787e+03
1.045956940412521362e+03
1.046008359670639038e+03
1.046071574211120605e+03
1.046121043920516968e+03
1.046184978961944580e+03
1.046239847660064697e+03
1.046294953107833862e+03
1.046342118978500366e+03
1.046405101060867310e+03
1.046455587148666382e+03
1.046526351451873779e+03
1.046587335109710693e+03
1.046655595541000366e+03
1.046697042465209961e+03
1.046762169837951660e+03
1.046805014133453369e+03
1.046867350816726685e+03
1.046918715476989746e+03
1.046982050657272339e+03
1.047026854038238525e+03
1.047084556579589844e+03
1.047133306503295898e+03
1.047197756767272949e+03
1.047245458364486694e+03
1.047309534072875977e+03
1.047360995054244995e+03
1.047423230648040771e+03
1.047472378492355347e+03
1.047545298576354980e+03
1.047592748880386353e+03
1.047643987178802490e+03
1.047691028594970703e+03
1.047753422975540161e+03
1.047805706262588501e+03
1.047879695892333984e+03
1.047918819904327393e+03
1.047971866369247437e+03
1.048023371696472168e+03
1.048084906816482544e+03
1.048135478258132935e+03
1.048200584173202515e+03
1.048251056909561157e+03
1.048312054634094238e+03
1.048360702991485596e+03
1.048420740365982056e+03
1.048467567443847656e+03
1.048531660795211792e+03
1.048583734035491943e+03
1.048646031379699707e+03
1.048696869373321533e+03
1.048757152080535889e+03
1.048806043386459351e+03
1.048867287635803223e+03
1.048915163993835449e+03
1.048981190443038940e+03
1.049029805183410645e+03
1.049092620849609375e+03
1.049141127824783325e+03
1.049209767580032349e+03
1.049256539583206177e+03
1.049315412044525146e+03
1.049362872600555420e+03
1.049430495500564575e+03
1.049477344036102295e+03
1.049525886535644531e+03
1.049588992834091187e+03
1.049636084079742432e+03
1.049699498891830444e+03
1.049747377634048462e+03
1.049813507318496704e+03
1.049863848686218262e+03
1.049925488948822021e+03
1.049976794719696045e+03
1.050035440444946289e+03
1.050082722902297974e+03
1.050147061109542847e+03
1.050195075035095215e+03
1.050259689807891846e+03
1.050307556152343750e+03
1.050372189998626709e+03
1.050420998096466064e+03
1.050482920885086060e+03
1.050530794382095337e+03
1.050596904993057251e+03
1.050647378683090210e+03
1.050709202527999878e+03
1.050761251688003540e+03
1.050820012331008911e+03
1.050866044759750366e+03
1.050938699245452881e+03
1.050984159469604492e+03
1.051045236825942993e+03
1.051091654300689697e+03
1.051154144525527954e+03
1.051204145193099976e+03
1.051268169164657593e+03
1.051314977884292603e+03
1.051380923748016357e+03
1.051427828788757324e+03
1.051493562936782837e+03
1.051542893409729004e+03
1.051604944229125977e+03
1.051658777236938477e+03
1.051717859029769897e+03
1.051766997098922729e+03
1.051831196546554565e+03
1.051889268636703491e+03
1.051950743675231934e+03
1.051996737718582153e+03
1.052056797981262207e+03
1.052106305837631226e+03
1.052170611858367920e+03
1.052219691991806030e+03
1.052280458211898804e+03
1.052329088687896729e+03
1.052392051696777344e+03
1.052441535472869873e+03
1.052504800796508789e+03
1.052555051803588867e+03
1.052612747669219971e+03
1.052665041446685791e+03
1.052729043960571289e+03
1.052780257463455200e+03
1.052843178749084473e+03
1.052892055034637451e+03
1.052950146198272705e+03
1.053003368377685547e+03
1.053066854476928711e+03
1.053117608785629272e+03
1.053178223848342896e+03
1.053226516008377075e+03
1.053286090135574341e+03
1.053340213775634766e+03
1.053400708436965942e+03
1.053450515270233154e+03
1.053512735366821289e+03
1.053563950061798096e+03
1.053611092567443848e+03
1.053677751064300537e+03
1.053726836919784546e+03
1.053784983396530151e+03
1.053838404655456543e+03
1.053898810386657715e+03
1.053947291612625122e+03
1.054007808446884155e+03
1.054058433771133423e+03
1.054122514724731445e+03
1.054173331499099731e+03
1.054233528137207031e+03
1.054284162521362305e+03
1.054343025684356689e+03
1.054395378112792969e+03
1.054454989194869995e+03
1.054504775285720825e+03
1.054568091630935669e+03
1.054616456031799316e+03
1.054677976369857788e+03
1.054731746435165405e+03
1.054793804168701172e+03
1.054844357252120972e+03
1.054904814004898071e+03
1.054955997228622437e+03
1.055013153314590454e+03
1.055066522359848022e+03
1.055129256248474121e+03
1.055177273273468018e+03
1.055239950656890869e+03
1.055290245771408081e+03
1.055351173400878906e+03
1.055407634019851685e+03
1.055467415571212769e+03
1.055520365238189697e+03
1.055579741716384888e+03
1.055625676870346069e+03
1.055685538053512573e+03
1.055738929033279419e+03
1.055797736167907715e+03
1.055851381063461304e+03
1.055910290956497192e+03
1.055964068174362183e+03
1.056025419712066650e+03
1.056074230194091797e+03
1.056135140895843506e+03
1.056186821699142456e+03
1.056245641708374023e+03
1.056299819469451904e+03
1.056367811441421509e+03
1.056413481235504150e+03
1.056472405910491943e+03
1.056523527622222900e+03
1.056591851711273193e+03
1.056638449430465698e+03
1.056698830127716064e+03
1.056748029947280884e+03
1.056810139894485474e+03
1.056860076904296875e+03
1.056920058250427246e+03
1.056971984148025513e+03
1.057035277366638184e+03
1.057092333078384399e+03
1.057151457786560059e+03
1.057201326370239258e+03
1.057263362646102905e+03
1.057313653230667114e+03
1.057371972322463989e+03
1.057420332431793213e+03
1.057483626127243042e+03
1.057533227920532227e+03
1.057597403287887573e+03
1.057652098894119263e+03
1.057698415517807007e+03
1.057748409032821655e+03
1.057798759460449219e+03
1.057862735033035278e+03
1.057912995576858521e+03
1.057972250938415527e+03
1.058023669242858887e+03
1.058084971189498901e+03
1.058132822275161743e+03
1.058194934844970703e+03
1.058243364810943604e+03
1.058311904668807983e+03
1.058360236644744873e+03
1.058421723365783691e+03
1.058467335700988770e+03
1.058530689716339111e+03
1.058580012083053589e+03
1.058645173311233521e+03
1.058691803455352783e+03
1.058759513139724731e+03
1.058806396961212158e+03
1.058867341518402100e+03
1.058915391683578491e+03
1.058978749275207520e+03
1.059027301311492920e+03
1.059092205047607422e+03
1.059139302730560303e+03
1.059204156160354614e+03
1.059250269651412964e+03
1.059316210746765137e+03
1.059366406679153442e+03
1.059430119037628174e+03
1.059477670431137085e+03
1.059541181325912476e+03
1.059586866617202759e+03
1.059650741338729858e+03
1.059697957992553711e+03
1.059763959646224976e+03
1.059809971332550049e+03
1.059875400543212891e+03
1.059923777580261230e+03
1.059993039608001709e+03
1.060037897109985352e+03
1.060100351095199585e+03
1.060147403717041016e+03
1.060211967706680298e+03
1.060259489297866821e+03
1.060327586412429810e+03
1.060376796722412109e+03
1.060443505764007568e+03
1.060492999553680420e+03
1.060547865152359009e+03
1.060595110893249512e+03
1.060659847974777222e+03
1.060707763910293579e+03
1.060770635366439819e+03
1.060821334838867188e+03
1.060932219028472900e+03
1.061043692827224731e+03
1.061108625411987305e+03
1.061332778215408325e+03
1.061380125999450684e+03
1.061443018436431885e+03
1.061494234323501587e+03
1.061717540502548218e+03
1.061780572414398193e+03
1.061829449653625488e+03
1.061877578020095825e+03
1.061939656257629395e+03
1.061987206935882568e+03
1.062051091194152832e+03
1.062103823900222778e+03
1.062166325569152832e+03
1.062218309640884399e+03
1.062275547981262207e+03
1.062324114322662354e+03
1.062388759374618530e+03
1.062435444593429565e+03
1.062505057096481323e+03
1.062553976774215698e+03
1.062616889953613281e+03
1.062669905900955200e+03
1.062726570844650269e+03
1.062775718688964844e+03
1.062838010311126709e+03
1.062891341209411621e+03
1.062951151371002197e+03
1.062999938249588013e+03
1.063059842109680176e+03
1.063117764234542847e+03
1.063178822755813599e+03
1.063228747367858887e+03
1.063284923791885376e+03
1.063336014270782471e+03
1.063396861553192139e+03
1.063447819709777832e+03
1.063513186693191528e+03
1.063564084768295288e+03
1.063628448486328125e+03
1.063681580305099487e+03
1.063735145807266235e+03
1.063781928539276123e+03
1.063842793941497803e+03
1.063891136646270752e+03
1.063955941438674927e+03
1.064004022121429443e+03
1.064066791534423828e+03
1.064113367557525635e+03
1.064178152561187744e+03
1.064230060815811157e+03
1.064293149232864380e+03
1.064341812372207642e+03
1.064402914762496948e+03
1.064451736688613892e+03
1.064522012233734131e+03
1.064565973758697510e+03
1.064628118276596069e+03
1.064675286293029785e+03
1.064740281820297241e+03
1.064786869049072266e+03
1.064852412223815918e+03
1.064901558876037598e+03
1.064965139150619507e+03
1.065013776779174805e+03
1.065074463129043579e+03
1.065126794099807739e+03
1.065188195228576660e+03
1.065235205411911011e+03
1.065299916028976440e+03
1.065347039699554443e+03
1.065411616802215576e+03
1.065459987401962280e+03
1.065527146577835083e+03
1.065581079244613647e+03
1.065637880325317383e+03
1.065690575599670410e+03
1.065753167152404785e+03
1.065803873538970947e+03
1.065865988969802856e+03
1.065915111780166626e+03
1.065963180303573608e+03
1.066026250600814819e+03
1.066077364444732666e+03
1.066133494853973389e+03
1.066187270402908325e+03
1.066251566648483276e+03
1.066299107313156128e+03
1.066361487627029419e+03
1.066411957025527954e+03
1.066474815130233765e+03
1.066525985240936279e+03
1.066585835218429565e+03
1.066637252330780029e+03
1.066701181173324585e+03
1.066750127553939819e+03
1.066811907768249512e+03
1.066861032247543335e+03
1.066922405242919922e+03
1.066974177837371826e+03
1.067035382986068726e+03
1.067084976196289062e+03
1.067145562887191772e+03
1.067196871042251587e+03
1.067258250951766968e+03
1.067309281110763550e+03
1.067369199037551880e+03
1.067422171115875244e+03
1.067482806205749512e+03
1.067533346891403198e+03
1.067595734834671021e+03
1.067643800973892212e+03
1.067708914995193481e+03
1.067761755704879761e+03
1.067820819139480591e+03
1.067870145320892334e+03
1.067931205511093140e+03
1.067977883100509644e+03
1.068038120269775391e+03
1.068091975688934326e+03
1.068154941082000732e+03
1.068202279806137085e+03
1.068272805452346802e+03
1.068320183515548706e+03
1.068381990432739258e+03
1.068431233644485474e+03
1.068492187738418579e+03
1.068541460514068604e+03
1.068600853443145752e+03
1.068655174016952515e+03
1.068715584993362427e+03
1.068768059015274048e+03
1.068828660964965820e+03
1.068877714157104492e+03
1.068943292856216431e+03
1.068993604421615601e+03
1.069047996520996094e+03
1.069097299337387085e+03
1.069158188343048096e+03
1.069214113473892212e+03
1.069270422220230103e+03
1.069320857524871826e+03
1.069383013725280762e+03
1.069436497449874878e+03
1.069496525526046753e+03
1.069547328472137451e+03
1.069606932163238525e+03
1.069662936687469482e+03
1.069720305204391479e+03
1.069770000696182251e+03
1.069828981399536133e+03
1.069880785942077637e+03
1.069943600177764893e+03
1.069993883848190308e+03
1.070043092966079712e+03
1.070102770566940308e+03
1.070155216932296753e+03
1.070214908599853516e+03
1.070268735408782959e+03
1.070327814340591431e+03
1.070380330801010132e+03
1.070438254833221436e+03
1.070487534046173096e+03
1.070550881624221802e+03
1.070602174997329712e+03
1.070663461208343506e+03
1.070715938806533813e+03
1.070773706674575806e+03
1.070827425718307495e+03
1.070885406970977783e+03
1.070932602405548096e+03
1.070997374534606934e+03
1.071045769929885864e+03
1.071109568834304810e+03
1.071158243894577026e+03
1.071220630407333374e+03
1.071268965005874634e+03
1.071332479953765869e+03
1.071389340400695801e+03
1.071443410158157349e+03
1.071493417263031006e+03
1.071558618545532227e+03
1.071606969118118286e+03
1.071668264627456665e+03
1.071719112396240234e+03
1.071779680728912354e+03
1.071828640222549438e+03
1.071895251989364624e+03
1.071949160814285278e+03
1.072006285667419434e+03
1.072051868677139282e+03
1.072121034622192383e+03
1.072172411918640137e+03
1.072232695579528809e+03
1.072280095577239990e+03
1.072339395761489868e+03
1.072395386457443237e+03
1.072452714443206787e+03
1.072503988981246948e+03
1.072567925453186035e+03
1.072619646072387695e+03
1.072675397872924805e+03
1.072726485490798950e+03
1.072787429809570312e+03
1.072839033603668213e+03
1.072899882555007935e+03
1.072954512834548950e+03
1.073015137672424316e+03
1.073065286874771118e+03
1.073129513025283813e+03
1.073174887418746948e+03
1.073237291812896729e+03
1.073287604093551636e+03
1.073353952407836914e+03
1.073403643131256104e+03
1.073460761785507202e+03
1.073510377407073975e+03
1.073572679042816162e+03
1.073621472597122192e+03
1.073685461044311523e+03
1.073732777595520020e+03
1.073798543691635132e+03
1.073851131200790405e+03
1.073912221431732178e+03
1.073963500976562500e+03
1.074025820970535278e+03
1.074077027797698975e+03
1.074123757600784302e+03
1.074187002658843994e+03
1.074238683223724365e+03
1.074300380229949951e+03
1.074347136020660400e+03
1.074413254499435425e+03
1.074465353012084961e+03
1.074534973382949829e+03
1.074577636957168579e+03
1.074640580415725708e+03
1.074688797473907471e+03
1.074753372669219971e+03
1.074802674770355225e+03
1.074861175537109375e+03
1.074910940170288086e+03
1.074973233461380005e+03
1.075023940563201904e+03
1.075080138206481934e+03
1.075132395744323730e+03
1.075197543621063232e+03
1.075243255853652954e+03
1.075310119152069092e+03
1.075357823848724365e+03
1.075418529272079468e+03
1.075469018697738647e+03
1.075529010772705078e+03
1.075583765029907227e+03
1.075643869161605835e+03
1.075693411350250244e+03
1.075754090070724487e+03
1.075807734012603760e+03
1.075869542121887207e+03
1.075918938159942627e+03
1.075979301691055298e+03
1.076030859231948853e+03
1.076089287757873535e+03
1.076145078897476196e+03
1.076207450866699219e+03
1.076252500295639038e+03
1.076311049938201904e+03
1.076366053581237793e+03
1.076429173946380615e+03
1.076483383417129517e+03
1.076546204090118408e+03
1.076596353292465210e+03
1.076654884099960327e+03
1.076708806037902832e+03
1.076772038459777832e+03
1.076821244716644287e+03
1.076885081529617310e+03
1.076930537462234497e+03
1.076990933656692505e+03
1.077042133569717407e+03
1.077100189447402954e+03
1.077148151636123657e+03
1.077210315465927124e+03
1.077261582851409912e+03
1.077326707839965820e+03
1.077375545740127563e+03
1.077437266826629639e+03
1.077483182191848755e+03
1.077539212942123413e+03
1.077587896823883057e+03
1.077652806758880615e+03
1.077702146530151367e+03
1.077768449068069458e+03
1.077813396930694580e+03
1.077874068975448608e+03
1.077923005104064941e+03
1.077987824916839600e+03
1.078034891843795776e+03
1.078099433422088623e+03
1.078159142494201660e+03
1.078216066360473633e+03
1.078263771533966064e+03
1.078309392929077148e+03
1.078371033430099487e+03
1.078419545888900757e+03
1.078485346555709839e+03
1.078536118745803833e+03
1.078597301006317139e+03
1.078646346092224121e+03
1.078706824541091919e+03
1.078757283210754395e+03
1.078818024158477783e+03
1.078873465538024902e+03
1.078934066534042358e+03
1.078985914945602417e+03
1.079044096231460571e+03
1.079091668367385864e+03
1.079153505802154541e+03
1.079203055858612061e+03
1.079267743110656738e+03
1.079314734935760498e+03
1.079379901647567749e+03
1.079432277202606201e+03
1.079493152141571045e+03
1.079547414064407349e+03
1.079605452060699463e+03
1.079654122829437256e+03
1.079722906589508057e+03
1.079769819498062134e+03
1.079829211473464966e+03
1.079878143787384033e+03
1.079940161228179932e+03
1.079991020917892456e+03
1.080053455352783203e+03
1.080103340148925781e+03
1.080168025493621826e+03
1.080217308282852173e+03
1.080277210474014282e+03
1.080324018001556396e+03
1.080387635231018066e+03
1.080434576988220215e+03
1.080501734733581543e+03
1.080549930095672607e+03
1.080610795974731445e+03
1.080660266876220703e+03
1.080723033905029297e+03
1.080770945310592651e+03
1.080835414409637451e+03
1.080884053707122803e+03
1.080949620723724365e+03
1.080998128890991211e+03
1.081061122179031372e+03
1.081111633300781250e+03
1.081169894218444824e+03
1.081219927787780762e+03
1.081283147335052490e+03
1.081330996036529541e+03
1.081395409584045410e+03
1.081443849325180054e+03
1.081508857965469360e+03
1.081556163311004639e+03
1.081620067119598389e+03
1.081668780088424683e+03
1.081731893777847290e+03
1.081780712127685547e+03
1.081843788385391235e+03
1.081893527984619141e+03
1.081957149267196655e+03
1.082005092144012451e+03
1.082067298173904419e+03
1.082115058898925781e+03
1.082178730964660645e+03
1.082226270437240601e+03
1.082291034698486328e+03
1.082339842081069946e+03
1.082387556791305542e+03
1.082450829505920410e+03
1.082500150680541992e+03
1.082567020654678345e+03
1.082612617015838623e+03
1.082673651933670044e+03
1.082725149631500244e+03
1.082787977933883667e+03
1.082836064100265503e+03
1.082900779247283936e+03
1.082947746753692627e+03
1.083012079477310181e+03
1.083062831401824951e+03
1.083125752449035645e+03
1.083175957679748535e+03
1.083235314130783081e+03
1.083287900686264038e+03
1.083350090503692627e+03
1.083400438547134399e+03
1.083461011648178101e+03
1.083513853311538696e+03
1.083573302268981934e+03
1.083624987602233887e+03
1.083686735391616821e+03
1.083737957477569580e+03
1.083797861099243164e+03
1.083849150657653809e+03
1.083909930467605591e+03
1.083959492206573486e+03
1.084021989822387695e+03
1.084072066545486450e+03
1.084132586240768433e+03
1.084178789377212524e+03
1.084243782758712769e+03
1.084292058467864990e+03
1.084355488777160645e+03
1.084404964923858643e+03
1.084477796316146851e+03
1.084522784709930420e+03
1.084580153226852417e+03
1.084626873970031738e+03
1.084691601037979126e+03
1.084739129066467285e+03
1.084802510976791382e+03
1.084852248668670654e+03
1.084915094137191772e+03
1.084965033531188965e+03
1.085032237291336060e+03
1.085084937572479248e+03
1.085139918565750122e+03
1.085191657304763794e+03
1.085252947092056274e+03
1.085305100440979004e+03
1.085365008831024170e+03
1.085414798021316528e+03
1.085477158784866333e+03
1.085527231454849243e+03
1.085589154481887817e+03
1.085637571811676025e+03
1.085699754714965820e+03
1.085750812768936157e+03
1.085813308238983154e+03
1.085861216306686401e+03
1.085927188634872437e+03
1.085972068309783936e+03
1.086035294532775879e+03
1.086083323955535889e+03
1.086146631956100464e+03
1.086196679830551147e+03
1.086259665966033936e+03
1.086307645559310913e+03
1.086371045112609863e+03
1.086419260978698730e+03
1.086467427253723145e+03
1.086530732393264771e+03
1.086581860303878784e+03
1.086642364263534546e+03
1.086760076045989990e+03
1.086807248830795288e+03
1.086867142915725708e+03
1.086918510437011719e+03
1.086989712238311768e+03
1.087033024311065674e+03
1.087090833663940430e+03
1.087139097690582275e+03
1.087202967643737793e+03
1.087251456022262573e+03
1.087314904689788818e+03
1.087365083932876587e+03
1.087425950765609741e+03
1.087474817752838135e+03
1.087539747714996338e+03
1.087587230920791626e+03
1.087651564359664917e+03
1.087700000762939453e+03
1.087766371726989746e+03
1.087813655853271484e+03
1.087875030755996704e+03
1.087927419662475586e+03
1.087986327409744263e+03
1.088034967422485352e+03
1.088101102590560913e+03
1.088156266212463379e+03
1.088212283611297607e+03
1.088262632846832275e+03
1.088321905374526978e+03
1.088435651779174805e+03
1.088549447298049927e+03
1.088597392082214355e+03
1.088661967515945435e+03
1.088708140373229980e+03
1.088772256851196289e+03
1.088820665121078491e+03
1.088883750438690186e+03
1.088930820226669312e+03
1.088996780633926392e+03
1.089042238235473633e+03
1.089108056545257568e+03
1.089161116123199463e+03
1.089222515344619751e+03
1.089268177032470703e+03
1.089331881999969482e+03
1.089383996248245239e+03
1.089445586442947388e+03
1.089495498895645142e+03
1.089557608842849731e+03
1.089605733633041382e+03
1.089670282602310181e+03
1.089719915151596069e+03
1.089778766870498657e+03
1.089827073812484741e+03
1.089895065069198608e+03
1.089945125818252563e+03
1.090005252838134766e+03
1.090053910493850708e+03
1.090121299505233765e+03
1.090173245191574097e+03
1.090229358673095703e+03
1.090278316736221313e+03
1.090340910911560059e+03
1.090391787290573120e+03
1.090453463077545166e+03
1.090506818294525146e+03
1.090549804210662842e+03
1.090613081932067871e+03
1.090661948204040527e+03
1.090726567745208740e+03
1.090779767751693726e+03
1.090842783689498901e+03
1.090891959428787231e+03
1.090948040962219238e+03
1.090999364376068115e+03
1.091061217069625854e+03
1.091110617160797119e+03
1.091175007820129395e+03
1.091225925922393799e+03
1.091285037517547607e+03
1.091334906816482544e+03
1.091395833015441895e+03
1.091444085121154785e+03
1.091508445978164673e+03
1.091556406497955322e+03
1.091625077009201050e+03
1.091675102472305298e+03
1.091733744144439697e+03
1.091781960964202881e+03
1.091843324184417725e+03
1.091893270730972290e+03
1.091957873344421387e+03
1.092009152412414551e+03
1.092066701173782349e+03
1.092115115165710449e+03
1.092178749322891235e+03
1.092231144666671753e+03
1.092294784545898438e+03
1.092343092679977417e+03
1.092402887821197510e+03
1.092452243804931641e+03
1.092517017126083374e+03
1.092566746950149536e+03
1.092630056381225586e+03
1.092676811218261719e+03
1.092739434480667114e+03
1.092787952423095703e+03
1.092854829549789429e+03
1.092905362129211426e+03
1.092965328454971313e+03
1.093016987085342407e+03
1.093077010869979858e+03
1.093127261638641357e+03
1.093194747447967529e+03
1.093238195419311523e+03
1.093299936294555664e+03
1.093353079080581665e+03
1.093413589239120483e+03
1.093463072299957275e+03
1.093522122621536255e+03
1.093570521116256714e+03
1.093638234853744507e+03
1.093691629171371460e+03
1.093752260923385620e+03
1.093801154136657715e+03
1.093867038965225220e+03
1.093921962499618530e+03
1.093973752975463867e+03
1.094022869110107422e+03
1.094083793640136719e+03
1.094132347583770752e+03
1.094195829868316650e+03
1.094246115207672119e+03
1.094307751178741455e+03
1.094357554912567139e+03
1.094422558069229126e+03
1.094468895673751831e+03
1.094530953884124756e+03
1.094582044363021851e+03
1.094644162654876709e+03
1.094695441007614136e+03
1.094741356611251831e+03
1.094811895608901978e+03
1.094862166881561279e+03
1.094917194604873657e+03
1.094963708162307739e+03
1.095026545286178589e+03
1.095076013803482056e+03
1.095142233848571777e+03
1.095190339088439941e+03
1.095250262498855591e+03
1.095300265073776245e+03
1.095363664865493774e+03
1.095411410331726074e+03
1.095475321054458618e+03
1.095525062799453735e+03
1.095588883399963379e+03
1.095645281076431274e+03
1.095704928874969482e+03
1.095753475666046143e+03
1.095810490846633911e+03
1.095859586715698242e+03
1.095924571752548218e+03
1.095972998142242432e+03
1.096035105228424072e+03
1.096082171440124512e+03
1.096147037744522095e+03
1.096198635101318359e+03
1.096260928392410278e+03
1.096311353921890259e+03
1.096372665166854858e+03
1.096425185680389404e+03
1.096486047029495239e+03
1.096535236358642578e+03
1.096596655845642090e+03
1.096648347616195679e+03
1.096708981037139893e+03
1.096757630109786987e+03
1.096822182178497314e+03
1.096870901107788086e+03
1.096935016632080078e+03
1.096982136011123657e+03
1.097042932510375977e+03
1.097091074228286743e+03
1.097153602361679077e+03
1.097204013109207153e+03
1.097267438650131226e+03
1.097318374633789062e+03
1.097379985094070435e+03
1.097429665088653564e+03
1.097492660522460938e+03
1.097539112091064453e+03
1.097602245330810547e+03
1.097652196645736694e+03
1.097715381860733032e+03
1.097762855291366577e+03
1.097827622652053833e+03
1.097879588127136230e+03
1.097939138889312744e+03
1.097987235307693481e+03
1.098050724983215332e+03
1.098098946094512939e+03
1.098168171405792236e+03
1.098215532541275024e+03
1.098275262832641602e+03
1.098326822042465210e+03
1.098386306285858154e+03
1.098437021493911743e+03
1.098500078439712524e+03
1.098550106525421143e+03
1.098615658521652222e+03
1.098663663387298584e+03
1.098723264455795288e+03
1.098772818565368652e+03
1.098819012880325317e+03
1.098882850646972656e+03
1.098931768894195557e+03
1.098998483896255493e+03
1.099045626878738403e+03
1.099108886480331421e+03
1.099159293651580811e+03
1.099219150066375732e+03
1.099268734931945801e+03
1.099331085443496704e+03
1.099380028247833252e+03
1.099442855119705200e+03
1.099490922451019287e+03
1.099556821823120117e+03
1.099603626728057861e+03
1.099670378446578979e+03
1.099717185974121094e+03
1.099780766725540161e+03
1.099827893018722534e+03
1.099891012907028198e+03
1.099937802553176880e+03
1.100004065990447998e+03
1.100051962852478027e+03
1.100114071369171143e+03
1.100162599325180054e+03
1.100230086803436279e+03
1.100275749206542969e+03
1.100341609954833984e+03
1.100389594554901123e+03
1.100451694011688232e+03
1.100502887248992920e+03
1.100563066720962524e+03
1.100612984895706177e+03
1.100675509214401245e+03
1.100723583459854126e+03
1.100786587953567505e+03
1.100834936618804932e+03
1.100899528264999390e+03
1.100946408033370972e+03
1.101012495994567871e+03
1.101060763359069824e+03
1.101123997449874878e+03
1.101174027204513550e+03
1.101235898256301880e+03
1.101290007829666138e+03
1.101352206945419312e+03
1.101398811578750610e+03
1.101458703994750977e+03
1.101506960630416870e+03
1.101570702791213989e+03
1.101621450424194336e+03
1.101682393074035645e+03
1.101731843471527100e+03
1.101800205945968628e+03
1.101848500967025757e+03
1.101908559322357178e+03
1.101959348678588867e+03
1.102019867658615112e+03
1.102070713043212891e+03
1.102132726192474365e+03
1.102182687759399414e+03
1.102247078657150269e+03
1.102300642967224121e+03
1.102359685420989990e+03
1.102407882452011108e+03
1.102471893787384033e+03
1.102519867897033691e+03
1.102588019132614136e+03
1.102632895708084106e+03
1.102695107221603394e+03
1.102743245840072632e+03
1.102806168079376221e+03
1.102857740163803101e+03
1.102907116174697876e+03
1.102963742971420288e+03
1.103011831760406494e+03
1.103073291063308716e+03
1.103122287511825562e+03
1.103187431812286377e+03
1.103235460758209229e+03
1.103299489259719849e+03
1.103346756219863892e+03
1.103412140846252441e+03
1.103459506273269653e+03
1.103523551940917969e+03
1.103575170993804932e+03
1.103634965658187866e+03
1.103683751821517944e+03
1.103746927499771118e+03
1.103795161008834839e+03
1.103858626127243042e+03
1.103907478809356689e+03
1.103970759153366089e+03
1.104019900798797607e+03
1.104083802938461304e+03
1.104131565570831299e+03
1.104195492506027222e+03
1.104245108366012573e+03
1.104307147741317749e+03
1.104355961799621582e+03
1.104421580314636230e+03
1.104468599081039429e+03
1.104531600952148438e+03
1.104579127788543701e+03
1.104642161130905151e+03
1.104692838430404663e+03
1.104755767107009888e+03
1.104803021907806396e+03
1.104867837905883789e+03
1.104915198564529419e+03
1.104977841138839722e+03
1.105027803421020508e+03
1.105092504024505615e+03
1.105140848875045776e+03
1.105203202009201050e+03
1.105255281209945679e+03
1.105317325115203857e+03
1.105366652965545654e+03
1.105430950403213501e+03
1.105478413820266724e+03
1.105538617134094238e+03
1.105587947368621826e+03
1.105650788784027100e+03
1.105700537681579590e+03
1.105764249801635742e+03
1.105811101198196411e+03
1.105875070571899414e+03
1.105923298358917236e+03
1.105987791538238525e+03
1.106035121202468872e+03
1.106098996400833130e+03
1.106147007703781128e+03
1.106212709903717041e+03
1.106260050058364868e+03
1.106322330951690674e+03
1.106371771335601807e+03
1.106437026500701904e+03
1.106488195657730103e+03
1.106548803806304932e+03
1.106599129199981689e+03
1.106668279409408569e+03
1.106718429565429688e+03
1.106772992372512817e+03
1.106827010869979858e+03
1.106885884046554565e+03
1.106936158657073975e+03
1.106983006954193115e+03
1.107045028924942017e+03
1.107093723773956299e+03
1.107156900882720947e+03
1.107207387447357178e+03
1.107270741701126099e+03
1.107320700883865356e+03
1.107384079933166504e+03
1.107436390638351440e+03
1.107493637323379517e+03
1.107545633316040039e+03
1.107606713056564331e+03
1.107719894886016846e+03
1.107776989698410034e+03
1.107832366466522217e+03
1.107880240917205811e+03
1.107941393375396729e+03
1.107992107629776001e+03
1.108053208589553833e+03
1.108103814601898193e+03
1.108168905258178711e+03
1.108214937686920166e+03
1.108275554895401001e+03
1.108322750091552734e+03
1.108387246608734131e+03
1.108436372280120850e+03
1.108499420166015625e+03
1.108547488212585449e+03
1.108611730098724365e+03
1.108658760309219360e+03
1.108722965240478516e+03
1.108775144338607788e+03
1.108841793298721313e+03
1.108886960029602051e+03
1.108946985960006714e+03
1.108995449304580688e+03
1.109058846473693848e+03
1.109108530759811401e+03
1.109172484874725342e+03
1.109222107410430908e+03
1.109284120321273804e+03
1.109331524848937988e+03
1.109395182847976685e+03
1.109442965507507324e+03
1.109509214401245117e+03
1.109559633016586304e+03
1.109620691061019897e+03
1.109670879364013672e+03
1.109730643272399902e+03
1.109778726577758789e+03
1.109843072891235352e+03
1.109890922784805298e+03
1.109955302000045776e+03
1.110002544879913330e+03
1.110066368341445923e+03
1.110116698741912842e+03
1.110181133031845093e+03
1.110231277942657471e+03
1.110290891885757446e+03
1.110340882062911987e+03
1.110403063297271729e+03
1.110450955390930176e+03
1.110518527746200562e+03
1.110566944599151611e+03
1.110627408981323242e+03
1.110674881219863892e+03
1.110738387584686279e+03
1.110789044618606567e+03
1.110853437662124634e+03
1.110901244878768921e+03
1.110963626623153687e+03
1.111011783123016357e+03
1.111076359272003174e+03
1.111123004198074341e+03
1.111171787261962891e+03
1.111235244512557983e+03
1.111283117771148682e+03
1.111347131252288818e+03
1.111398070573806763e+03
1.111458548545837402e+03
1.111507923603057861e+03
1.111686282873153687e+03
1.111735365867614746e+03
1.111795137643814087e+03
1.111843717336654663e+03
1.111907558679580688e+03
1.111955322265625000e+03
1.112019488096237183e+03
1.112067935466766357e+03
1.112131574630737305e+03
1.112178727388381958e+03
1.112244890451431274e+03
1.112291425466537476e+03
1.112355207920074463e+03
1.112411101341247559e+03
1.112471022129058838e+03
1.112520129203796387e+03
1.112580871820449829e+03
1.112629582166671753e+03
1.112690751791000366e+03
1.112738405704498291e+03
1.112804092645645142e+03
1.112851175308227539e+03
1.112921442508697510e+03
1.112971222639083862e+03
1.113030731201171875e+03
1.113077949523925781e+03
1.113140057563781738e+03
1.113188533544540405e+03
1.113254052400588989e+03
1.113302009105682373e+03
1.113365175008773804e+03
1.113422304868698120e+03
1.113482311487197876e+03
1.113528380870819092e+03
1.113590902328491211e+03
1.113641726255416870e+03
1.113702049732208252e+03
1.113749951601028442e+03
1.113811859607696533e+03
1.113859519481658936e+03
1.113923516750335693e+03
1.113973021507263184e+03
1.114036738395690918e+03
1.114086604356765747e+03
1.114147492647171021e+03
1.114195521593093872e+03
1.114257879495620728e+03
1.114306488513946533e+03
1.114372030735015869e+03
1.114418419122695923e+03
1.114483687877655029e+03
1.114533959150314331e+03
1.114598663568496704e+03
1.114643496036529541e+03
1.114706966638565063e+03
1.114754914999008179e+03
1.114819707870483398e+03
1.114866817712783813e+03
1.114931414604187012e+03
1.114979736089706421e+03
1.115050493001937866e+03
1.115096374750137329e+03
1.115156764745712280e+03
1.115203025817871094e+03
1.115251120328903198e+03
1.115314916372299194e+03
1.115362986803054810e+03
1.115426920890808105e+03
1.115479377031326294e+03
1.115539783716201782e+03
1.115587997198104858e+03
1.115652394056320190e+03
1.115700789690017700e+03
1.115765117406845093e+03
1.115812729835510254e+03
1.115874248266220093e+03
1.115922567367553711e+03
1.115987471580505371e+03
1.116035013914108276e+03
1.116099740505218506e+03
1.116146970748901367e+03
1.116211072206497192e+03
1.116260013818740845e+03
1.116323084831237793e+03
1.116370983123779297e+03
1.116435633659362793e+03
1.116482827663421631e+03
1.116548893928527832e+03
1.116595915317535400e+03
1.116659610033035278e+03
1.116707740306854248e+03
1.116770103693008423e+03
1.116819311618804932e+03
1.116885285377502441e+03
1.116931325912475586e+03
1.116996211051940918e+03
1.117043795347213745e+03
1.117106798171997070e+03
1.117155622005462646e+03
1.117219603061676025e+03
1.117266163349151611e+03
1.117332397937774658e+03
1.117379353523254395e+03
1.117446547985076904e+03
1.117495876789093018e+03
1.117556909322738647e+03
1.117603187322616577e+03
1.117667705059051514e+03
1.117721129417419434e+03
1.117780297517776489e+03
1.117830441951751709e+03
1.117893311738967896e+03
1.117940196037292480e+03
